-- MySQL dump 10.13  Distrib 8.0.43, for Linux (x86_64)
--
-- Host: localhost    Database: sstsuite_db
-- ------------------------------------------------------
-- Server version	8.0.43-0ubuntu0.24.04.1

/*!40101 SET @OLD_CHARACTER_SET_CLIENT=@@CHARACTER_SET_CLIENT */;
/*!40101 SET @OLD_CHARACTER_SET_RESULTS=@@CHARACTER_SET_RESULTS */;
/*!40101 SET @OLD_COLLATION_CONNECTION=@@COLLATION_CONNECTION */;
/*!50503 SET NAMES utf8mb4 */;
/*!40103 SET @OLD_TIME_ZONE=@@TIME_ZONE */;
/*!40103 SET TIME_ZONE='+00:00' */;
/*!40014 SET @OLD_UNIQUE_CHECKS=@@UNIQUE_CHECKS, UNIQUE_CHECKS=0 */;
/*!40014 SET @OLD_FOREIGN_KEY_CHECKS=@@FOREIGN_KEY_CHECKS, FOREIGN_KEY_CHECKS=0 */;
/*!40101 SET @OLD_SQL_MODE=@@SQL_MODE, SQL_MODE='NO_AUTO_VALUE_ON_ZERO' */;
/*!40111 SET @OLD_SQL_NOTES=@@SQL_NOTES, SQL_NOTES=0 */;

--
-- Table structure for table `auth_group`
--

DROP TABLE IF EXISTS `auth_group`;
/*!40101 SET @saved_cs_client     = @@character_set_client */;
/*!50503 SET character_set_client = utf8mb4 */;
CREATE TABLE `auth_group` (
  `id` int NOT NULL AUTO_INCREMENT,
  `name` varchar(150) NOT NULL,
  PRIMARY KEY (`id`),
  UNIQUE KEY `name` (`name`)
) ENGINE=InnoDB DEFAULT CHARSET=utf8mb3;
/*!40101 SET character_set_client = @saved_cs_client */;

--
-- Dumping data for table `auth_group`
--

LOCK TABLES `auth_group` WRITE;
/*!40000 ALTER TABLE `auth_group` DISABLE KEYS */;
/*!40000 ALTER TABLE `auth_group` ENABLE KEYS */;
UNLOCK TABLES;

--
-- Table structure for table `auth_group_permissions`
--

DROP TABLE IF EXISTS `auth_group_permissions`;
/*!40101 SET @saved_cs_client     = @@character_set_client */;
/*!50503 SET character_set_client = utf8mb4 */;
CREATE TABLE `auth_group_permissions` (
  `id` bigint NOT NULL AUTO_INCREMENT,
  `group_id` int NOT NULL,
  `permission_id` int NOT NULL,
  PRIMARY KEY (`id`),
  UNIQUE KEY `auth_group_permissions_group_id_permission_id_0cd325b0_uniq` (`group_id`,`permission_id`),
  KEY `auth_group_permissio_permission_id_84c5c92e_fk_auth_perm` (`permission_id`),
  CONSTRAINT `auth_group_permissio_permission_id_84c5c92e_fk_auth_perm` FOREIGN KEY (`permission_id`) REFERENCES `auth_permission` (`id`),
  CONSTRAINT `auth_group_permissions_group_id_b120cbf9_fk_auth_group_id` FOREIGN KEY (`group_id`) REFERENCES `auth_group` (`id`)
) ENGINE=InnoDB DEFAULT CHARSET=utf8mb3;
/*!40101 SET character_set_client = @saved_cs_client */;

--
-- Dumping data for table `auth_group_permissions`
--

LOCK TABLES `auth_group_permissions` WRITE;
/*!40000 ALTER TABLE `auth_group_permissions` DISABLE KEYS */;
/*!40000 ALTER TABLE `auth_group_permissions` ENABLE KEYS */;
UNLOCK TABLES;

--
-- Table structure for table `auth_permission`
--

DROP TABLE IF EXISTS `auth_permission`;
/*!40101 SET @saved_cs_client     = @@character_set_client */;
/*!50503 SET character_set_client = utf8mb4 */;
CREATE TABLE `auth_permission` (
  `id` int NOT NULL AUTO_INCREMENT,
  `name` varchar(255) NOT NULL,
  `content_type_id` int NOT NULL,
  `codename` varchar(100) NOT NULL,
  PRIMARY KEY (`id`),
  UNIQUE KEY `auth_permission_content_type_id_codename_01ab375a_uniq` (`content_type_id`,`codename`),
  CONSTRAINT `auth_permission_content_type_id_2f476e4b_fk_django_co` FOREIGN KEY (`content_type_id`) REFERENCES `django_content_type` (`id`)
) ENGINE=InnoDB AUTO_INCREMENT=197 DEFAULT CHARSET=utf8mb3;
/*!40101 SET character_set_client = @saved_cs_client */;

--
-- Dumping data for table `auth_permission`
--

LOCK TABLES `auth_permission` WRITE;
/*!40000 ALTER TABLE `auth_permission` DISABLE KEYS */;
INSERT INTO `auth_permission` VALUES (1,'Can add log entry',1,'add_logentry'),(2,'Can change log entry',1,'change_logentry'),(3,'Can delete log entry',1,'delete_logentry'),(4,'Can view log entry',1,'view_logentry'),(5,'Can add permission',2,'add_permission'),(6,'Can change permission',2,'change_permission'),(7,'Can delete permission',2,'delete_permission'),(8,'Can view permission',2,'view_permission'),(9,'Can add group',3,'add_group'),(10,'Can change group',3,'change_group'),(11,'Can delete group',3,'delete_group'),(12,'Can view group',3,'view_group'),(13,'Can add user',4,'add_user'),(14,'Can change user',4,'change_user'),(15,'Can delete user',4,'delete_user'),(16,'Can view user',4,'view_user'),(17,'Can add content type',5,'add_contenttype'),(18,'Can change content type',5,'change_contenttype'),(19,'Can delete content type',5,'delete_contenttype'),(20,'Can view content type',5,'view_contenttype'),(21,'Can add session',6,'add_session'),(22,'Can change session',6,'change_session'),(23,'Can delete session',6,'delete_session'),(24,'Can view session',6,'view_session'),(25,'Can add aep',7,'add_aep'),(26,'Can change aep',7,'change_aep'),(27,'Can delete aep',7,'delete_aep'),(28,'Can view aep',7,'view_aep'),(29,'Can add avaliacao',8,'add_avaliacao'),(30,'Can change avaliacao',8,'change_avaliacao'),(31,'Can delete avaliacao',8,'delete_avaliacao'),(32,'Can view avaliacao',8,'view_avaliacao'),(33,'Can add historico revisoes',9,'add_historicorevisoes'),(34,'Can change historico revisoes',9,'change_historicorevisoes'),(35,'Can delete historico revisoes',9,'delete_historicorevisoes'),(36,'Can view historico revisoes',9,'view_historicorevisoes'),(37,'Can add medida controle engenharia',10,'add_medidacontroleengenharia'),(38,'Can change medida controle engenharia',10,'change_medidacontroleengenharia'),(39,'Can delete medida controle engenharia',10,'delete_medidacontroleengenharia'),(40,'Can view medida controle engenharia',10,'view_medidacontroleengenharia'),(41,'Can add medida controle individual',11,'add_medidacontroleindividual'),(42,'Can change medida controle individual',11,'change_medidacontroleindividual'),(43,'Can delete medida controle individual',11,'delete_medidacontroleindividual'),(44,'Can view medida controle individual',11,'view_medidacontroleindividual'),(45,'Can add medida controle organizacional',12,'add_medidacontroleorganizacional'),(46,'Can change medida controle organizacional',12,'change_medidacontroleorganizacional'),(47,'Can delete medida controle organizacional',12,'delete_medidacontroleorganizacional'),(48,'Can view medida controle organizacional',12,'view_medidacontroleorganizacional'),(49,'Can add sugestao recomendacao',13,'add_sugestaorecomendacao'),(50,'Can change sugestao recomendacao',13,'change_sugestaorecomendacao'),(51,'Can delete sugestao recomendacao',13,'delete_sugestaorecomendacao'),(52,'Can view sugestao recomendacao',13,'view_sugestaorecomendacao'),(53,'Can add situacao risco',14,'add_situacaorisco'),(54,'Can change situacao risco',14,'change_situacaorisco'),(55,'Can delete situacao risco',14,'delete_situacaorisco'),(56,'Can view situacao risco',14,'view_situacaorisco'),(57,'Can add tipo ambiente',15,'add_tipoambiente'),(58,'Can change tipo ambiente',15,'change_tipoambiente'),(59,'Can delete tipo ambiente',15,'delete_tipoambiente'),(60,'Can view tipo ambiente',15,'view_tipoambiente'),(61,'Can add avaliacao',16,'add_avaliacao'),(62,'Can change avaliacao',16,'change_avaliacao'),(63,'Can delete avaliacao',16,'delete_avaliacao'),(64,'Can view avaliacao',16,'view_avaliacao'),(65,'Can add descricao',17,'add_descricao'),(66,'Can change descricao',17,'change_descricao'),(67,'Can delete descricao',17,'delete_descricao'),(68,'Can view descricao',17,'view_descricao'),(69,'Can add inconsistencias',18,'add_inconsistencias'),(70,'Can change inconsistencias',18,'change_inconsistencias'),(71,'Can delete inconsistencias',18,'delete_inconsistencias'),(72,'Can view inconsistencias',18,'view_inconsistencias'),(73,'Can add posto',19,'add_posto'),(74,'Can change posto',19,'change_posto'),(75,'Can delete posto',19,'delete_posto'),(76,'Can view posto',19,'view_posto'),(77,'Can add relatorio luminancia',20,'add_relatorioluminancia'),(78,'Can change relatorio luminancia',20,'change_relatorioluminancia'),(79,'Can delete relatorio luminancia',20,'delete_relatorioluminancia'),(80,'Can view relatorio luminancia',20,'view_relatorioluminancia'),(81,'Can add ambiente',21,'add_ambiente'),(82,'Can change ambiente',21,'change_ambiente'),(83,'Can delete ambiente',21,'delete_ambiente'),(84,'Can view ambiente',21,'view_ambiente'),(85,'Can add historico revisoes',22,'add_historicorevisoes'),(86,'Can change historico revisoes',22,'change_historicorevisoes'),(87,'Can delete historico revisoes',22,'delete_historicorevisoes'),(88,'Can view historico revisoes',22,'view_historicorevisoes'),(89,'Can add perfil relacionado',23,'add_perfilrelacionado'),(90,'Can change perfil relacionado',23,'change_perfilrelacionado'),(91,'Can delete perfil relacionado',23,'delete_perfilrelacionado'),(92,'Can view perfil relacionado',23,'view_perfilrelacionado'),(93,'Can add cliente',24,'add_cliente'),(94,'Can change cliente',24,'change_cliente'),(95,'Can delete cliente',24,'delete_cliente'),(96,'Can view cliente',24,'view_cliente'),(97,'Can add funcao',25,'add_funcao'),(98,'Can change funcao',25,'change_funcao'),(99,'Can delete funcao',25,'delete_funcao'),(100,'Can view funcao',25,'view_funcao'),(101,'Can add atividade',26,'add_atividade'),(102,'Can change atividade',26,'change_atividade'),(103,'Can delete atividade',26,'delete_atividade'),(104,'Can view atividade',26,'view_atividade'),(105,'Can add setor',27,'add_setor'),(106,'Can change setor',27,'change_setor'),(107,'Can delete setor',27,'delete_setor'),(108,'Can view setor',27,'view_setor'),(109,'Can add ambiente',28,'add_ambiente'),(110,'Can change ambiente',28,'change_ambiente'),(111,'Can delete ambiente',28,'delete_ambiente'),(112,'Can view ambiente',28,'view_ambiente'),(113,'Can add perfil',29,'add_perfil'),(114,'Can change perfil',29,'change_perfil'),(115,'Can delete perfil',29,'delete_perfil'),(116,'Can view perfil',29,'view_perfil'),(117,'Can add inquilino',30,'add_inquilino'),(118,'Can change inquilino',30,'change_inquilino'),(119,'Can delete inquilino',30,'delete_inquilino'),(120,'Can view inquilino',30,'view_inquilino'),(121,'Can add funcao',31,'add_funcao'),(122,'Can change funcao',31,'change_funcao'),(123,'Can delete funcao',31,'delete_funcao'),(124,'Can view funcao',31,'view_funcao'),(125,'Can add equipamento',32,'add_equipamento'),(126,'Can change equipamento',32,'change_equipamento'),(127,'Can delete equipamento',32,'delete_equipamento'),(128,'Can view equipamento',32,'view_equipamento'),(129,'Can add modulo',33,'add_modulo'),(130,'Can change modulo',33,'change_modulo'),(131,'Can delete modulo',33,'delete_modulo'),(132,'Can view modulo',33,'view_modulo'),(133,'Can add plano',34,'add_plano'),(134,'Can change plano',34,'change_plano'),(135,'Can delete plano',34,'delete_plano'),(136,'Can view plano',34,'view_plano'),(137,'Can add quantidade downloads',35,'add_quantidadedownloads'),(138,'Can change quantidade downloads',35,'change_quantidadedownloads'),(139,'Can delete quantidade downloads',35,'delete_quantidadedownloads'),(140,'Can view quantidade downloads',35,'view_quantidadedownloads'),(141,'Can add perfil relacionado',36,'add_perfilrelacionado'),(142,'Can change perfil relacionado',36,'change_perfilrelacionado'),(143,'Can delete perfil relacionado',36,'delete_perfilrelacionado'),(144,'Can view perfil relacionado',36,'view_perfilrelacionado'),(145,'Can add circunstancia risco ergonomico',37,'add_circunstanciariscoergonomico'),(146,'Can change circunstancia risco ergonomico',37,'change_circunstanciariscoergonomico'),(147,'Can delete circunstancia risco ergonomico',37,'delete_circunstanciariscoergonomico'),(148,'Can view circunstancia risco ergonomico',37,'view_circunstanciariscoergonomico'),(149,'Can add fonte risco ergonomico',38,'add_fonteriscoergonomico'),(150,'Can change fonte risco ergonomico',38,'change_fonteriscoergonomico'),(151,'Can delete fonte risco ergonomico',38,'delete_fonteriscoergonomico'),(152,'Can view fonte risco ergonomico',38,'view_fonteriscoergonomico'),(153,'Can add lesao agravo',39,'add_lesaoagravo'),(154,'Can change lesao agravo',39,'change_lesaoagravo'),(155,'Can delete lesao agravo',39,'delete_lesaoagravo'),(156,'Can view lesao agravo',39,'view_lesaoagravo'),(157,'Can add contato',40,'add_contato'),(158,'Can change contato',40,'change_contato'),(159,'Can delete contato',40,'delete_contato'),(160,'Can view contato',40,'view_contato'),(161,'Can add dados contrato',41,'add_dadoscontrato'),(162,'Can change dados contrato',41,'change_dadoscontrato'),(163,'Can delete dados contrato',41,'delete_dadoscontrato'),(164,'Can view dados contrato',41,'view_dadoscontrato'),(165,'Can add produto',42,'add_produto'),(166,'Can change produto',42,'change_produto'),(167,'Can delete produto',42,'delete_produto'),(168,'Can view produto',42,'view_produto'),(169,'Can add colaborador',43,'add_colaborador'),(170,'Can change colaborador',43,'change_colaborador'),(171,'Can delete colaborador',43,'delete_colaborador'),(172,'Can view colaborador',43,'view_colaborador'),(173,'Can add colaborador',44,'add_colaborador'),(174,'Can change colaborador',44,'change_colaborador'),(175,'Can delete colaborador',44,'delete_colaborador'),(176,'Can view colaborador',44,'view_colaborador'),(177,'Can add Uso Mensal',45,'add_usomensal'),(178,'Can change Uso Mensal',45,'change_usomensal'),(179,'Can delete Uso Mensal',45,'delete_usomensal'),(180,'Can view Uso Mensal',45,'view_usomensal'),(181,'Can add plano',46,'add_plano'),(182,'Can change plano',46,'change_plano'),(183,'Can delete plano',46,'delete_plano'),(184,'Can view plano',46,'view_plano'),(185,'Can add Assinatura',47,'add_assinatura'),(186,'Can change Assinatura',47,'change_assinatura'),(187,'Can delete Assinatura',47,'delete_assinatura'),(188,'Can view Assinatura',47,'view_assinatura'),(189,'Can add beneficio',48,'add_beneficio'),(190,'Can change beneficio',48,'change_beneficio'),(191,'Can delete beneficio',48,'delete_beneficio'),(192,'Can view beneficio',48,'view_beneficio'),(193,'Can add produto',49,'add_produto'),(194,'Can change produto',49,'change_produto'),(195,'Can delete produto',49,'delete_produto'),(196,'Can view produto',49,'view_produto');
/*!40000 ALTER TABLE `auth_permission` ENABLE KEYS */;
UNLOCK TABLES;

--
-- Table structure for table `auth_user`
--

DROP TABLE IF EXISTS `auth_user`;
/*!40101 SET @saved_cs_client     = @@character_set_client */;
/*!50503 SET character_set_client = utf8mb4 */;
CREATE TABLE `auth_user` (
  `id` int NOT NULL AUTO_INCREMENT,
  `password` varchar(128) NOT NULL,
  `last_login` datetime(6) DEFAULT NULL,
  `is_superuser` tinyint(1) NOT NULL,
  `username` varchar(150) NOT NULL,
  `first_name` varchar(150) NOT NULL,
  `last_name` varchar(150) NOT NULL,
  `email` varchar(254) NOT NULL,
  `is_staff` tinyint(1) NOT NULL,
  `is_active` tinyint(1) NOT NULL,
  `date_joined` datetime(6) NOT NULL,
  PRIMARY KEY (`id`),
  UNIQUE KEY `username` (`username`)
) ENGINE=InnoDB AUTO_INCREMENT=14 DEFAULT CHARSET=utf8mb3;
/*!40101 SET character_set_client = @saved_cs_client */;

--
-- Dumping data for table `auth_user`
--

LOCK TABLES `auth_user` WRITE;
/*!40000 ALTER TABLE `auth_user` DISABLE KEYS */;
INSERT INTO `auth_user` VALUES (1,'pbkdf2_sha256$600000$kmwcHxRKz4t5swnb6DdAPs$i/sjYq8bIWoSZVe+WKorXmR1PnWTF1pMV+Iv7PHEv2g=','2025-10-09 15:29:15.082801',1,'VictorDev','','','',1,1,'2025-02-11 13:22:49.000000'),(2,'pbkdf2_sha256$600000$urcHliyLIwKiEmJstZW5Oe$3l3ros13zVIgUN7eUSRmPmOBSbvNPj6+lYlssfxUz3A=','2025-09-25 13:43:18.000000',0,'amanda.muniz@ergogroup.com.br','','','amanda.muniz@ergogroup.com.br',0,1,'2025-02-11 13:33:52.000000'),(3,'pbkdf2_sha256$600000$L2xJPOiyhJwTqki0wMZnaZ$ddbl8nNOOrvxtOKORjmovYekW2LhDp0abMcaMqmZh1w=','2025-10-13 16:25:48.880443',0,'sofia.junqueira@ergogroup.com.br','','','sofia.junqueira@ergogroup.com.br',0,1,'2025-02-11 17:10:07.000000'),(4,'pbkdf2_sha256$870000$DY2SbmTpBbyYQSQXRQAguO$rYIJtry3kdnoX8Lq1sFrektHPIZusk7GuhQsljddjhs=',NULL,0,'mariana.costa@ergogroup.com.br','','','mariana.costa@ergogroup.com.br',0,1,'2025-02-11 17:53:44.000000'),(5,'pbkdf2_sha256$870000$9ro4hvtC0JnCoXaQhHp1a0$QL/iNY1qy89M7nVFmshfJJYOuy7vgZk6XiMMh8hDg44=','2025-03-06 01:36:36.718661',0,'Claudio_Vaz','','','',0,1,'2025-02-18 16:25:29.678406'),(6,'pbkdf2_sha256$870000$PoimkKH2Ufyxegdj6xOOlc$itMHPtpLXneXupkuUlB6U13ZKg47zpKhZauLG9qk0lU=','2025-03-11 12:40:58.849894',0,'Debora_Abigail','','','',0,1,'2025-02-18 16:50:28.508635'),(7,'pbkdf2_sha256$870000$PcxAygjQ6FRVFBWoyRwCW8$X0OoLJ+OGTjaYofkH7UdsF0jpZ39gtIR6Vue8MHCcK8=',NULL,0,'Camila_Alves','','','',0,1,'2025-02-18 16:57:00.451724'),(8,'pbkdf2_sha256$870000$tFNY4Piji72zlZSUHdsPvm$GnrJBIM+MHaX2NyrPea0LUrAFbV4UV0ahd4UhzQRFHs=','2025-02-18 19:45:35.705149',0,'Carina_Moura','','','',0,1,'2025-02-18 17:01:09.053878'),(9,'pbkdf2_sha256$870000$KN5NkMMmGtd7QqeiPOx6iV$oA6/b2HzFIPGS4AQWQYEKHraUL1gMTJm4Qa9QNTIbH4=','2025-07-03 11:21:57.571812',1,'Marilene.ergo','','','marilene.resende@ergogroup.com.br',1,1,'2025-03-17 22:04:12.000000'),(10,'pbkdf2_sha256$870000$52DtARG19En33okfrlYOvq$6I7isGU+e214USU6LPdV4a/vwQxz+Q+UKdzOjSWg0m0=','2025-05-07 10:50:44.000000',0,'sabrina.vaz@ergogroup.com.br','','','sabrina.vaz@ergogroup.com.br',0,1,'2025-05-07 10:50:03.000000'),(11,'pbkdf2_sha256$600000$aA7WCt6opOIENt3BKTzGZy$U0U0A0RIwLd4mivPUrJHKM+VDWgxtHILl3SMKjTL+Jg=','2025-10-13 14:02:28.471925',0,'contato.victordev02@gmail.com','','','contato.victordev02@gmail.com',0,1,'2025-06-11 18:15:01.000000');
/*!40000 ALTER TABLE `auth_user` ENABLE KEYS */;
UNLOCK TABLES;

--
-- Table structure for table `auth_user_groups`
--

DROP TABLE IF EXISTS `auth_user_groups`;
/*!40101 SET @saved_cs_client     = @@character_set_client */;
/*!50503 SET character_set_client = utf8mb4 */;
CREATE TABLE `auth_user_groups` (
  `id` bigint NOT NULL AUTO_INCREMENT,
  `user_id` int NOT NULL,
  `group_id` int NOT NULL,
  PRIMARY KEY (`id`),
  UNIQUE KEY `auth_user_groups_user_id_group_id_94350c0c_uniq` (`user_id`,`group_id`),
  KEY `auth_user_groups_group_id_97559544_fk_auth_group_id` (`group_id`),
  CONSTRAINT `auth_user_groups_group_id_97559544_fk_auth_group_id` FOREIGN KEY (`group_id`) REFERENCES `auth_group` (`id`),
  CONSTRAINT `auth_user_groups_user_id_6a12ed8b_fk_auth_user_id` FOREIGN KEY (`user_id`) REFERENCES `auth_user` (`id`)
) ENGINE=InnoDB DEFAULT CHARSET=utf8mb3;
/*!40101 SET character_set_client = @saved_cs_client */;

--
-- Dumping data for table `auth_user_groups`
--

LOCK TABLES `auth_user_groups` WRITE;
/*!40000 ALTER TABLE `auth_user_groups` DISABLE KEYS */;
/*!40000 ALTER TABLE `auth_user_groups` ENABLE KEYS */;
UNLOCK TABLES;

--
-- Table structure for table `auth_user_user_permissions`
--

DROP TABLE IF EXISTS `auth_user_user_permissions`;
/*!40101 SET @saved_cs_client     = @@character_set_client */;
/*!50503 SET character_set_client = utf8mb4 */;
CREATE TABLE `auth_user_user_permissions` (
  `id` bigint NOT NULL AUTO_INCREMENT,
  `user_id` int NOT NULL,
  `permission_id` int NOT NULL,
  PRIMARY KEY (`id`),
  UNIQUE KEY `auth_user_user_permissions_user_id_permission_id_14a6b632_uniq` (`user_id`,`permission_id`),
  KEY `auth_user_user_permi_permission_id_1fbb5f2c_fk_auth_perm` (`permission_id`),
  CONSTRAINT `auth_user_user_permi_permission_id_1fbb5f2c_fk_auth_perm` FOREIGN KEY (`permission_id`) REFERENCES `auth_permission` (`id`),
  CONSTRAINT `auth_user_user_permissions_user_id_a95ead1b_fk_auth_user_id` FOREIGN KEY (`user_id`) REFERENCES `auth_user` (`id`)
) ENGINE=InnoDB DEFAULT CHARSET=utf8mb3;
/*!40101 SET character_set_client = @saved_cs_client */;

--
-- Dumping data for table `auth_user_user_permissions`
--

LOCK TABLES `auth_user_user_permissions` WRITE;
/*!40000 ALTER TABLE `auth_user_user_permissions` DISABLE KEYS */;
/*!40000 ALTER TABLE `auth_user_user_permissions` ENABLE KEYS */;
UNLOCK TABLES;

--
-- Table structure for table `automacao_aep_aep`
--

DROP TABLE IF EXISTS `automacao_aep_aep`;
/*!40101 SET @saved_cs_client     = @@character_set_client */;
/*!50503 SET character_set_client = utf8mb4 */;
CREATE TABLE `automacao_aep_aep` (
  `id` bigint NOT NULL AUTO_INCREMENT,
  `data_criacao_manual` date NOT NULL,
  `data_criacao` date NOT NULL,
  `data_modificacao` date NOT NULL,
  `cliente_id` bigint NOT NULL,
  `inquilino_id` bigint NOT NULL,
  `perfil_criador_id` int NOT NULL,
  `perfil_modificador_id` int DEFAULT NULL,
  `gestor_nome` varchar(255) DEFAULT NULL,
  `gestor_email` varchar(255) DEFAULT NULL,
  `gestor_cargo` varchar(255) DEFAULT NULL,
  PRIMARY KEY (`id`),
  KEY `automacao_aep_aep_cliente_id_472c0c01_fk_clientes_cliente_id` (`cliente_id`),
  KEY `automacao_aep_aep_inquilino_id_666e11f4_fk_contas_inquilino_id` (`inquilino_id`),
  KEY `automacao_aep_aep_perfil_criador_id_5cc66b04_fk_auth_user_id` (`perfil_criador_id`),
  KEY `automacao_aep_aep_perfil_modificador_id_a74b4fc4_fk_auth_user_id` (`perfil_modificador_id`),
  CONSTRAINT `automacao_aep_aep_cliente_id_472c0c01_fk_clientes_cliente_id` FOREIGN KEY (`cliente_id`) REFERENCES `clientes_cliente` (`id`),
  CONSTRAINT `automacao_aep_aep_inquilino_id_666e11f4_fk_contas_inquilino_id` FOREIGN KEY (`inquilino_id`) REFERENCES `contas_inquilino` (`id`),
  CONSTRAINT `automacao_aep_aep_perfil_criador_id_5cc66b04_fk_auth_user_id` FOREIGN KEY (`perfil_criador_id`) REFERENCES `auth_user` (`id`),
  CONSTRAINT `automacao_aep_aep_perfil_modificador_id_a74b4fc4_fk_auth_user_id` FOREIGN KEY (`perfil_modificador_id`) REFERENCES `auth_user` (`id`)
) ENGINE=InnoDB AUTO_INCREMENT=6 DEFAULT CHARSET=utf8mb4 COLLATE=utf8mb4_0900_ai_ci;
/*!40101 SET character_set_client = @saved_cs_client */;

--
-- Dumping data for table `automacao_aep_aep`
--

LOCK TABLES `automacao_aep_aep` WRITE;
/*!40000 ALTER TABLE `automacao_aep_aep` DISABLE KEYS */;
INSERT INTO `automacao_aep_aep` VALUES (2,'2025-05-06','2025-05-15','2025-07-30',12,1,3,NULL,NULL,NULL,NULL),(3,'2025-05-06','2025-05-20','2025-07-30',13,1,3,NULL,NULL,NULL,NULL),(4,'2025-06-03','2025-06-03','2025-07-30',17,1,2,NULL,NULL,NULL,NULL);
/*!40000 ALTER TABLE `automacao_aep_aep` ENABLE KEYS */;
UNLOCK TABLES;

--
-- Table structure for table `automacao_aep_avaliacao`
--

DROP TABLE IF EXISTS `automacao_aep_avaliacao`;
/*!40101 SET @saved_cs_client     = @@character_set_client */;
/*!50503 SET character_set_client = utf8mb4 */;
CREATE TABLE `automacao_aep_avaliacao` (
  `id` bigint NOT NULL AUTO_INCREMENT,
  `area_avaliada` varchar(255) NOT NULL,
  `setor` varchar(255) NOT NULL,
  `funcao` varchar(255) NOT NULL,
  `atividade` varchar(255) NOT NULL,
  `jornada_trabalho` varchar(255) NOT NULL,
  `variacao_turno` varchar(3) NOT NULL,
  `trabalho_noturno` varchar(3) NOT NULL,
  `n_trabalhador_exp` int NOT NULL,
  `descricao_ambiente` longtext NOT NULL,
  `descricao_tarefa_prescrita` longtext NOT NULL,
  `descricao_tarefa_real` longtext,
  `consideracao_avaliador` longtext,
  `periodo_avaliacao` varchar(20) NOT NULL,
  `data_criacao` date NOT NULL,
  `n_revisao` varchar(50) NOT NULL,
  `aep_id` bigint NOT NULL,
  `ergonomista_responsavel_id` bigint DEFAULT NULL,
  `inquilino_id` bigint NOT NULL DEFAULT '1',
  PRIMARY KEY (`id`),
  KEY `automacao_aep_avaliacao_aep_id_46e8414b_fk_automacao_aep_aep_id` (`aep_id`),
  KEY `automacao_aep_avalia_ergonomista_responsa_fac8349c_fk_contas_pe` (`ergonomista_responsavel_id`),
  KEY `automacao_aep_avaliacao_inquilino_id_fk` (`inquilino_id`),
  CONSTRAINT `automacao_aep_avalia_ergonomista_responsa_fac8349c_fk_contas_pe` FOREIGN KEY (`ergonomista_responsavel_id`) REFERENCES `contas_perfil` (`id`),
  CONSTRAINT `automacao_aep_avaliacao_aep_id_46e8414b_fk_automacao_aep_aep_id` FOREIGN KEY (`aep_id`) REFERENCES `automacao_aep_aep` (`id`),
  CONSTRAINT `automacao_aep_avaliacao_inquilino_id_fk` FOREIGN KEY (`inquilino_id`) REFERENCES `contas_inquilino` (`id`)
) ENGINE=InnoDB AUTO_INCREMENT=23 DEFAULT CHARSET=utf8mb4 COLLATE=utf8mb4_0900_ai_ci;
/*!40101 SET character_set_client = @saved_cs_client */;

--
-- Dumping data for table `automacao_aep_avaliacao`
--

LOCK TABLES `automacao_aep_avaliacao` WRITE;
/*!40000 ALTER TABLE `automacao_aep_avaliacao` DISABLE KEYS */;
INSERT INTO `automacao_aep_avaliacao` VALUES (2,'Operacional','Produção - Descasca I','Ajudante de Produção / Ajudante de Produção I','Operacional - Picar Mandioca','Turno A: Segunda à sexta das 06h30min às 16h30min com 01h12min de intervalo para almoço. Turno B: Segunda à sexta das 16h às 01h20min com 01h12min de intervalo para descanso.','sim','sim',13,'Ambiente construído em alvenaria, telhas de poliuretano e piso concreto alisado. A iluminação e ventilação são tanto de forma natural quanto artificial através de lâmpadas de LED e ventiladores.','Ajudante de Produção: Realizar recebimento das matérias primas, realiza a separação e verifica a qualidade das matérias primas, realiza a pré-lavagem, retira resíduos provenientes da colheita, fraciona a matéria-prima de acordo com a predefinição, descargada matéria prima. Realizar a limpeza (Sem utilização de produtos Nocivos a saúde) e organização do setor de Trabalho.\r\n\r\nAjudante de Produção I: Realizar recebimento das matérias primas, realiza a separação e verifica a qualidade das matérias primas, realiza a pré-lavagem, retira resíduos provenientes da colheita, fraciona a matéria-prima de acordo com a predefinição, descargada matéria prima. Realizar a limpeza (Sem utilização de produtos Nocivos a saúde) e organização do setor de Trabalho.','','','n/a','2025-05-06','00',2,3,1),(3,'Operacional','Produção - Descasca I','Ajudante de Produção / Ajudante de Produção I','Operacional - Descascar Mandioca e Batata Doce','Turno A: Segunda à sexta das 06h30min às 16h30min com 01h12min de intervalo para almoço. Turno B: Segunda à sexta das 16h às 01h20min com 01h12min de intervalo para descanso.','sim','nao',13,'Ambiente construído em alvenaria, telhas de poliuretano e piso concreto alisado. A iluminação e ventilação são tanto de forma natural quanto artificial através de lâmpadas de LED e ventiladores.','Ajudante de Produção: Realizar recebimento das matérias primas, realiza a separação e verifica a qualidade das matérias primas, realiza a pré-lavagem, retira resíduos provenientes da colheita, fraciona a matéria-prima de acordo com a predefinição, descargada matéria prima. Realizar a limpeza (Sem utilização de produtos Nocivos a saúde) e organização do setor de Trabalho.\r\n\r\nAjudante de Produção I: Realizar recebimento das matérias primas, realiza a separação e verifica a qualidade das matérias primas, realiza a pré-lavagem, retira resíduos provenientes da colheita, fraciona a matéria-prima de acordo com a predefinição, descargada matéria prima. Realizar a limpeza (Sem utilização de produtos Nocivos a saúde) e organização do setor de Trabalho.','','','n/a','2025-05-06','00',2,3,1),(4,'Operacional','Produção - Embalagem de Mandioca','Encarregado de Produção','Operacional','Turno A: Segunda à sexta das 06h30min às 16h30min com 01h12min de intervalo para almoço. Turno B: Segunda à sexta das 16h às 01h20min com 01h12min de intervalo para descanso.','sim','sim',1,'Ambiente construído em alvenaria, telhas de poliuretano e piso concreto alisado. A iluminação e ventilação são tanto de forma natural quanto artificial através de lâmpadas de LED e ventiladores.','Coordena, supervisiona todas as atividades de produção, realizar quantitativo de produção, verifica eficiência do processo produtivo, controle de perdas, qualidade do produto. Supervisiona entrada e saída de colaboradores, garante o cumprimento do regulamento interno e realiza a entrada de EPI´s, mantendo a ficha atualizada.','','','n/a','2025-05-06','00',2,3,1),(5,'Operacional','Produção - Descasca II','Ajudante de Produção / Ajudante de Produção I','Operacional - Pesar as Mandiocas','Turno A: Segunda à sexta das 06h30min às 16h30min com 01h12min de intervalo para almoço. Turno B: Segunda à sexta das 16h às 01h20min com 01h12min de intervalo para descanso.','sim','sim',4,'Ambiente construído em alvenaria, telhas de poliuretano e piso concreto alisado. A iluminação e ventilação são tanto de forma natural quanto artificial através de lâmpadas de LED e ventiladores.','Ajudante de Produção: Realizar recebimento das matérias primas, realiza a separação e verifica a qualidade das matérias primas, realiza a pré-lavagem, retira resíduos provenientes da colheita, fraciona a matéria-prima de acordo com a predefinição, descargada matéria prima. Realizar a limpeza (Sem utilização de produtos Nocivos a saúde) e organização do setor de Trabalho.\r\n\r\nAjudante de Produção I: Realizar recebimento das matérias primas, realiza a separação e verifica a qualidade das matérias primas, realiza a pré-lavagem, retira resíduos provenientes da colheita, fraciona a matéria-prima de acordo com a predefinição, descargada matéria prima. Realizar a limpeza (Sem utilização de produtos Nocivos a saúde) e organização do setor de Trabalho.','','','n/a','2025-05-06','00',2,3,1),(6,'Operacional','Produção - Descasca II','Ajudante de Produção / Ajudante de Produção I','Operacional - Lavagem da Mandioca para Embalar','Turno A: Segunda à sexta das 06h30min às 16h30min com 01h12min de intervalo para almoço. Turno B: Segunda à sexta das 16h às 01h20min com 01h12min de intervalo para descanso.','sim','sim',4,'Ambiente construído em alvenaria, telhas de poliuretano e piso concreto alisado. A iluminação e ventilação são tanto de forma natural quanto artificial através de lâmpadas de LED e ventiladores.','Ajudante de Produção: Realizar recebimento das matérias primas, realiza a separação e verifica a qualidade das matérias primas, realiza a pré-lavagem, retira resíduos provenientes da colheita, fraciona a matéria-prima de acordo com a predefinição, descargada matéria prima. Realizar a limpeza (Sem utilização de produtos Nocivos a saúde) e organização do setor de Trabalho.\r\n\r\nAjudante de Produção I: Realizar recebimento das matérias primas, realiza a separação e verifica a qualidade das matérias primas, realiza a pré-lavagem, retira resíduos provenientes da colheita, fraciona a matéria-prima de acordo com a predefinição, descargada matéria prima. Realizar a limpeza (Sem utilização de produtos Nocivos a saúde) e organização do setor de Trabalho.','','','n/a','2025-05-06','00',2,3,1),(7,'Operacional','Produção - Descasca II','Ajudante de Produção / Ajudante de Produção I','Operacional - Lavagem da Mandioca para a Sertanitos','Turno A: Segunda à sexta das 06h30min às 16h30min com 01h12min de intervalo para almoço. Turno B: Segunda à sexta das 16h às 01h20min com 01h12min de intervalo para descanso.','sim','sim',4,'Ambiente construído em alvenaria, telhas de poliuretano e piso concreto alisado. A iluminação e ventilação são tanto de forma natural quanto artificial através de lâmpadas de LED e ventiladores.','Ajudante de Produção: Realizar recebimento das matérias primas, realiza a separação e verifica a qualidade das matérias primas, realiza a pré-lavagem, retira resíduos provenientes da colheita, fraciona a matéria-prima de acordo com a predefinição, descargada matéria prima. Realizar a limpeza (Sem utilização de produtos Nocivos a saúde) e organização do setor de Trabalho.\r\n\r\nAjudante de Produção I: Realizar recebimento das matérias primas, realiza a separação e verifica a qualidade das matérias primas, realiza a pré-lavagem, retira resíduos provenientes da colheita, fraciona a matéria-prima de acordo com a predefinição, descargada matéria prima. Realizar a limpeza (Sem utilização de produtos Nocivos a saúde) e organização do setor de Trabalho.','','','n/a','2025-05-06','00',2,3,1),(8,'Operacional','Produção - Embalagem de Mandioca','Ajudante de Produção','Operacional - Embalar a Mandioca','Turno A: Segunda à sexta das 06h30min às 16h30min com 01h12min de intervalo para almoço. Turno B: Segunda à sexta das 16h às 01h20min com 01h12min de intervalo para descanso.','sim','sim',6,'Ambiente construído em alvenaria, telhas de poliuretano e piso concreto alisado. A iluminação e ventilação são tanto de forma natural quanto artificial através de lâmpadas de LED e ventiladores.','Realizar descarga de matéria prima e higienização . Realizar limpeza (sem utilização de produtos nocivos a saúde) e organização do setor de trabalho. Embalar a mandioca, levar para pesagem com carrinhos, pesar, selar e organizar em caixas de armazenamento.','','','n/a','2025-05-06','00',2,3,1),(9,'Operacional','Produção - Embalagem de Mandioca','Ajudante de Produção','Operacional - Pesar a Mandioca Embalada','Turno A: Segunda à sexta das 06h30min às 16h30min com 01h12min de intervalo para almoço. Turno B: Segunda à sexta das 16h às 01h20min com 01h12min de intervalo para descanso.','sim','sim',6,'Ambiente construído em alvenaria, telhas de poliuretano e piso concreto alisado. A iluminação e ventilação são tanto de forma natural quanto artificial através de lâmpadas de LED e ventiladores.','Realizar descarga de matéria prima e higienização . Realizar limpeza (sem utilização de produtos nocivos a saúde) e organização do setor de trabalho. Embalar a mandioca, levar para pesagem com carrinhos, pesar, selar e organizar em caixas de armazenamento.','','','n/a','2025-05-06','00',2,3,1),(10,'Operacional','Produção - Embalagem de Mandioca','Ajudante de Produção','Operacional - Vácuo','Turno A: Segunda à sexta das 06h30min às 16h30min com 01h12min de intervalo para almoço. Turno B: Segunda à sexta das 16h às 01h20min com 01h12min de intervalo para descanso.','sim','sim',6,'Ambiente construído em alvenaria, telhas de poliuretano e piso concreto alisado. A iluminação e ventilação são tanto de forma natural quanto artificial através de lâmpadas de LED e ventiladores.','Realizar descarga de matéria prima e higienização . Realizar limpeza (sem utilização de produtos nocivos a saúde) e organização do setor de trabalho. Embalar a mandioca, levar para pesagem com carrinhos, pesar, selar e organizar em caixas de armazenamento.','','','n/a','2025-05-06','00',2,3,1),(11,'Operacional','Produção - Embalagem de Mandioca','Ajudante de Produção','Operacional - Colocar a Mandioca na Câmara Fria','Turno A: Segunda à sexta das 06h30min às 16h30min com 01h12min de intervalo para almoço. Turno B: Segunda à sexta das 16h às 01h20min com 01h12min de intervalo para descanso.','sim','sim',6,'Ambiente construído em alvenaria, telhas de poliuretano e piso concreto alisado. A iluminação e ventilação são tanto de forma natural quanto artificial através de lâmpadas de LED e ventiladores.','Realizar descarga de matéria prima e higienização . Realizar limpeza (sem utilização de produtos nocivos a saúde) e organização do setor de trabalho. Embalar a mandioca, levar para pesagem com carrinhos, pesar, selar e organizar em caixas de armazenamento.','','','n/a','2025-05-06','00',2,3,1),(12,'Operacional','Produção - Embalagem de Mandioca','Ajudante de Produção','Operacional - Montagem dos Fardos','Turno A: Segunda à sexta das 06h30min às 16h30min com 01h12min de intervalo para almoço. Turno B: Segunda à sexta das 16h às 01h20min com 01h12min de intervalo para descanso.','sim','sim',6,'Ambiente construído em alvenaria, telhas de poliuretano e piso concreto alisado. A iluminação e ventilação são tanto de forma natural quanto artificial através de lâmpadas de LED e ventiladores.','Realizar descarga de matéria prima e higienização . Realizar limpeza (sem utilização de produtos nocivos a saúde) e organização do setor de trabalho. Embalar a mandioca, levar para pesagem com carrinhos, pesar, selar e organizar em caixas de armazenamento.','','','n/a','2025-05-06','00',2,3,1),(13,'Operacional','Produção - Embalagem de Mandioca','Ajudante de Produção','Operacional - Carregamento de Caminhão','Turno A: Segunda à sexta das 06h30min às 16h30min com 01h12min de intervalo para almoço. Turno B: Segunda à sexta das 16h às 01h20min com 01h12min de intervalo para descanso.','sim','sim',6,'Ambiente construído em alvenaria, telhas de poliuretano e piso concreto alisado. A iluminação e ventilação são tanto de forma natural quanto artificial através de lâmpadas de LED e ventiladores.','Realizar descarga de matéria prima e higienização . Realizar limpeza (sem utilização de produtos nocivos a saúde) e organização do setor de trabalho. Embalar a mandioca, levar para pesagem com carrinhos, pesar, selar e organizar em caixas de armazenamento.','','','n/a','2025-05-06','00',2,3,1),(14,'Operacional','Produção - Descasca I','Ajudante de Produção / Ajudante de Produção I','Operacional - Pegar as caixas de mandioca do tanque','Turno A: Segunda à sexta das 06h30min às 16h30min com 01h12min de intervalo para almoço. Turno B: Segunda à sexta das 16h às 01h20min com 01h12min de intervalo para descanso.','sim','sim',1,'Ambiente construído em alvenaria, telhas de poliuretano e piso concreto alisado. A iluminação e ventilação são tanto de forma natural quanto artificial através de lâmpadas de LED e ventiladores.','Ajudante de Produção: Realizar recebimento das matérias primas, realiza a separação e verifica a qualidade das matérias primas, realiza a pré-lavagem, retira resíduos provenientes da colheita, fraciona a matéria-prima de acordo com a predefinição, descargada matéria prima. Realizar a limpeza (Sem utilização de produtos Nocivos a saúde) e organização do setor de Trabalho.\r\n\r\nAjudante de Produção I: Realizar recebimento das matérias primas, realiza a separação e verifica a qualidade das matérias primas, realiza a pré-lavagem, retira resíduos provenientes da colheita, fraciona a matéria-prima de acordo com a predefinição, descargada matéria prima. Realizar a limpeza (Sem utilização de produtos Nocivos a saúde) e organização do setor de Trabalho.','','','n/a','2025-05-06','00',2,3,1),(15,'Administrativo','Administrativo','Supervisor Administrativo','Administrativa','Turno Administrativo: Segunda a Sexta das 07hrs às 17hrs com 01h12min de intervalo para almoço.','nao','nao',1,'Sala administrativa com um acesso para entrada e saída. Possui mesa em \"L\", cadeira com rodízios, monitor/tela, telefone e demais materiais de escritório. A iluminação e ventilação são tanto de forma natural quanto artificial através de lâmpadas de LED e aparelho de ar condicionado.','Executa e gerencia serviços administrativos, das operações financeiras e dos riscos em empresas industriais, comerciais, agrícola e/ou serviços incluindo os setores bancários, cuidando da administração dos recursos humanos, materiais e serviços sob sua responsabilidade, planejar, dirigir, controlar os recursos e as atividades de uma organização, com o objetivo de minimizar o impacto financeiro da materialização dos riscos.','','','n/a','2025-05-22','00',2,3,1),(16,'Administrativo','Administrativo','Gerente Financeiro','Administrativa','Turno Administrativo: Segunda a Sexta das 07hrs às 17hrs com 01h12min de intervalo para almoço.','nao','nao',1,'Sala administrativa com um acesso para entrada e saída. Possui mesa horizontal, cadeira com rodízios, monitor/tela, telefone e demais materiais de escritório. A iluminação e ventilação são tanto de forma natural quanto artificial através de lâmpadas de LED e aparelho de ar condicionado.','Responsável por organizar, acompanhar, planejar a gestão das atividades, fluxos e processos que afetam diretamente as finanças da empresa tais como: controladoria, auditoria, contas a pagar e receber, fluxo de caixa, tesouraria, pagamento de tributos, etc.','','','n/a','2025-05-22','00',2,3,1),(17,'Administrativo','Administrativo','Auxiliar Administrativo','Administrativa','Turno Administrativo: Segunda a Sexta das 07hrs às 17hrs com 01h12min de intervalo para almoço.','nao','nao',1,'Sala administrativa com um acesso para entrada e saída. Possui mesa horizontal, cadeira com rodízios, monitor/tela, telefone e demais materiais de escritório. A iluminação e ventilação são tanto de forma natural quanto artificial através de lâmpadas de LED e aparelho de ar condicionado.','Auxiliar nas emissões de notas fiscais, lançamentos e organização de documentos, preenchimento de planilhas, atendimento telefônico e ao público. Coletar e repassar os pedidos. Realizar apoio nas áreas de Recursos Humanos, Administração, financeira e logística. Atende fornecedores e clientes. Realiza acerto diário com vendedores e representantes, acompanhamentos de relatórios de vendas.','','','n/a','2025-05-22','00',2,3,1),(18,'Administrativo','Administrativo','Analista de Suprimentos','Administrativa','Turno Administrativo: Segunda a Sexta das 07hrs às 17hrs com 01h12min de intervalo para almoço.','nao','nao',1,'adm','Dado não disponibilizado','','','n/a','2025-05-22','00',2,3,1),(19,'Administrativo','Administrativo','Vendedor(a)','Administrativa','Turno Administrativo: Segunda a Sexta das 07hrs às 17hrs com 01h12min de intervalo para almoço.','nao','nao',1,'adm','Dado não disponibilizado.','','','n/a','2025-05-22','00',3,3,1),(20,'Produção','Produção - Fritura Chips','Gerente de Produção','Administrativa / Operacional','Turno Administrativo: Segunda a Sexta das 07hrs às 17hrs com 01h12min de intervalo para almoço.','nao','nao',1,'O ambiente é construído em alvenaria tratando-se de um galpão com pé direito alto contendo um acesso para entrada e saída do local. O teto é formado por telhas de poliuretano e translucidas, as paredes são em azulejos de cor branca e o piso concreto alisado. Possui iluminação artificial através de lâmpadas de LED.','Dado não disponibilizado.','','','n/a','2025-05-22','00',3,3,1),(22,'Administrativa','Administrativo','Auxiliar de Segurança do Trabalho','Administrativa / Operacional','De segunda à sexta-feira das 07h30min às 17h30min , com 01h12min de intervalo.','nao','nao',1,'Ambiente de trabalho possui um acesso de entrada e saída. As paredes e o teto são pintados em cor clara e o piso é formado por cerâmica em cor clara. A iluminação e temperatura são tanto naturais quanto artificiais.','Análise de documentos de riscos; integrações e treinamentos de colaboradores; lançar documentos em portais; programas de prevenção e controle de acidentes; palestras, conversas e debates com os funcionários; controle de estoque, check-list; solicita, avalia, exames semestrais/ anuais (ASO) junto a clínica de Medicina do Trabalho; manter atualizadas as fichas de EPIs.','','','continua','2025-06-03','00',4,2,1);
/*!40000 ALTER TABLE `automacao_aep_avaliacao` ENABLE KEYS */;
UNLOCK TABLES;

--
-- Table structure for table `automacao_aep_circunstanciariscoergonomico`
--

DROP TABLE IF EXISTS `automacao_aep_circunstanciariscoergonomico`;
/*!40101 SET @saved_cs_client     = @@character_set_client */;
/*!50503 SET character_set_client = utf8mb4 */;
CREATE TABLE `automacao_aep_circunstanciariscoergonomico` (
  `id` bigint NOT NULL AUTO_INCREMENT,
  `descricao` longtext NOT NULL,
  `data_criacao` datetime(6) NOT NULL,
  `data_modificacao` datetime(6) NOT NULL,
  `inquilino_id` bigint NOT NULL,
  `usuario_criador_id` int DEFAULT NULL,
  `usuario_modificador_id` int DEFAULT NULL,
  PRIMARY KEY (`id`),
  KEY `automacao_aep_circun_inquilino_id_233b733d_fk_contas_in` (`inquilino_id`),
  KEY `automacao_aep_circun_usuario_criador_id_db4008da_fk_auth_user` (`usuario_criador_id`),
  KEY `automacao_aep_circun_usuario_modificador__57214afe_fk_auth_user` (`usuario_modificador_id`),
  CONSTRAINT `automacao_aep_circun_inquilino_id_233b733d_fk_contas_in` FOREIGN KEY (`inquilino_id`) REFERENCES `contas_inquilino` (`id`),
  CONSTRAINT `automacao_aep_circun_usuario_criador_id_db4008da_fk_auth_user` FOREIGN KEY (`usuario_criador_id`) REFERENCES `auth_user` (`id`),
  CONSTRAINT `automacao_aep_circun_usuario_modificador__57214afe_fk_auth_user` FOREIGN KEY (`usuario_modificador_id`) REFERENCES `auth_user` (`id`)
) ENGINE=InnoDB AUTO_INCREMENT=7 DEFAULT CHARSET=utf8mb4 COLLATE=utf8mb4_0900_ai_ci;
/*!40101 SET character_set_client = @saved_cs_client */;

--
-- Dumping data for table `automacao_aep_circunstanciariscoergonomico`
--

LOCK TABLES `automacao_aep_circunstanciariscoergonomico` WRITE;
/*!40000 ALTER TABLE `automacao_aep_circunstanciariscoergonomico` DISABLE KEYS */;
INSERT INTO `automacao_aep_circunstanciariscoergonomico` VALUES (1,'Acessório inadequado','2025-05-10 13:33:49.514457','2025-05-10 13:33:49.514509',1,1,NULL),(3,'Linha de Produção','2025-05-15 19:23:26.076793','2025-05-15 19:23:26.076862',1,3,NULL),(4,'Ferramenta manual com pega de boa qualidade','2025-05-16 16:20:46.183028','2025-05-16 16:20:46.183365',1,3,NULL),(5,'Ambiente Informatizado','2025-05-23 02:14:01.535936','2025-05-23 02:14:01.536024',1,3,NULL),(6,'Posto de trabalho informatizado','2025-05-23 02:18:15.256735','2025-05-23 02:18:15.256770',1,3,NULL);
/*!40000 ALTER TABLE `automacao_aep_circunstanciariscoergonomico` ENABLE KEYS */;
UNLOCK TABLES;

--
-- Table structure for table `automacao_aep_colaborador`
--

DROP TABLE IF EXISTS `automacao_aep_colaborador`;
/*!40101 SET @saved_cs_client     = @@character_set_client */;
/*!50503 SET character_set_client = utf8mb4 */;
CREATE TABLE `automacao_aep_colaborador` (
  `id` bigint NOT NULL AUTO_INCREMENT,
  `funcao` varchar(20) NOT NULL,
  `aep_id` bigint NOT NULL,
  `perfil_id` bigint NOT NULL,
  `data_criacao` date NOT NULL,
  `user_criador_id` int NOT NULL,
  `inquilino_id` bigint NOT NULL,
  PRIMARY KEY (`id`),
  UNIQUE KEY `automacao_aep_colaborador_aep_id_perfil_id_b990c08e_uniq` (`aep_id`,`perfil_id`),
  KEY `automacao_aep_perfil_aep_id_f7a12611_fk_automacao` (`aep_id`),
  KEY `automacao_aep_perfil_perfil_id_0594a08a_fk_contas_pe` (`perfil_id`),
  KEY `automacao_aep_perfil_user_criador_id_84609f7f_fk_auth_user` (`user_criador_id`),
  KEY `automacao_aep_colaborador_inquilino_id_fk` (`inquilino_id`),
  CONSTRAINT `automacao_aep_colaborador_inquilino_id_fk` FOREIGN KEY (`inquilino_id`) REFERENCES `contas_inquilino` (`id`),
  CONSTRAINT `automacao_aep_perfil_aep_id_f7a12611_fk_automacao` FOREIGN KEY (`aep_id`) REFERENCES `automacao_aep_aep` (`id`),
  CONSTRAINT `automacao_aep_perfil_perfil_id_0594a08a_fk_contas_pe` FOREIGN KEY (`perfil_id`) REFERENCES `contas_perfil` (`id`),
  CONSTRAINT `automacao_aep_perfil_user_criador_id_84609f7f_fk_auth_user` FOREIGN KEY (`user_criador_id`) REFERENCES `auth_user` (`id`)
) ENGINE=InnoDB AUTO_INCREMENT=13 DEFAULT CHARSET=utf8mb4 COLLATE=utf8mb4_0900_ai_ci;
/*!40101 SET character_set_client = @saved_cs_client */;

--
-- Dumping data for table `automacao_aep_colaborador`
--

LOCK TABLES `automacao_aep_colaborador` WRITE;
/*!40000 ALTER TABLE `automacao_aep_colaborador` DISABLE KEYS */;
INSERT INTO `automacao_aep_colaborador` VALUES (7,'responsavel_tecnico',3,2,'2025-07-30',11,1),(8,'responsavel_tecnico',3,3,'2025-07-30',11,1),(9,'responsavel_tecnico',4,2,'2025-07-30',11,1),(10,'responsavel_tecnico',2,2,'2025-07-30',11,1),(11,'responsavel_tecnico',2,3,'2025-07-30',11,1);
/*!40000 ALTER TABLE `automacao_aep_colaborador` ENABLE KEYS */;
UNLOCK TABLES;

--
-- Table structure for table `automacao_aep_fonteriscoergonomico`
--

DROP TABLE IF EXISTS `automacao_aep_fonteriscoergonomico`;
/*!40101 SET @saved_cs_client     = @@character_set_client */;
/*!50503 SET character_set_client = utf8mb4 */;
CREATE TABLE `automacao_aep_fonteriscoergonomico` (
  `id` bigint NOT NULL AUTO_INCREMENT,
  `aspectos_ergonomicos` varchar(20) NOT NULL,
  `descricao` longtext NOT NULL,
  `data_criacao` datetime(6) NOT NULL,
  `data_modificacao` datetime(6) NOT NULL,
  `inquilino_id` bigint NOT NULL,
  `usuario_criador_id` int DEFAULT NULL,
  `usuario_modificador_id` int DEFAULT NULL,
  PRIMARY KEY (`id`),
  KEY `automacao_aep_fonter_inquilino_id_be81e20e_fk_contas_in` (`inquilino_id`),
  KEY `automacao_aep_fonter_usuario_criador_id_fd23d324_fk_auth_user` (`usuario_criador_id`),
  KEY `automacao_aep_fonter_usuario_modificador__43313783_fk_auth_user` (`usuario_modificador_id`),
  CONSTRAINT `automacao_aep_fonter_inquilino_id_be81e20e_fk_contas_in` FOREIGN KEY (`inquilino_id`) REFERENCES `contas_inquilino` (`id`),
  CONSTRAINT `automacao_aep_fonter_usuario_criador_id_fd23d324_fk_auth_user` FOREIGN KEY (`usuario_criador_id`) REFERENCES `auth_user` (`id`),
  CONSTRAINT `automacao_aep_fonter_usuario_modificador__43313783_fk_auth_user` FOREIGN KEY (`usuario_modificador_id`) REFERENCES `auth_user` (`id`)
) ENGINE=InnoDB AUTO_INCREMENT=18 DEFAULT CHARSET=utf8mb4 COLLATE=utf8mb4_0900_ai_ci;
/*!40101 SET character_set_client = @saved_cs_client */;

--
-- Dumping data for table `automacao_aep_fonteriscoergonomico`
--

LOCK TABLES `automacao_aep_fonteriscoergonomico` WRITE;
/*!40000 ALTER TABLE `automacao_aep_fonteriscoergonomico` DISABLE KEYS */;
INSERT INTO `automacao_aep_fonteriscoergonomico` VALUES (1,'fisico','Compressão de partes do corpo por superfícies rígidas ou com quinas','2025-05-10 13:32:31.669230','2025-05-10 13:32:31.669271',1,1,NULL),(2,'fisico','Exigência de elevação frequente de membros superiores','2025-05-10 13:54:06.434927','2025-05-10 13:54:06.434965',1,1,NULL),(3,'fisico','Postura de pé por longos períodos','2025-05-15 19:06:26.420781','2025-05-15 19:06:26.420999',1,3,NULL),(4,'fisico','Frequente deslocamento a pé durante a jornada de trabalho','2025-05-16 13:50:44.551864','2025-05-16 13:50:44.551901',1,3,NULL),(5,'fisico','Frequente execução de movimentos repetitivos ','2025-05-16 16:19:53.622701','2025-05-16 16:19:53.622903',1,3,NULL),(6,'cognitivo','Exigência de alto nível de concentração, atenção e memória','2025-05-16 16:33:59.353486','2025-05-16 16:33:59.353531',1,3,NULL),(7,'psicossocial','Excesso de situações de estresse','2025-05-16 16:35:45.961241','2025-05-16 16:35:45.961286',1,3,NULL),(8,'fisico','Postura sentada por longos períodos','2025-05-16 16:56:03.423025','2025-05-16 16:56:03.423065',1,3,NULL),(9,'fisico','Trabalho em posturas incômodas ou pouco confortáveis por longos períodos','2025-05-16 17:08:25.274361','2025-05-16 17:08:25.274393',1,3,NULL),(10,'psicossocial','Falta de suporte/apoio no trabalho','2025-05-19 13:54:01.591368','2025-05-19 13:54:01.591459',1,3,NULL),(11,'fisico','Frequente ação de puxar/empurrar cargas ou volumes ','2025-05-19 15:16:11.392686','2025-05-19 15:16:11.392737',1,3,NULL),(12,'fisico','Levantamento e transporte manual de cargas ou volumes','2025-05-19 15:27:13.992422','2025-05-19 15:27:13.992457',1,3,NULL),(13,'fisico','Iluminação diurna inadequada ou desconfortável do ambiente/área de trabalho ','2025-05-19 18:08:42.551127','2025-05-19 18:08:42.551168',1,3,NULL),(14,'fisico','Exigência de flexões de coluna vertebral frequentes','2025-05-20 17:58:39.927384','2025-05-20 17:58:39.927419',1,3,NULL),(15,'fisico','Exigência de flexões de coluna vertebral frequentes','2025-05-21 11:10:09.954506','2025-05-21 11:10:09.954554',1,3,NULL),(16,'psicossocial','Situações de sobrecarga de trabalho mental','2025-05-23 02:21:47.607382','2025-05-23 02:21:47.607418',1,3,NULL),(17,'psicossocial','Situações de sobrecarga de trabalho mental','2025-05-23 16:05:22.825537','2025-05-23 16:05:22.825570',1,3,NULL);
/*!40000 ALTER TABLE `automacao_aep_fonteriscoergonomico` ENABLE KEYS */;
UNLOCK TABLES;

--
-- Table structure for table `automacao_aep_lesaoagravo`
--

DROP TABLE IF EXISTS `automacao_aep_lesaoagravo`;
/*!40101 SET @saved_cs_client     = @@character_set_client */;
/*!50503 SET character_set_client = utf8mb4 */;
CREATE TABLE `automacao_aep_lesaoagravo` (
  `id` bigint NOT NULL AUTO_INCREMENT,
  `descricao` longtext NOT NULL,
  `data_criacao` datetime(6) NOT NULL,
  `data_modificacao` datetime(6) NOT NULL,
  `inquilino_id` bigint NOT NULL,
  `usuario_criador_id` int DEFAULT NULL,
  `usuario_modificador_id` int DEFAULT NULL,
  PRIMARY KEY (`id`),
  KEY `automacao_aep_lesaoa_inquilino_id_d760027e_fk_contas_in` (`inquilino_id`),
  KEY `automacao_aep_lesaoa_usuario_criador_id_9028fc0d_fk_auth_user` (`usuario_criador_id`),
  KEY `automacao_aep_lesaoa_usuario_modificador__526dddca_fk_auth_user` (`usuario_modificador_id`),
  CONSTRAINT `automacao_aep_lesaoa_inquilino_id_d760027e_fk_contas_in` FOREIGN KEY (`inquilino_id`) REFERENCES `contas_inquilino` (`id`),
  CONSTRAINT `automacao_aep_lesaoa_usuario_criador_id_9028fc0d_fk_auth_user` FOREIGN KEY (`usuario_criador_id`) REFERENCES `auth_user` (`id`),
  CONSTRAINT `automacao_aep_lesaoa_usuario_modificador__526dddca_fk_auth_user` FOREIGN KEY (`usuario_modificador_id`) REFERENCES `auth_user` (`id`)
) ENGINE=InnoDB AUTO_INCREMENT=10 DEFAULT CHARSET=utf8mb4 COLLATE=utf8mb4_0900_ai_ci;
/*!40101 SET character_set_client = @saved_cs_client */;

--
-- Dumping data for table `automacao_aep_lesaoagravo`
--

LOCK TABLES `automacao_aep_lesaoagravo` WRITE;
/*!40000 ALTER TABLE `automacao_aep_lesaoagravo` DISABLE KEYS */;
INSERT INTO `automacao_aep_lesaoagravo` VALUES (1,'Cansaço mental','2025-05-10 13:34:02.449455','2025-05-10 13:34:02.449516',1,1,NULL),(2,'Dor / desconforto muscular e articular da coluna lombar','2025-05-15 19:09:22.344816','2025-05-15 19:09:22.345036',1,3,NULL),(3,'Desconforto muscular e articular na região da coluna lombar e membros inferiores','2025-05-16 13:51:14.695048','2025-05-16 13:51:14.695085',1,3,NULL),(4,'Desconforto muscular e articular na região da coluna lombar e membros superiores','2025-05-16 16:23:11.146392','2025-05-16 16:23:11.146445',1,3,NULL),(5,'Fadiga','2025-05-16 16:34:22.403784','2025-05-16 16:34:22.403817',1,3,NULL),(6,'Estresse; distúrbios psicológicos; queda na produtividade','2025-05-16 16:36:16.485152','2025-05-16 16:36:16.485189',1,3,NULL),(7,'Fadiga mental; estresse; aumento do risco de erros e acidentes','2025-05-19 14:05:48.047978','2025-05-19 14:05:48.048047',1,3,NULL),(8,'Fadiga/desconforto visual','2025-05-19 18:09:05.093803','2025-05-19 18:09:05.094077',1,3,NULL),(9,'Dor/desconforto muscular e articular da coluna cervical / Fadiga visual','2025-06-03 17:15:10.092403','2025-06-03 17:15:10.092446',1,2,NULL);
/*!40000 ALTER TABLE `automacao_aep_lesaoagravo` ENABLE KEYS */;
UNLOCK TABLES;

--
-- Table structure for table `automacao_aep_medidacontroleengenharia`
--

DROP TABLE IF EXISTS `automacao_aep_medidacontroleengenharia`;
/*!40101 SET @saved_cs_client     = @@character_set_client */;
/*!50503 SET character_set_client = utf8mb4 */;
CREATE TABLE `automacao_aep_medidacontroleengenharia` (
  `id` bigint NOT NULL AUTO_INCREMENT,
  `nome` longtext NOT NULL,
  `data_criacao` datetime(6) NOT NULL,
  `data_modificacao` datetime(6) NOT NULL,
  `inquilino_id` bigint NOT NULL,
  `usuario_criador_id` int DEFAULT NULL,
  `usuario_modificador_id` int DEFAULT NULL,
  PRIMARY KEY (`id`),
  KEY `automacao_aep_medida_inquilino_id_4995d11b_fk_contas_in` (`inquilino_id`),
  KEY `automacao_aep_medida_usuario_criador_id_9e8acd7e_fk_auth_user` (`usuario_criador_id`),
  KEY `automacao_aep_medida_usuario_modificador__8e99e264_fk_auth_user` (`usuario_modificador_id`),
  CONSTRAINT `automacao_aep_medida_inquilino_id_4995d11b_fk_contas_in` FOREIGN KEY (`inquilino_id`) REFERENCES `contas_inquilino` (`id`),
  CONSTRAINT `automacao_aep_medida_usuario_criador_id_9e8acd7e_fk_auth_user` FOREIGN KEY (`usuario_criador_id`) REFERENCES `auth_user` (`id`),
  CONSTRAINT `automacao_aep_medida_usuario_modificador__8e99e264_fk_auth_user` FOREIGN KEY (`usuario_modificador_id`) REFERENCES `auth_user` (`id`)
) ENGINE=InnoDB AUTO_INCREMENT=11 DEFAULT CHARSET=utf8mb4 COLLATE=utf8mb4_0900_ai_ci;
/*!40101 SET character_set_client = @saved_cs_client */;

--
-- Dumping data for table `automacao_aep_medidacontroleengenharia`
--

LOCK TABLES `automacao_aep_medidacontroleengenharia` WRITE;
/*!40000 ALTER TABLE `automacao_aep_medidacontroleengenharia` DISABLE KEYS */;
INSERT INTO `automacao_aep_medidacontroleengenharia` VALUES (1,'N/A','2025-05-10 13:34:20.396673','2025-05-10 13:34:20.396710',1,1,NULL),(2,'Local adequado com bancos que possuem encosto para a realização de pausas','2025-05-15 19:44:44.729738','2025-05-15 19:44:44.730048',1,3,NULL),(3,'Ferramenta manual com pega de boa qualidade','2025-05-16 16:23:36.418008','2025-05-16 16:23:36.418181',1,3,NULL),(4,'Cadeira fixa alta com encosto.','2025-05-16 17:05:56.137897','2025-05-16 17:05:56.137924',1,3,NULL),(5,'Meio técnico adequado e com pega de boa qualidade para o transporte de cargas/volumes','2025-05-19 15:17:16.536617','2025-05-19 15:17:16.536652',1,3,NULL),(6,'Carga/volume com pega de boa qualidade','2025-05-19 15:27:49.631403','2025-05-19 15:27:49.631445',1,3,NULL),(7,'Lâmpadas de LED.','2025-05-19 18:09:23.080762','2025-05-19 18:09:23.080797',1,3,NULL),(8,'Mobiliário (mesa e cadeira) em conformidade com a NR17, NBR13966 e NBR1962 / Presença de apoio para os pés.','2025-05-23 02:15:56.730404','2025-05-23 02:15:56.730451',1,3,NULL),(9,'MOBILIÁRIO (MESA E CADEIRA) EM CONFORMIDADE COM A NR 17, NBR 13966 E NBR 13962','2025-05-26 17:01:51.689827','2025-05-26 17:01:51.690329',1,3,NULL),(10,'Monitor/tela sem suporte com regulagem de altura','2025-06-03 17:15:47.034809','2025-06-03 17:15:47.034894',1,2,NULL);
/*!40000 ALTER TABLE `automacao_aep_medidacontroleengenharia` ENABLE KEYS */;
UNLOCK TABLES;

--
-- Table structure for table `automacao_aep_medidacontroleindividual`
--

DROP TABLE IF EXISTS `automacao_aep_medidacontroleindividual`;
/*!40101 SET @saved_cs_client     = @@character_set_client */;
/*!50503 SET character_set_client = utf8mb4 */;
CREATE TABLE `automacao_aep_medidacontroleindividual` (
  `id` bigint NOT NULL AUTO_INCREMENT,
  `nome` longtext NOT NULL,
  `data_criacao` datetime(6) NOT NULL,
  `data_modificacao` datetime(6) NOT NULL,
  `inquilino_id` bigint NOT NULL,
  `usuario_criador_id` int DEFAULT NULL,
  `usuario_modificador_id` int DEFAULT NULL,
  PRIMARY KEY (`id`),
  KEY `automacao_aep_medida_inquilino_id_f3f26ec1_fk_contas_in` (`inquilino_id`),
  KEY `automacao_aep_medida_usuario_criador_id_2dfccdc2_fk_auth_user` (`usuario_criador_id`),
  KEY `automacao_aep_medida_usuario_modificador__fbd47380_fk_auth_user` (`usuario_modificador_id`),
  CONSTRAINT `automacao_aep_medida_inquilino_id_f3f26ec1_fk_contas_in` FOREIGN KEY (`inquilino_id`) REFERENCES `contas_inquilino` (`id`),
  CONSTRAINT `automacao_aep_medida_usuario_criador_id_2dfccdc2_fk_auth_user` FOREIGN KEY (`usuario_criador_id`) REFERENCES `auth_user` (`id`),
  CONSTRAINT `automacao_aep_medida_usuario_modificador__fbd47380_fk_auth_user` FOREIGN KEY (`usuario_modificador_id`) REFERENCES `auth_user` (`id`)
) ENGINE=InnoDB AUTO_INCREMENT=4 DEFAULT CHARSET=utf8mb4 COLLATE=utf8mb4_0900_ai_ci;
/*!40101 SET character_set_client = @saved_cs_client */;

--
-- Dumping data for table `automacao_aep_medidacontroleindividual`
--

LOCK TABLES `automacao_aep_medidacontroleindividual` WRITE;
/*!40000 ALTER TABLE `automacao_aep_medidacontroleindividual` DISABLE KEYS */;
INSERT INTO `automacao_aep_medidacontroleindividual` VALUES (1,'N/A','2025-05-10 13:34:36.326148','2025-05-10 13:34:36.326186',1,1,NULL),(2,'Pausas livres','2025-05-16 14:06:55.727162','2025-05-16 14:06:55.727197',1,3,NULL),(3,'Pausas livres','2025-06-03 16:48:08.558560','2025-06-03 16:48:08.558628',1,2,NULL);
/*!40000 ALTER TABLE `automacao_aep_medidacontroleindividual` ENABLE KEYS */;
UNLOCK TABLES;

--
-- Table structure for table `automacao_aep_medidacontroleorganizacional`
--

DROP TABLE IF EXISTS `automacao_aep_medidacontroleorganizacional`;
/*!40101 SET @saved_cs_client     = @@character_set_client */;
/*!50503 SET character_set_client = utf8mb4 */;
CREATE TABLE `automacao_aep_medidacontroleorganizacional` (
  `id` bigint NOT NULL AUTO_INCREMENT,
  `nome` longtext NOT NULL,
  `data_criacao` datetime(6) NOT NULL,
  `data_modificacao` datetime(6) NOT NULL,
  `inquilino_id` bigint NOT NULL,
  `usuario_criador_id` int DEFAULT NULL,
  `usuario_modificador_id` int DEFAULT NULL,
  PRIMARY KEY (`id`),
  KEY `automacao_aep_medida_inquilino_id_2686c790_fk_contas_in` (`inquilino_id`),
  KEY `automacao_aep_medida_usuario_criador_id_11247153_fk_auth_user` (`usuario_criador_id`),
  KEY `automacao_aep_medida_usuario_modificador__e954ee1a_fk_auth_user` (`usuario_modificador_id`),
  CONSTRAINT `automacao_aep_medida_inquilino_id_2686c790_fk_contas_in` FOREIGN KEY (`inquilino_id`) REFERENCES `contas_inquilino` (`id`),
  CONSTRAINT `automacao_aep_medida_usuario_criador_id_11247153_fk_auth_user` FOREIGN KEY (`usuario_criador_id`) REFERENCES `auth_user` (`id`),
  CONSTRAINT `automacao_aep_medida_usuario_modificador__e954ee1a_fk_auth_user` FOREIGN KEY (`usuario_modificador_id`) REFERENCES `auth_user` (`id`)
) ENGINE=InnoDB AUTO_INCREMENT=8 DEFAULT CHARSET=utf8mb4 COLLATE=utf8mb4_0900_ai_ci;
/*!40101 SET character_set_client = @saved_cs_client */;

--
-- Dumping data for table `automacao_aep_medidacontroleorganizacional`
--

LOCK TABLES `automacao_aep_medidacontroleorganizacional` WRITE;
/*!40000 ALTER TABLE `automacao_aep_medidacontroleorganizacional` DISABLE KEYS */;
INSERT INTO `automacao_aep_medidacontroleorganizacional` VALUES (1,'N/A','2025-05-10 13:34:28.870571','2025-05-10 13:34:28.870612',1,1,NULL),(2,'Rodízios das atividades','2025-05-15 19:45:43.037708','2025-05-15 19:45:43.038133',1,3,NULL),(3,'Acesso ao gestor para solucionar demandas quando necessário','2025-05-16 16:34:43.475120','2025-05-16 16:34:43.475307',1,3,NULL),(4,'Pausas padronizadas','2025-05-16 17:02:54.503866','2025-05-16 17:02:54.503898',1,3,NULL),(5,'Acesso ao gestor para solucionar demanda quando necessário / Rodízio das atividades','2025-05-20 15:53:49.910391','2025-05-20 15:53:49.910584',1,3,NULL),(6,'Alternância de postura ao longo da jornada de trabalho','2025-06-03 16:47:05.729347','2025-06-03 16:47:05.729547',1,2,NULL),(7,'Possibilidade de alternância de postura ao longo da jornada de trabalho','2025-06-03 16:47:56.824552','2025-06-03 16:47:56.824595',1,2,NULL);
/*!40000 ALTER TABLE `automacao_aep_medidacontroleorganizacional` ENABLE KEYS */;
UNLOCK TABLES;

--
-- Table structure for table `automacao_aep_situacaorisco`
--

DROP TABLE IF EXISTS `automacao_aep_situacaorisco`;
/*!40101 SET @saved_cs_client     = @@character_set_client */;
/*!50503 SET character_set_client = utf8mb4 */;
CREATE TABLE `automacao_aep_situacaorisco` (
  `id` bigint NOT NULL AUTO_INCREMENT,
  `fase_levantamento_preliminar` varchar(255) NOT NULL,
  `aspectos_ergonomicos` varchar(255) NOT NULL,
  `perigos_externos` varchar(255) NOT NULL,
  `registro_fotografico` varchar(100) DEFAULT NULL,
  `clas_risco_probabilidade` varchar(255) NOT NULL,
  `class_risco_severidade` varchar(255) NOT NULL,
  `class_risco_controle` varchar(255) NOT NULL,
  `classificacao_risco` varchar(30) DEFAULT NULL,
  `pontuacao_risco` decimal(10,2) DEFAULT NULL,
  `necessita_aet` varchar(255) NOT NULL,
  `avaliacao_id` bigint NOT NULL,
  `fontes_circunstancias_id` bigint NOT NULL,
  `lesoes_agravos_id` bigint NOT NULL,
  `medida_controle_engenharia_id` bigint NOT NULL,
  `medida_controle_individual_id` bigint NOT NULL,
  `medida_controle_organizacional_id` bigint NOT NULL,
  `perigo_fator_risco_id` bigint NOT NULL,
  `sugestao_recomendacao_id` bigint NOT NULL,
  `inquilino_id` bigint NOT NULL,
  PRIMARY KEY (`id`),
  KEY `automacao_aep_situac_avaliacao_id_c39d1ee3_fk_automacao` (`avaliacao_id`),
  KEY `automacao_aep_situac_fontes_circunstancia_3e22a9a7_fk_automacao` (`fontes_circunstancias_id`),
  KEY `automacao_aep_situac_lesoes_agravos_id_845fcfd8_fk_automacao` (`lesoes_agravos_id`),
  KEY `automacao_aep_situac_medida_controle_enge_5e89885e_fk_automacao` (`medida_controle_engenharia_id`),
  KEY `automacao_aep_situac_medida_controle_indi_638a41f1_fk_automacao` (`medida_controle_individual_id`),
  KEY `automacao_aep_situac_medida_controle_orga_507ce3f5_fk_automacao` (`medida_controle_organizacional_id`),
  KEY `automacao_aep_situac_perigo_fator_risco_i_cb897930_fk_automacao` (`perigo_fator_risco_id`),
  KEY `automacao_aep_situac_sugestao_recomendaca_ae13c2c4_fk_automacao` (`sugestao_recomendacao_id`),
  KEY `automacao_aep_situacaorisco_inquilino_id_fk` (`inquilino_id`),
  CONSTRAINT `automacao_aep_situac_avaliacao_id_c39d1ee3_fk_automacao` FOREIGN KEY (`avaliacao_id`) REFERENCES `automacao_aep_avaliacao` (`id`),
  CONSTRAINT `automacao_aep_situac_fontes_circunstancia_3e22a9a7_fk_automacao` FOREIGN KEY (`fontes_circunstancias_id`) REFERENCES `automacao_aep_circunstanciariscoergonomico` (`id`),
  CONSTRAINT `automacao_aep_situac_lesoes_agravos_id_845fcfd8_fk_automacao` FOREIGN KEY (`lesoes_agravos_id`) REFERENCES `automacao_aep_lesaoagravo` (`id`),
  CONSTRAINT `automacao_aep_situac_medida_controle_enge_5e89885e_fk_automacao` FOREIGN KEY (`medida_controle_engenharia_id`) REFERENCES `automacao_aep_medidacontroleengenharia` (`id`),
  CONSTRAINT `automacao_aep_situac_medida_controle_indi_638a41f1_fk_automacao` FOREIGN KEY (`medida_controle_individual_id`) REFERENCES `automacao_aep_medidacontroleindividual` (`id`),
  CONSTRAINT `automacao_aep_situac_medida_controle_orga_507ce3f5_fk_automacao` FOREIGN KEY (`medida_controle_organizacional_id`) REFERENCES `automacao_aep_medidacontroleorganizacional` (`id`),
  CONSTRAINT `automacao_aep_situac_perigo_fator_risco_i_cb897930_fk_automacao` FOREIGN KEY (`perigo_fator_risco_id`) REFERENCES `automacao_aep_fonteriscoergonomico` (`id`),
  CONSTRAINT `automacao_aep_situac_sugestao_recomendaca_ae13c2c4_fk_automacao` FOREIGN KEY (`sugestao_recomendacao_id`) REFERENCES `automacao_aep_sugestaorecomendacao` (`id`),
  CONSTRAINT `automacao_aep_situacaorisco_inquilino_id_fk` FOREIGN KEY (`inquilino_id`) REFERENCES `contas_inquilino` (`id`)
) ENGINE=InnoDB AUTO_INCREMENT=111 DEFAULT CHARSET=utf8mb4 COLLATE=utf8mb4_0900_ai_ci;
/*!40101 SET character_set_client = @saved_cs_client */;

--
-- Dumping data for table `automacao_aep_situacaorisco`
--

LOCK TABLES `automacao_aep_situacaorisco` WRITE;
/*!40000 ALTER TABLE `automacao_aep_situacaorisco` DISABLE KEYS */;
INSERT INTO `automacao_aep_situacaorisco` VALUES (1,'atividades_existentes','fisico','nao','registros_fotograficos/IMG_8129.JPG','moderado','moderada','pequenas_deficiencias','moderado',14.40,'nao',2,3,2,1,1,4,3,8,1),(2,'atividades_existentes','fisico','nao','registros_fotograficos/IMG_8128.JPG','moderado','menor','pequenas_deficiencias','baixo',7.20,'nao',2,3,3,1,1,4,4,3,1),(3,'atividades_existentes','fisico','nao','registros_fotograficos/IMG_8129_rlR48LM.JPG','moderado','moderada','pequenas_deficiencias','moderado',14.40,'sim',2,3,4,3,1,4,5,4,1),(4,'atividades_existentes','cognitivo','nao','','moderado','menor','conforme','trivial',2.40,'nao',2,3,5,1,2,3,6,2,1),(5,'atividades_existentes','psicossocial','nao','','moderado','menor','conforme','trivial',2.40,'nao',2,3,6,2,2,3,7,2,1),(6,'atividades_existentes','fisico','nao','registros_fotograficos/017F1908-9FDA-4978-A2A8-4E452293F0F8.png','moderado','moderada','pequenas_deficiencias','moderado',14.40,'nao',3,3,2,4,1,4,8,8,1),(7,'atividades_existentes','fisico','nao','registros_fotograficos/DA46F1B1-AB94-4DFC-AA2D-409348CB7007.png','moderado','menor','pequenas_deficiencias','baixo',7.20,'nao',3,3,3,4,1,4,9,3,1),(8,'atividades_existentes','fisico','nao','registros_fotograficos/017F1908-9FDA-4978-A2A8-4E452293F0F8_d3bCPez.png','moderado','moderada','pequenas_deficiencias','moderado',14.40,'sim',3,3,4,3,1,4,5,4,1),(9,'atividades_existentes','cognitivo','nao','','moderado','menor','conforme','trivial',2.40,'nao',3,3,5,1,1,3,6,2,1),(10,'atividades_existentes','psicossocial','nao','','moderado','menor','conforme','trivial',2.40,'nao',3,3,6,2,1,3,7,2,1),(11,'atividades_existentes','fisico','nao','registros_fotograficos/20250506_123359437_iOS.jpg','moderado','menor','conforme','trivial',2.40,'nao',4,3,2,2,2,1,3,2,1),(12,'atividades_existentes','fisico','nao','registros_fotograficos/20250506_123402147_iOS.jpg','moderado','menor','pequenas_deficiencias','baixo',7.20,'nao',4,3,3,1,2,1,4,3,1),(13,'atividades_existentes','cognitivo','nao','','moderado','menor','conforme','trivial',2.40,'nao',4,3,1,1,2,1,6,2,1),(14,'atividades_existentes','psicossocial','nao','','moderado','menor','pequenas_deficiencias','baixo',7.20,'nao',4,3,7,1,2,1,10,5,1),(15,'atividades_existentes','fisico','nao','registros_fotograficos/20250506_123420963_iOS.jpg','moderado','moderada','pequenas_deficiencias','moderado',14.40,'nao',5,3,2,1,1,4,3,8,1),(16,'atividades_existentes','fisico','nao','registros_fotograficos/A12ED67D-2D68-4F0D-B517-29A1E6314646.png','moderado','menor','pequenas_deficiencias','baixo',7.20,'nao',5,3,3,1,1,4,4,3,1),(17,'atividades_existentes','fisico','nao','registros_fotograficos/9997D9FE-D453-4852-B974-2F8538153FD5.png','moderado','menor','pequenas_deficiencias','baixo',7.20,'sim',5,3,4,5,1,4,11,4,1),(18,'atividades_existentes','cognitivo','nao','','moderado','moderada','conforme','trivial',4.80,'nao',5,3,1,1,2,2,6,2,1),(19,'atividades_existentes','psicossocial','nao','','moderado','menor','conforme','trivial',2.40,'nao',5,3,7,2,1,5,7,2,1),(20,'atividades_existentes','fisico','nao','registros_fotograficos/33725608-7931-43AE-8542-E098E6ACFD00.png','moderado','menor','pequenas_deficiencias','baixo',7.20,'nao',5,3,4,6,2,2,12,6,1),(21,'atividades_existentes','fisico','nao','registros_fotograficos/15BF408F-23E0-421F-8AF2-91ADDFBB0CAD.png','moderado','moderada','pequenas_deficiencias','moderado',14.40,'nao',6,3,2,1,1,4,3,8,1),(22,'atividades_existentes','fisico','nao','registros_fotograficos/7404268A-FF43-4BC1-BAB9-74D6408AC698.png','moderado','menor','pequenas_deficiencias','baixo',7.20,'nao',6,3,3,1,2,4,4,3,1),(23,'atividades_existentes','fisico','nao','registros_fotograficos/6373019B-FAE7-481E-ADF7-CE23BD78EFF6.png','moderado','menor','pequenas_deficiencias','baixo',7.20,'nao',6,3,4,6,2,2,12,6,1),(24,'atividades_existentes','psicossocial','nao','','moderado','moderada','conforme','trivial',4.80,'nao',6,3,6,2,2,2,7,2,1),(25,'atividades_existentes','fisico','nao','registros_fotograficos/F8E70398-EE86-4661-A78B-786A602C9AC0.png','moderado','moderada','pequenas_deficiencias','moderado',14.40,'nao',7,3,2,1,1,4,3,8,1),(26,'atividades_existentes','fisico','nao','registros_fotograficos/822E7A23-910B-4CA5-B12C-EF5CD21659C4.png','moderado','menor','pequenas_deficiencias','baixo',7.20,'nao',7,3,3,1,1,4,4,3,1),(27,'atividades_existentes','fisico','nao','registros_fotograficos/F8E70398-EE86-4661-A78B-786A602C9AC0_Xw6KWF6.png','moderado','moderada','pequenas_deficiencias','moderado',14.40,'sim',7,3,4,1,1,4,5,4,1),(28,'atividades_existentes','fisico','nao','registros_fotograficos/822E7A23-910B-4CA5-B12C-EF5CD21659C4_odBMsBb.png','moderado','menor','pequenas_deficiencias','baixo',7.20,'nao',7,3,4,6,1,4,12,6,1),(29,'atividades_existentes','fisico','nao','registros_fotograficos/E53A8B68-7B6F-42A1-B4FF-799635521ADF.png','moderado','moderada','pequenas_deficiencias','moderado',14.40,'nao',8,3,2,1,1,4,3,8,1),(30,'atividades_existentes','fisico','nao','registros_fotograficos/08B63D96-2CB8-4279-A330-ACEC814B420F.png','moderado','menor','pequenas_deficiencias','baixo',7.20,'nao',8,3,3,1,1,4,4,3,1),(31,'atividades_existentes','fisico','nao','registros_fotograficos/E53A8B68-7B6F-42A1-B4FF-799635521ADF_awWz3s9.png','moderado','moderada','pequenas_deficiencias','moderado',14.40,'sim',8,3,4,1,1,4,11,4,1),(33,'atividades_existentes','cognitivo','nao','','moderado','menor','conforme','trivial',2.40,'nao',8,3,5,1,2,2,6,2,1),(34,'atividades_existentes','psicossocial','nao','','baixo','moderada','conforme','trivial',3.20,'nao',8,3,6,2,2,2,7,2,1),(35,'atividades_existentes','fisico','nao','registros_fotograficos/20250506_124021627_iOS.jpg','moderado','menor','pequenas_deficiencias','baixo',7.20,'nao',2,3,8,7,2,1,13,7,1),(36,'atividades_existentes','fisico','nao','registros_fotograficos/20250506_124022895_iOS.jpg','moderado','menor','pequenas_deficiencias','baixo',7.20,'nao',3,3,8,7,2,1,13,7,1),(37,'atividades_existentes','fisico','nao','registros_fotograficos/20250506_124022895_iOS_J30Jcyk.jpg','moderado','menor','pequenas_deficiencias','baixo',7.20,'nao',5,3,8,7,2,1,13,7,1),(38,'atividades_existentes','fisico','nao','registros_fotograficos/20250506_124015790_iOS.jpg','moderado','menor','pequenas_deficiencias','baixo',7.20,'nao',6,3,8,7,2,1,13,7,1),(39,'atividades_existentes','fisico','nao','registros_fotograficos/20250506_124019402_iOS.jpg','moderado','menor','pequenas_deficiencias','baixo',7.20,'nao',6,3,8,7,2,1,13,7,1),(40,'atividades_existentes','cognitivo','nao','','moderado','menor','conforme','trivial',2.40,'nao',7,3,1,1,2,2,6,2,1),(41,'atividades_existentes','psicossocial','nao','','moderado','menor','conforme','trivial',2.40,'nao',7,3,6,2,2,2,7,2,1),(42,'atividades_existentes','fisico','nao','registros_fotograficos/20250506_125129864_iOS.jpg','moderado','menor','pequenas_deficiencias','baixo',7.20,'nao',4,3,8,7,2,1,13,7,1),(43,'atividades_existentes','fisico','nao','registros_fotograficos/20250506_125129864_iOS_duKuUbG.jpg','moderado','menor','pequenas_deficiencias','baixo',7.20,'nao',8,3,8,7,2,1,13,7,1),(44,'atividades_existentes','fisico','nao','registros_fotograficos/6BCDD73D-1EE7-4ADA-9E91-5969B65DBF8D.png','moderado','moderada','pequenas_deficiencias','moderado',14.40,'nao',9,3,2,1,1,4,3,8,1),(45,'atividades_existentes','fisico','nao','registros_fotograficos/2B7C698B-D36A-4B1D-BE16-067CF587E840.png','moderado','moderada','pequenas_deficiencias','moderado',14.40,'sim',9,3,4,1,1,4,5,4,1),(47,'atividades_existentes','cognitivo','nao','','moderado','menor','conforme','trivial',2.40,'nao',9,3,1,1,2,2,6,2,1),(48,'atividades_existentes','psicossocial','nao','','moderado','menor','conforme','trivial',2.40,'nao',9,3,6,2,2,3,7,2,1),(49,'atividades_existentes','fisico','nao','registros_fotograficos/20250506_125137546_iOS.jpg','moderado','menor','pequenas_deficiencias','baixo',7.20,'nao',9,3,8,7,2,1,13,7,1),(50,'atividades_existentes','fisico','nao','registros_fotograficos/90BEA2E8-289E-4E08-833D-DDC413753F89.png','moderado','moderada','pequenas_deficiencias','moderado',14.40,'nao',10,3,2,1,1,4,3,8,1),(51,'atividades_existentes','fisico','nao','registros_fotograficos/5943A560-E3F6-456C-BAE9-EA1F67B18F2A.png','moderado','menor','pequenas_deficiencias','baixo',7.20,'nao',10,3,3,1,1,4,4,3,1),(52,'atividades_existentes','fisico','nao','registros_fotograficos/178CFD88-9B04-4AF0-9CAE-A770B08BA8C1.png','moderado','moderada','pequenas_deficiencias','moderado',14.40,'sim',10,3,4,1,1,4,5,4,1),(53,'atividades_existentes','cognitivo','nao','','moderado','menor','conforme','trivial',2.40,'nao',10,3,1,1,2,2,6,2,1),(54,'atividades_existentes','psicossocial','nao','','baixo','moderada','conforme','trivial',3.20,'nao',10,3,6,2,2,5,7,2,1),(55,'atividades_existentes','fisico','nao','registros_fotograficos/20250506_125137546_iOS_h21xDJz.jpg','moderado','menor','pequenas_deficiencias','baixo',7.20,'nao',10,3,8,7,2,1,13,7,1),(56,'atividades_existentes','fisico','nao','registros_fotograficos/77755857-CCFA-46FE-AE7B-8B28CDE435E9.png','moderado','moderada','pequenas_deficiencias','moderado',14.40,'nao',11,3,2,1,1,4,3,8,1),(57,'atividades_existentes','fisico','nao','registros_fotograficos/77755857-CCFA-46FE-AE7B-8B28CDE435E9_EU9tEA6.png','moderado','menor','pequenas_deficiencias','baixo',7.20,'nao',11,3,3,1,1,4,4,3,1),(58,'atividades_existentes','fisico','nao','registros_fotograficos/F3440D9D-BFB2-4BB9-9D7C-A59B139DE3BC.png','moderado','menor','pequenas_deficiencias','baixo',7.20,'nao',11,3,3,5,1,4,11,6,1),(59,'atividades_existentes','psicossocial','nao','','moderado','menor','conforme','trivial',2.40,'nao',11,3,6,2,2,3,7,2,1),(60,'atividades_existentes','fisico','nao','registros_fotograficos/20250506_125129864_iOS_rV2L1t5.jpg','moderado','menor','pequenas_deficiencias','baixo',7.20,'nao',11,3,8,7,2,1,13,7,1),(61,'atividades_existentes','fisico','nao','registros_fotograficos/6262C874-0B65-440E-92D0-9577F165C54B.png','moderado','moderada','pequenas_deficiencias','moderado',14.40,'nao',12,3,2,1,1,4,3,8,1),(62,'atividades_existentes','fisico','nao','registros_fotograficos/826A24C5-6448-43AF-87E0-A1510CAF6A51.png','moderado','menor','pequenas_deficiencias','baixo',7.20,'nao',12,3,3,1,1,4,4,3,1),(63,'atividades_existentes','fisico','nao','registros_fotograficos/6262C874-0B65-440E-92D0-9577F165C54B_aNBMf7S.png','moderado','moderada','pequenas_deficiencias','moderado',14.40,'sim',12,3,4,1,1,4,5,4,1),(64,'atividades_existentes','fisico','nao','registros_fotograficos/F3AB9173-60AB-4E16-B5E5-28E4AF6292CB.png','moderado','menor','pequenas_deficiencias','baixo',7.20,'nao',12,3,4,6,1,4,12,6,1),(65,'atividades_existentes','fisico','nao','registros_fotograficos/A8F43977-7DDC-43EE-8841-0A668BDE748D.png','moderado','menor','pequenas_deficiencias','baixo',7.20,'nao',12,3,2,1,1,4,14,3,1),(66,'atividades_existentes','psicossocial','nao','','moderado','menor','conforme','trivial',2.40,'nao',12,3,6,2,2,5,7,2,1),(67,'atividades_existentes','fisico','nao','registros_fotograficos/20250506_125129236_iOS.jpg','moderado','menor','pequenas_deficiencias','baixo',7.20,'nao',12,3,8,7,2,1,13,7,1),(68,'atividades_existentes','fisico','nao','registros_fotograficos/BC135EC1-FD43-4294-8114-2C53818DF002.png','moderado','moderada','pequenas_deficiencias','moderado',14.40,'nao',13,3,2,1,1,4,3,8,1),(69,'atividades_existentes','fisico','nao','registros_fotograficos/BC135EC1-FD43-4294-8114-2C53818DF002_2H7Ikev.png','moderado','menor','pequenas_deficiencias','baixo',7.20,'nao',13,3,3,1,1,4,4,3,1),(70,'atividades_existentes','fisico','nao','registros_fotograficos/BC135EC1-FD43-4294-8114-2C53818DF002_Qx0HaE2.png','moderado','moderada','pequenas_deficiencias','moderado',14.40,'nao',13,3,4,6,1,4,12,6,1),(71,'atividades_existentes','psicossocial','nao','','moderado','menor','conforme','trivial',2.40,'nao',13,3,6,2,2,5,7,2,1),(72,'atividades_existentes','fisico','nao','registros_fotograficos/85C500B2-0860-405E-A751-22E37FFA15B0.png','moderado','moderada','pequenas_deficiencias','moderado',14.40,'nao',14,3,2,1,2,1,3,8,1),(73,'atividades_existentes','fisico','nao','registros_fotograficos/1387B036-30F7-4490-8654-FE597FDE1311.png','moderado','menor','pequenas_deficiencias','baixo',7.20,'nao',14,3,3,1,2,1,4,3,1),(74,'atividades_existentes','fisico','nao','registros_fotograficos/AAE8CE44-D8AF-45DA-8B59-A59EFEF121BD.png','moderado','moderada','pequenas_deficiencias','moderado',14.40,'sim',14,3,4,6,2,1,12,4,1),(75,'atividades_existentes','fisico','nao','registros_fotograficos/5EA5F468-CFAD-4356-9735-F5C0189BB7E8.png','moderado','menor','pequenas_deficiencias','baixo',7.20,'nao',14,3,2,1,2,2,15,3,1),(76,'atividades_existentes','psicossocial','nao','','moderado','menor','conforme','trivial',2.40,'nao',14,3,6,2,2,5,7,2,1),(77,'atividades_existentes','fisico','nao','registros_fotograficos/20250506_124021627_iOS_re3V3Ox.jpg','moderado','menor','pequenas_deficiencias','baixo',7.20,'nao',14,3,8,7,2,1,13,7,1),(78,'atividades_existentes','fisico','nao','registros_fotograficos/IMG_8778.jpg','moderado','menor','conforme','trivial',2.40,'nao',15,6,2,8,2,1,8,2,1),(79,'atividades_existentes','fisico','nao','registros_fotograficos/IMG_8781.jpg','moderado','menor','pequenas_deficiencias','baixo',7.20,'nao',15,6,3,8,2,1,9,3,1),(80,'atividades_existentes','cognitivo','nao','','moderado','menor','conforme','trivial',2.40,'nao',15,6,1,1,2,1,6,2,1),(81,'atividades_existentes','psicossocial','nao','','moderado','menor','conforme','trivial',2.40,'nao',15,6,6,2,2,1,16,2,1),(82,'atividades_existentes','fisico','nao','registros_fotograficos/IMG_8775.jpg','moderado','menor','pequenas_deficiencias','baixo',7.20,'nao',15,6,8,7,2,1,13,7,1),(83,'atividades_existentes','fisico','nao','registros_fotograficos/IMG_8794.jpg','moderado','menor','conforme','trivial',2.40,'nao',16,6,2,8,2,1,8,2,1),(84,'atividades_existentes','fisico','nao','registros_fotograficos/IMG_8799.jpg','moderado','menor','pequenas_deficiencias','baixo',7.20,'nao',16,6,3,8,2,1,9,3,1),(85,'atividades_existentes','cognitivo','nao','','moderado','menor','conforme','trivial',2.40,'nao',16,6,1,1,2,1,6,2,1),(86,'atividades_existentes','psicossocial','nao','','moderado','menor','conforme','trivial',2.40,'nao',16,6,6,1,2,1,17,2,1),(87,'atividades_existentes','fisico','nao','registros_fotograficos/IMG_8791.jpg','moderado','menor','pequenas_deficiencias','baixo',7.20,'nao',16,6,8,7,2,1,13,7,1),(88,'atividades_existentes','fisico','nao','registros_fotograficos/IMG_8802.jpg','moderado','menor','conforme','trivial',2.40,'nao',17,6,2,8,2,1,8,2,1),(89,'atividades_existentes','fisico','nao','registros_fotograficos/IMG_8808.jpg','moderado','menor','pequenas_deficiencias','baixo',7.20,'nao',17,6,3,8,2,1,9,3,1),(90,'atividades_existentes','cognitivo','nao','','moderado','menor','conforme','trivial',2.40,'nao',17,6,1,1,2,1,6,2,1),(91,'atividades_existentes','psicossocial','nao','','moderado','menor','conforme','trivial',2.40,'nao',17,6,6,1,2,3,7,2,1),(92,'atividades_existentes','fisico','nao','registros_fotograficos/IMG_8792.jpg','moderado','menor','pequenas_deficiencias','baixo',7.20,'nao',17,6,8,7,2,1,13,7,1),(93,'atividades_existentes','fisico','nao','registros_fotograficos/IMG_8812.jpg','moderado','menor','conforme','trivial',2.40,'nao',18,6,2,8,2,1,8,2,1),(94,'atividades_existentes','fisico','nao','registros_fotograficos/IMG_8816.jpg','moderado','menor','pequenas_deficiencias','baixo',7.20,'nao',18,6,3,8,2,1,9,3,1),(95,'atividades_existentes','cognitivo','nao','','moderado','menor','conforme','trivial',2.40,'nao',18,6,1,1,2,1,6,2,1),(96,'atividades_existentes','psicossocial','nao','','moderado','menor','conforme','trivial',2.40,'nao',18,6,6,1,2,3,7,2,1),(97,'atividades_existentes','fisico','nao','registros_fotograficos/E596DD6B-481E-46CF-A3BF-4DFFD24441BE.png','moderado','menor','pequenas_deficiencias','baixo',7.20,'nao',18,6,8,7,2,1,13,7,1),(98,'atividades_existentes','fisico','nao','registros_fotograficos/IMG_8836.jpg','moderado','menor','conforme','trivial',2.40,'nao',19,6,2,9,2,1,8,2,1),(99,'atividades_existentes','fisico','nao','registros_fotograficos/IMG_8842.jpg','moderado','moderada','pequenas_deficiencias','moderado',14.40,'nao',19,6,3,9,2,1,9,9,1),(100,'atividades_existentes','cognitivo','nao','registros_fotograficos/IMG_8838.jpg','moderado','menor','conforme','trivial',2.40,'nao',19,6,1,1,2,3,6,2,1),(101,'atividades_existentes','psicossocial','nao','','moderado','menor','conforme','trivial',2.40,'nao',19,6,6,2,2,3,7,2,1),(102,'atividades_existentes','fisico','nao','registros_fotograficos/IMG_8840.jpg','moderado','menor','pequenas_deficiencias','baixo',7.20,'nao',19,6,8,7,2,1,13,7,1),(103,'atividades_existentes','fisico','nao','registros_fotograficos/IMG_8842_jEd47Ag.jpg','moderado','menor','pequenas_deficiencias','baixo',7.20,'nao',19,6,3,9,2,1,9,3,1),(104,'atividades_existentes','fisico','nao','registros_fotograficos/IMG_8830.JPG','moderado','menor','conforme','trivial',2.40,'nao',20,3,2,1,2,1,3,2,1),(105,'atividades_existentes','fisico','nao','registros_fotograficos/IMG_8826.JPG','moderado','menor','pequenas_deficiencias','baixo',7.20,'nao',20,3,3,1,2,1,4,3,1),(106,'atividades_existentes','cognitivo','nao','','moderado','menor','conforme','trivial',2.40,'nao',20,3,1,1,2,3,6,2,1),(107,'atividades_existentes','psicossocial','nao','','moderado','menor','pequenas_deficiencias','baixo',7.20,'nao',20,3,7,1,2,3,16,10,1),(108,'atividades_existentes','fisico','nao','registros_fotograficos/20250603_115511139_iOS.jpg','moderado','menor','pequenas_deficiencias','baixo',7.20,'nao',22,6,2,8,3,7,8,2,1),(109,'atividades_existentes','fisico','nao','registros_fotograficos/20250603_115511139_iOS_mlFtySD.jpg','moderado','moderada','deficiente','moderado',19.20,'nao',22,6,9,10,2,7,9,11,1);
/*!40000 ALTER TABLE `automacao_aep_situacaorisco` ENABLE KEYS */;
UNLOCK TABLES;

--
-- Table structure for table `automacao_aep_sugestaorecomendacao`
--

DROP TABLE IF EXISTS `automacao_aep_sugestaorecomendacao`;
/*!40101 SET @saved_cs_client     = @@character_set_client */;
/*!50503 SET character_set_client = utf8mb4 */;
CREATE TABLE `automacao_aep_sugestaorecomendacao` (
  `id` bigint NOT NULL AUTO_INCREMENT,
  `nome` longtext NOT NULL,
  `data_criacao` datetime(6) NOT NULL,
  `data_modificacao` datetime(6) NOT NULL,
  `inquilino_id` bigint NOT NULL,
  `usuario_criador_id` int DEFAULT NULL,
  `usuario_modificador_id` int DEFAULT NULL,
  PRIMARY KEY (`id`),
  KEY `automacao_aep_sugest_inquilino_id_73a0a32b_fk_contas_in` (`inquilino_id`),
  KEY `automacao_aep_sugest_usuario_criador_id_c1343bf1_fk_auth_user` (`usuario_criador_id`),
  KEY `automacao_aep_sugest_usuario_modificador__5e3ff4c4_fk_auth_user` (`usuario_modificador_id`),
  CONSTRAINT `automacao_aep_sugest_inquilino_id_73a0a32b_fk_contas_in` FOREIGN KEY (`inquilino_id`) REFERENCES `contas_inquilino` (`id`),
  CONSTRAINT `automacao_aep_sugest_usuario_criador_id_c1343bf1_fk_auth_user` FOREIGN KEY (`usuario_criador_id`) REFERENCES `auth_user` (`id`),
  CONSTRAINT `automacao_aep_sugest_usuario_modificador__5e3ff4c4_fk_auth_user` FOREIGN KEY (`usuario_modificador_id`) REFERENCES `auth_user` (`id`)
) ENGINE=InnoDB AUTO_INCREMENT=12 DEFAULT CHARSET=utf8mb4 COLLATE=utf8mb4_0900_ai_ci;
/*!40101 SET character_set_client = @saved_cs_client */;

--
-- Dumping data for table `automacao_aep_sugestaorecomendacao`
--

LOCK TABLES `automacao_aep_sugestaorecomendacao` WRITE;
/*!40000 ALTER TABLE `automacao_aep_sugestaorecomendacao` DISABLE KEYS */;
INSERT INTO `automacao_aep_sugestaorecomendacao` VALUES (1,'Adequar layout entre mesa de trabalho e bancada de atendimento.','2025-05-10 13:35:03.115703','2025-05-10 13:35:03.115750',1,1,NULL),(2,'Manter meios de controle em conformidade com a legislação.','2025-05-15 20:02:53.442851','2025-05-15 20:02:53.442886',1,3,NULL),(3,'Realizar treinamento de ergonomia para apresentação dos perigos e riscos ergonômicos.','2025-05-16 13:52:03.758653','2025-05-16 13:52:03.758715',1,3,NULL),(4,'Realizar estudo aprofundado para a situação de risco identificada.','2025-05-16 16:29:11.807156','2025-05-16 16:29:11.807199',1,3,NULL),(5,'Curso para capacitação de lideranças','2025-05-19 14:13:37.254669','2025-05-19 14:13:37.254702',1,3,NULL),(6,'Realizar treinamento de ergonomia para levantamento e transporte manual de cargas','2025-05-19 15:31:37.057954','2025-05-19 15:31:37.057987',1,3,NULL),(7,'Elaborar relatório de iluminação conforme NHO-11.','2025-05-19 18:10:29.279515','2025-05-19 18:10:29.279549',1,3,NULL),(8,'Realizar pausas associadas a alternância de postura a cada 02 horas de atividade contínua.','2025-05-22 17:04:24.210918','2025-05-22 17:04:24.210978',1,3,NULL),(9,'DISPONIBILIZAR APOIO PARA OS PÉS','2025-05-26 17:04:45.112400','2025-05-26 17:04:45.112443',1,3,NULL),(10,'Realizar treinamentos para capacitação de lideranças','2025-05-26 17:56:04.277243','2025-05-26 17:56:04.277317',1,3,NULL),(11,'Disponibilizar suporte com regulagem de altura para o monitor/tela que se adapte às características antropométricas do trabalhador.','2025-06-03 17:16:59.959395','2025-06-03 17:16:59.959437',1,2,NULL);
/*!40000 ALTER TABLE `automacao_aep_sugestaorecomendacao` ENABLE KEYS */;
UNLOCK TABLES;

--
-- Table structure for table `automacao_rel_luminancia_ambiente`
--

DROP TABLE IF EXISTS `automacao_rel_luminancia_ambiente`;
/*!40101 SET @saved_cs_client     = @@character_set_client */;
/*!50503 SET character_set_client = utf8mb4 */;
CREATE TABLE `automacao_rel_luminancia_ambiente` (
  `id` bigint NOT NULL AUTO_INCREMENT,
  `layout` varchar(2) NOT NULL,
  `q1` int DEFAULT NULL,
  `q2` int DEFAULT NULL,
  `q3` int DEFAULT NULL,
  `q4` int DEFAULT NULL,
  `q5` int DEFAULT NULL,
  `q6` int DEFAULT NULL,
  `q7` int DEFAULT NULL,
  `q8` int DEFAULT NULL,
  `Q_MEDIO` double DEFAULT NULL,
  `N` int DEFAULT NULL,
  `M` int DEFAULT NULL,
  `r1` int DEFAULT NULL,
  `r2` int DEFAULT NULL,
  `r3` int DEFAULT NULL,
  `r4` int DEFAULT NULL,
  `r5` int DEFAULT NULL,
  `r6` int DEFAULT NULL,
  `r7` int DEFAULT NULL,
  `r8` int DEFAULT NULL,
  `R_MEDIO` double DEFAULT NULL,
  `W` int DEFAULT NULL,
  `L` int DEFAULT NULL,
  `p1` int DEFAULT NULL,
  `p2` int DEFAULT NULL,
  `p3` int DEFAULT NULL,
  `p4` int DEFAULT NULL,
  `P_MEDIO` double DEFAULT NULL,
  `t1` int DEFAULT NULL,
  `t2` int DEFAULT NULL,
  `t3` int DEFAULT NULL,
  `t4` int DEFAULT NULL,
  `T_MEDIO` double DEFAULT NULL,
  `ILUMINANCIA_MEDIA` double DEFAULT NULL,
  `resultado` varchar(30) DEFAULT NULL,
  `avaliacao_id` bigint DEFAULT NULL,
  `tipo_ambiente_id` bigint DEFAULT NULL,
  `inquilino_id` bigint NOT NULL,
  PRIMARY KEY (`id`),
  UNIQUE KEY `avaliacao_id_id` (`avaliacao_id`),
  KEY `automacao_rel_lumina_tipo_ambiente_id_693f2eb2_fk_automacao` (`tipo_ambiente_id`),
  KEY `automacao_rel_lumina_inquilino_id_dc77b8b2_fk_contas_in` (`inquilino_id`),
  CONSTRAINT `automacao_rel_lumina_avaliacao_id_id_4cea7510_fk_automacao` FOREIGN KEY (`avaliacao_id`) REFERENCES `automacao_rel_luminancia_avaliacao` (`id`),
  CONSTRAINT `automacao_rel_lumina_inquilino_id_dc77b8b2_fk_contas_in` FOREIGN KEY (`inquilino_id`) REFERENCES `contas_inquilino` (`id`),
  CONSTRAINT `automacao_rel_lumina_tipo_ambiente_id_693f2eb2_fk_automacao` FOREIGN KEY (`tipo_ambiente_id`) REFERENCES `automacao_rel_luminancia_tipoambiente` (`id`)
) ENGINE=InnoDB AUTO_INCREMENT=304 DEFAULT CHARSET=utf8mb3;
/*!40101 SET character_set_client = @saved_cs_client */;

--
-- Dumping data for table `automacao_rel_luminancia_ambiente`
--

LOCK TABLES `automacao_rel_luminancia_ambiente` WRITE;
/*!40000 ALTER TABLE `automacao_rel_luminancia_ambiente` DISABLE KEYS */;
INSERT INTO `automacao_rel_luminancia_ambiente` VALUES (1,'A4',679,574,NULL,NULL,NULL,NULL,NULL,NULL,626.5,2,3,790,686,602,538,NULL,NULL,NULL,NULL,654,NULL,NULL,687,523,NULL,NULL,605,801,899,389,402,622.8,635.5,'Adequado',1,159,1),(2,'A4',740,706,NULL,NULL,NULL,NULL,NULL,NULL,723,2,13,948,996,468,691,NULL,NULL,NULL,NULL,775.8,NULL,NULL,849,979,NULL,NULL,914,729,876,976,647,807,786.2,'Adequado',2,156,1),(3,'A4',602,495,NULL,NULL,NULL,NULL,NULL,NULL,548.5,2,5,624,676,669,631,NULL,NULL,NULL,NULL,650,NULL,NULL,567,609,NULL,NULL,588,556,543,660,579,584.5,614.9,'Adequado',3,156,1),(4,'A3',564,656,692,607,657,675,710,622,647.9,2,NULL,NULL,NULL,NULL,NULL,NULL,NULL,NULL,NULL,NULL,NULL,NULL,511,418,NULL,NULL,464.5,NULL,NULL,NULL,NULL,NULL,556.2,'Adequado',4,11,1),(5,'A2',NULL,NULL,NULL,NULL,NULL,NULL,NULL,NULL,NULL,NULL,NULL,NULL,NULL,NULL,NULL,NULL,NULL,NULL,NULL,NULL,NULL,NULL,122,154,232,201,177.3,NULL,NULL,NULL,NULL,NULL,177.3,'Não atende',5,156,1),(6,'A4',320,274,NULL,NULL,NULL,NULL,NULL,NULL,297,1,3,277,312,498,305,NULL,NULL,NULL,NULL,348,NULL,NULL,292,234,NULL,NULL,263,277,300,316,361,313.5,313.8,'Não atende',6,156,1),(9,'A2',NULL,NULL,NULL,NULL,NULL,NULL,NULL,NULL,NULL,NULL,NULL,NULL,NULL,NULL,NULL,NULL,NULL,NULL,NULL,NULL,NULL,NULL,302,165,209,298,243.5,NULL,NULL,NULL,NULL,NULL,243.5,'Não atende',9,159,1),(10,'A4',1057,779,NULL,NULL,NULL,NULL,NULL,NULL,918,3,2,1215,1154,1154,1197,NULL,NULL,NULL,NULL,1180,NULL,NULL,861,836,NULL,NULL,848.5,1024,1089,1041,922,1019,1020.2,'Adequado',10,156,1),(11,'A2',NULL,NULL,NULL,NULL,NULL,NULL,NULL,NULL,NULL,NULL,NULL,NULL,NULL,NULL,NULL,NULL,NULL,NULL,NULL,NULL,NULL,NULL,747,1228,827,863,916.3,NULL,NULL,NULL,NULL,NULL,916.3,'Adequado',11,156,1),(13,'A6',286,437,NULL,NULL,NULL,NULL,NULL,NULL,361.5,NULL,2,381,447,340,512,NULL,NULL,NULL,NULL,420,5,8,228,724,NULL,NULL,476,313,906,NULL,NULL,609.5,395.9,'Adequado',13,160,1),(14,'A2',NULL,NULL,NULL,NULL,NULL,NULL,NULL,NULL,NULL,NULL,NULL,NULL,NULL,NULL,NULL,NULL,NULL,NULL,NULL,NULL,NULL,NULL,437,578,635,541,547.8,NULL,NULL,NULL,NULL,NULL,547.8,'Adequado',14,156,1),(15,'A3',738,740,818,720,632,821,713,569,718.9,4,NULL,NULL,NULL,NULL,NULL,NULL,NULL,NULL,NULL,NULL,NULL,NULL,502,497,NULL,NULL,499.5,NULL,NULL,NULL,NULL,NULL,664,'Adequado',15,156,1),(16,'A4',764,642,NULL,NULL,NULL,NULL,NULL,NULL,703,5,11,790,819,848,871,NULL,NULL,NULL,NULL,832,NULL,NULL,895,636,NULL,NULL,765.5,805,757,698,505,691.3,799.9,'Adequado',16,156,1),(17,'A2',NULL,NULL,NULL,NULL,NULL,NULL,NULL,NULL,NULL,NULL,NULL,NULL,NULL,NULL,NULL,NULL,NULL,NULL,NULL,NULL,NULL,NULL,658,613,552,470,573.3,NULL,NULL,NULL,NULL,NULL,573.3,'Adequado',17,159,1),(18,'A4',453,657,NULL,NULL,NULL,NULL,NULL,NULL,555,2,3,634,616,695,578,NULL,NULL,NULL,NULL,630.8,NULL,NULL,452,634,NULL,NULL,543,716,571,667,590,636,605.3,'Adequado',18,156,1),(19,'A2',NULL,NULL,NULL,NULL,NULL,NULL,NULL,NULL,NULL,NULL,NULL,NULL,NULL,NULL,NULL,NULL,NULL,NULL,NULL,NULL,NULL,NULL,602,501,688,532,580.8,NULL,NULL,NULL,NULL,NULL,580.8,'Adequado',19,159,1),(20,'A2',NULL,NULL,NULL,NULL,NULL,NULL,NULL,NULL,NULL,NULL,NULL,NULL,NULL,NULL,NULL,NULL,NULL,NULL,NULL,NULL,NULL,NULL,640,528,471,461,525,NULL,NULL,NULL,NULL,NULL,525,'Adequado',20,159,1),(21,'A4',1036,985,NULL,NULL,NULL,NULL,NULL,NULL,1010.5,3,3,957,984,1024,1036,NULL,NULL,NULL,NULL,1000.3,NULL,NULL,758,886,NULL,NULL,822,782,688,925,1024,854.8,963.7,'Adequado',21,156,1),(22,'A4',348,428,NULL,NULL,NULL,NULL,NULL,NULL,388,12,12,475,499,557,437,NULL,NULL,NULL,NULL,492,NULL,NULL,288,457,NULL,NULL,372.5,458,274,435,351,379.5,475.3,'Adequado',22,102,1),(23,'A6',448,472,NULL,NULL,NULL,NULL,NULL,NULL,460,NULL,1,385,414,524,579,NULL,NULL,NULL,NULL,475.5,4,7,384,485,NULL,NULL,434.5,374,356,NULL,NULL,365,512.5,'Adequado',23,160,1),(25,'A4',772,459,NULL,NULL,NULL,NULL,NULL,NULL,615.5,2,4,637,609,620,624,NULL,NULL,NULL,NULL,622.5,NULL,NULL,489,452,NULL,NULL,470.5,631,712,561,553,614.3,606.6,'Adequado',25,16,1),(26,'A4',336,240,NULL,NULL,NULL,NULL,NULL,NULL,288,4,2,205,178,274,328,NULL,NULL,NULL,NULL,246.3,NULL,NULL,268,133,NULL,NULL,200.5,432,451,145,134,290.5,262.8,'Adequado',26,16,1),(27,'A4',698,232,NULL,NULL,NULL,NULL,NULL,NULL,465,5,3,401,360,595,672,NULL,NULL,NULL,NULL,507,NULL,NULL,922,199,NULL,NULL,560.5,422,299,412,478,402.8,486.7,'Adequado',27,156,1),(28,'A2',NULL,NULL,NULL,NULL,NULL,NULL,NULL,NULL,NULL,NULL,NULL,NULL,NULL,NULL,NULL,NULL,NULL,NULL,NULL,NULL,NULL,NULL,255,207,242,218,230.5,NULL,NULL,NULL,NULL,NULL,230.5,'Não atende',28,156,1),(29,'A3',261,258,211,214,285,253,308,277,258.4,2,NULL,NULL,NULL,NULL,NULL,NULL,NULL,NULL,NULL,NULL,NULL,NULL,117,190,NULL,NULL,153.5,NULL,NULL,NULL,NULL,NULL,205.9,'Não atende',29,156,1),(30,'A4',408,230,NULL,NULL,NULL,NULL,NULL,NULL,319,2,2,333,429,357,423,NULL,NULL,NULL,NULL,385.5,NULL,NULL,389,195,NULL,NULL,292,279,267,275,240,265.3,327.7,'Não atende',30,156,1),(31,'A3',163,166,167,180,167,173,177,150,167.9,2,NULL,NULL,NULL,NULL,NULL,NULL,NULL,NULL,NULL,NULL,NULL,NULL,111,109,NULL,NULL,110,NULL,NULL,NULL,NULL,NULL,138.9,'Não atende',31,156,1),(32,'A2',NULL,NULL,NULL,NULL,NULL,NULL,NULL,NULL,NULL,NULL,NULL,NULL,NULL,NULL,NULL,NULL,NULL,NULL,NULL,NULL,NULL,NULL,230,170,260,229,222.3,NULL,NULL,NULL,NULL,NULL,222.3,'Não atende',32,156,1),(33,'A3',158,159,209,208,162,135,164,173,171,2,NULL,NULL,NULL,NULL,NULL,NULL,NULL,NULL,NULL,NULL,NULL,NULL,105,110,NULL,NULL,107.5,NULL,NULL,NULL,NULL,NULL,139.3,'Não atende',33,156,1),(34,'A4',166,448,NULL,NULL,NULL,NULL,NULL,NULL,307,6,4,357,260,417,582,NULL,NULL,NULL,NULL,404,NULL,NULL,90,398,NULL,NULL,244,270,300,545,1009,531,391.1,'Adequado',34,15,1),(35,'A5',159,155,177,181,130,186,NULL,NULL,164.7,NULL,NULL,NULL,NULL,NULL,NULL,NULL,NULL,NULL,NULL,NULL,NULL,NULL,179,207,NULL,NULL,193,NULL,NULL,NULL,NULL,NULL,193,'Adequado',35,14,5),(41,'A4',421,322,NULL,NULL,NULL,NULL,NULL,NULL,371.5,7,2,445,513,448,521,NULL,NULL,NULL,NULL,481.8,NULL,NULL,396,457,NULL,NULL,426.5,480,434,NULL,NULL,228.5,414.2,'Não atende',41,156,1),(43,'A3',361,450,560,505,601,473,350,266,445.8,4,NULL,NULL,NULL,NULL,NULL,NULL,NULL,NULL,NULL,NULL,NULL,NULL,257,211,NULL,NULL,234,NULL,NULL,NULL,NULL,NULL,392.8,'Não atende',43,156,1),(44,'A3',397,363,456,439,582,558,528,473,474.5,3,NULL,NULL,NULL,NULL,NULL,NULL,NULL,NULL,NULL,NULL,NULL,NULL,489,451,NULL,NULL,470,NULL,NULL,NULL,NULL,NULL,473,'Adequado',44,156,1),(45,'A3',400,481,515,451,391,597,446,569,481.3,2,NULL,NULL,NULL,NULL,NULL,NULL,NULL,NULL,NULL,NULL,NULL,NULL,748,326,NULL,NULL,537,NULL,NULL,NULL,NULL,NULL,509.1,'Adequado',45,156,1),(46,'A3',201,319,342,139,257,300,347,236,267.6,2,NULL,NULL,NULL,NULL,NULL,NULL,NULL,NULL,NULL,NULL,NULL,NULL,112,239,NULL,NULL,175.5,NULL,NULL,NULL,NULL,NULL,221.6,'Não atende',46,156,1),(47,'A3',1196,370,817,4295,415,526,545,607,1096.4,4,NULL,NULL,NULL,NULL,NULL,NULL,NULL,NULL,NULL,NULL,NULL,NULL,798,316,NULL,NULL,557,NULL,NULL,NULL,NULL,NULL,961.5,'Adequado',47,156,1),(48,'A3',175,258,192,209,132,150,171,238,190.6,2,NULL,NULL,NULL,NULL,NULL,NULL,NULL,NULL,NULL,NULL,NULL,NULL,140,121,NULL,NULL,130.5,NULL,NULL,NULL,NULL,NULL,160.6,'Não atende',48,103,1),(49,'A4',214,250,NULL,NULL,NULL,NULL,NULL,NULL,232,3,3,390,536,328,284,NULL,NULL,NULL,NULL,384.5,NULL,NULL,124,139,NULL,NULL,131.5,279,302,218,214,253.3,303.4,'Não atende',49,156,1),(51,'A2',NULL,NULL,NULL,NULL,NULL,NULL,NULL,NULL,NULL,NULL,NULL,NULL,NULL,NULL,NULL,NULL,NULL,NULL,NULL,NULL,NULL,NULL,244,298,246,309,274.3,NULL,NULL,NULL,NULL,NULL,274.3,'Não atende',51,156,1),(52,'A4',418,409,NULL,NULL,NULL,NULL,NULL,NULL,413.5,3,2,537,542,502,612,NULL,NULL,NULL,NULL,548.3,NULL,NULL,512,272,NULL,NULL,392,534,590,466,415,501.3,472.3,'Adequado',52,156,1),(53,'A3',488,573,514,407,434,476,484,426,475.3,2,NULL,NULL,NULL,NULL,NULL,NULL,NULL,NULL,NULL,NULL,NULL,NULL,339,410,NULL,NULL,374.5,NULL,NULL,NULL,NULL,NULL,424.9,'Não atende',53,156,1),(54,'A2',NULL,NULL,NULL,NULL,NULL,NULL,NULL,NULL,NULL,NULL,NULL,NULL,NULL,NULL,NULL,NULL,NULL,NULL,NULL,NULL,NULL,NULL,297,263,276,279,278.8,NULL,NULL,NULL,NULL,NULL,278.8,'Não atende',54,156,1),(55,'A3',253,325,342,299,320,362,356,315,321.5,2,NULL,NULL,NULL,NULL,NULL,NULL,NULL,NULL,NULL,NULL,NULL,NULL,247,230,NULL,NULL,238.5,NULL,NULL,NULL,NULL,NULL,280,'Não atende',55,156,1),(56,'A2',NULL,NULL,NULL,NULL,NULL,NULL,NULL,NULL,NULL,NULL,NULL,NULL,NULL,NULL,NULL,NULL,NULL,NULL,NULL,NULL,NULL,NULL,347,488,742,441,504.5,NULL,NULL,NULL,NULL,NULL,504.5,'Adequado',56,2,1),(57,'A2',NULL,NULL,NULL,NULL,NULL,NULL,NULL,NULL,NULL,NULL,NULL,NULL,NULL,NULL,NULL,NULL,NULL,NULL,NULL,NULL,NULL,NULL,445,479,471,492,471.8,NULL,NULL,NULL,NULL,NULL,471.8,'Adequado',57,156,1),(59,'A3',398,394,481,427,365,360,490,384,412.4,2,NULL,NULL,NULL,NULL,NULL,NULL,NULL,NULL,NULL,NULL,NULL,NULL,330,326,NULL,NULL,328,NULL,NULL,NULL,NULL,NULL,370.2,'Não atende',59,156,1),(60,'A3',384,346,293,335,381,362,270,356,340.9,2,NULL,NULL,NULL,NULL,NULL,NULL,NULL,NULL,NULL,NULL,NULL,NULL,242,338,NULL,NULL,290,NULL,NULL,NULL,NULL,NULL,315.4,'Não atende',60,156,1),(61,'A2',NULL,NULL,NULL,NULL,NULL,NULL,NULL,NULL,NULL,NULL,NULL,NULL,NULL,NULL,NULL,NULL,NULL,NULL,NULL,NULL,NULL,NULL,547,756,670,571,636,NULL,NULL,NULL,NULL,NULL,636,'Adequado',61,156,1),(62,'A4',227,240,NULL,NULL,NULL,NULL,NULL,NULL,233.5,2,2,331,338,278,308,NULL,NULL,NULL,NULL,313.8,NULL,NULL,322,285,NULL,NULL,303.5,299,322,236,316,293.3,281.9,'Não atende',62,156,1),(63,'A3',409,485,413,510,495,496,585,517,488.8,2,NULL,NULL,NULL,NULL,NULL,NULL,NULL,NULL,NULL,NULL,NULL,NULL,335,418,NULL,NULL,376.5,NULL,NULL,NULL,NULL,NULL,432.6,'Adequado',63,213,1),(64,'A4',589,766,NULL,NULL,NULL,NULL,NULL,NULL,677.5,2,2,863,878,797,862,NULL,NULL,NULL,NULL,850,NULL,NULL,540,589,NULL,NULL,564.5,785,428,720,644,644.3,710.6,'Adequado',64,213,1),(65,'A3',583,655,731,1180,542,577,479,464,651.4,2,NULL,NULL,NULL,NULL,NULL,NULL,NULL,NULL,NULL,NULL,NULL,NULL,930,414,NULL,NULL,672,NULL,NULL,NULL,NULL,NULL,661.7,'Adequado',65,14,1),(66,'A3',366,307,373,399,368,331,431,450,378.1,2,NULL,NULL,NULL,NULL,NULL,NULL,NULL,NULL,NULL,NULL,NULL,NULL,348,372,NULL,NULL,360,NULL,NULL,NULL,NULL,NULL,369.1,'Adequado',66,210,1),(67,'A2',NULL,NULL,NULL,NULL,NULL,NULL,NULL,NULL,NULL,NULL,NULL,NULL,NULL,NULL,NULL,NULL,NULL,NULL,NULL,NULL,NULL,NULL,635,640,587,678,635,NULL,NULL,NULL,NULL,NULL,635,'Adequado',67,209,1),(68,'A2',NULL,NULL,NULL,NULL,NULL,NULL,NULL,NULL,NULL,NULL,NULL,NULL,NULL,NULL,NULL,NULL,NULL,NULL,NULL,NULL,NULL,NULL,363,408,339,365,368.8,NULL,NULL,NULL,NULL,NULL,368.8,'Não atende',68,209,1),(69,'A2',NULL,NULL,NULL,NULL,NULL,NULL,NULL,NULL,NULL,NULL,NULL,NULL,NULL,NULL,NULL,NULL,NULL,NULL,NULL,NULL,NULL,NULL,291,402,224,189,276.5,NULL,NULL,NULL,NULL,NULL,276.5,'Não atende',69,156,1),(70,'A3',165,218,275,265,312,292,271,195,249.1,2,NULL,NULL,NULL,NULL,NULL,NULL,NULL,NULL,NULL,NULL,NULL,NULL,141,266,NULL,NULL,203.5,NULL,NULL,NULL,NULL,NULL,226.3,'Não atende',70,156,1),(71,'A2',NULL,NULL,NULL,NULL,NULL,NULL,NULL,NULL,NULL,NULL,NULL,NULL,NULL,NULL,NULL,NULL,NULL,NULL,NULL,NULL,NULL,NULL,243,232,287,272,258.5,NULL,NULL,NULL,NULL,NULL,258.5,'Não atende',71,156,1),(72,'A3',390,433,469,441,300,238,285,239,349.4,3,NULL,NULL,NULL,NULL,NULL,NULL,NULL,NULL,NULL,NULL,NULL,NULL,277,216,NULL,NULL,246.5,NULL,NULL,NULL,NULL,NULL,315.1,'Não atende',72,156,1),(73,'A3',246,278,304,270,300,299,298,272,283.4,2,NULL,NULL,NULL,NULL,NULL,NULL,NULL,NULL,NULL,NULL,NULL,NULL,211,141,NULL,NULL,176,NULL,NULL,NULL,NULL,NULL,229.7,'Não atende',73,156,1),(74,'A3',187,214,236,205,177,215,242,248,215.5,2,NULL,NULL,NULL,NULL,NULL,NULL,NULL,NULL,NULL,NULL,NULL,NULL,173,200,NULL,NULL,186.5,NULL,NULL,NULL,NULL,NULL,201,'Não atende',74,156,1),(75,'A4',341,285,NULL,NULL,NULL,NULL,NULL,NULL,313,3,2,445,573,488,550,NULL,NULL,NULL,NULL,514,NULL,NULL,411,302,NULL,NULL,356.5,361,265,317,311,313.5,393.9,'Não atende',75,156,1),(76,'A4',277,226,NULL,NULL,NULL,NULL,NULL,NULL,251.5,4,3,380,354,390,372,NULL,NULL,NULL,NULL,374,NULL,NULL,287,211,NULL,NULL,249,229,205,390,336,290,321.8,'Não atende',76,156,1),(77,'A1',297,349,325,312,NULL,NULL,NULL,NULL,320.8,4,2,480,471,437,536,406,455,447,409,455.1,NULL,NULL,252,249,NULL,NULL,250.5,255,481,330,367,358.3,367,'Não atende',77,157,1),(78,'A1',99,166,332,236,NULL,NULL,NULL,NULL,208.3,6,2,296,302,498,222,356,407,304,204,323.6,NULL,NULL,144,346,NULL,NULL,245,448,347,239,328,340.5,270.4,'Não atende',78,50,1),(79,'A1',226,319,274,330,NULL,NULL,NULL,NULL,287.3,4,3,539,433,448,416,476,330,462,369,434.1,NULL,NULL,230,290,NULL,NULL,260,279,362,228,274,285.8,358.2,'Não atende',79,52,1),(80,'A1',331,385,269,276,NULL,NULL,NULL,NULL,315.3,4,2,366,430,518,479,485,478,517,476,468.6,NULL,NULL,288,235,NULL,NULL,261.5,313,331,284,220,287,362.5,'Não atende',80,157,1),(81,'A1',174,164,102,104,NULL,NULL,NULL,NULL,136,4,2,210,209,245,247,275,232,259,254,241.4,NULL,NULL,102,168,NULL,NULL,135,790,349,132,203,368.5,204.5,'Não atende',81,52,1),(82,'A1',220,217,290,234,NULL,NULL,NULL,NULL,240.3,2,2,278,241,321,285,292,266,324,285,286.5,NULL,NULL,179,171,NULL,NULL,175,165,305,189,277,234,233.9,'Não atende',82,156,1),(83,'A3',135,238,70,109,122,181,89,267,151.4,2,NULL,NULL,NULL,NULL,NULL,NULL,NULL,NULL,NULL,NULL,NULL,NULL,77,79,NULL,NULL,78,NULL,NULL,NULL,NULL,NULL,114.7,'Não atende',83,15,1),(84,'A2',NULL,NULL,NULL,NULL,NULL,NULL,NULL,NULL,NULL,NULL,NULL,NULL,NULL,NULL,NULL,NULL,NULL,NULL,NULL,NULL,NULL,NULL,120,148,141,108,129.3,NULL,NULL,NULL,NULL,NULL,129.3,'Adequado',84,14,1),(85,'A1',175,245,241,278,NULL,NULL,NULL,NULL,234.8,4,3,324,359,479,498,417,421,425,411,416.8,NULL,NULL,1460,270,NULL,NULL,865,570,468,366,392,449,414,'Não atende',85,104,1),(86,'A3',165,142,677,349,116,114,174,802,317.4,4,NULL,NULL,NULL,NULL,NULL,NULL,NULL,NULL,NULL,NULL,NULL,NULL,139,88,NULL,NULL,113.5,NULL,NULL,NULL,NULL,NULL,266.4,'Não atende',86,15,1),(87,'A1',384,355,570,563,NULL,NULL,NULL,NULL,468,3,2,680,749,617,694,482,505,441,534,587.8,NULL,NULL,498,172,NULL,NULL,335,895,675,188,198,489,489.3,'Adequado',87,158,1),(88,'A3',505,586,491,604,441,493,527,523,521.3,2,NULL,NULL,NULL,NULL,NULL,NULL,NULL,NULL,NULL,NULL,NULL,NULL,460,585,NULL,NULL,522.5,NULL,NULL,NULL,NULL,NULL,521.9,'Adequado',88,156,1),(89,'A1',814,737,678,656,NULL,NULL,NULL,NULL,721.3,5,3,860,783,738,609,782,696,887,627,747.8,NULL,NULL,699,763,NULL,NULL,731,749,425,550,748,618,722.3,'Adequado',89,61,1),(90,'A2',NULL,NULL,NULL,NULL,NULL,NULL,NULL,NULL,NULL,NULL,NULL,NULL,NULL,NULL,NULL,NULL,NULL,NULL,NULL,NULL,NULL,NULL,622,640,611,638,627.8,NULL,NULL,NULL,NULL,NULL,627.8,'Adequado',90,61,1),(91,'A3',234,203,165,177,119,152,244,225,189.9,3,NULL,NULL,NULL,NULL,NULL,NULL,NULL,NULL,NULL,NULL,NULL,NULL,139,225,NULL,NULL,182,NULL,NULL,NULL,NULL,NULL,187.3,'Não atende',91,61,1),(92,'A3',318,258,318,278,241,209,241,241,263,2,NULL,NULL,NULL,NULL,NULL,NULL,NULL,NULL,NULL,NULL,NULL,NULL,231,252,NULL,NULL,241.5,NULL,NULL,NULL,NULL,NULL,252.3,'Não atende',92,61,1),(93,'A3',406,330,406,252,316,397,316,290,339.1,2,NULL,NULL,NULL,NULL,NULL,NULL,NULL,NULL,NULL,NULL,NULL,NULL,338,262,NULL,NULL,300,NULL,NULL,NULL,NULL,NULL,319.6,'Não atende',93,61,1),(94,'A1',314,330,339,402,NULL,NULL,NULL,NULL,346.3,3,3,368,408,399,336,619,714,466,513,477.9,NULL,NULL,267,276,NULL,NULL,271.5,314,418,320,418,367.5,401.2,'Não atende',94,156,1),(95,'A3',476,409,476,394,253,282,253,290,354.1,2,NULL,NULL,NULL,NULL,NULL,NULL,NULL,NULL,NULL,NULL,NULL,NULL,531,212,NULL,NULL,371.5,NULL,NULL,NULL,NULL,NULL,362.8,'Não atende',95,159,1),(96,'A3',335,384,335,284,492,498,492,421,405.1,2,NULL,NULL,NULL,NULL,NULL,NULL,NULL,NULL,NULL,NULL,NULL,NULL,262,1142,NULL,NULL,702,NULL,NULL,NULL,NULL,NULL,553.6,'Adequado',96,156,1),(97,'A3',178,131,178,179,171,182,171,133,165.4,2,NULL,NULL,NULL,NULL,NULL,NULL,NULL,NULL,NULL,NULL,NULL,NULL,162,158,NULL,NULL,160,NULL,NULL,NULL,NULL,NULL,162.7,'Não atende',97,156,1),(98,'A3',297,147,297,125,152,177,277,361,229.1,3,NULL,NULL,NULL,NULL,NULL,NULL,NULL,NULL,NULL,NULL,NULL,NULL,220,282,NULL,NULL,251,NULL,NULL,NULL,NULL,NULL,236.4,'Não atende',98,156,1),(99,'A3',125,228,205,450,593,645,207,7,307.5,4,NULL,NULL,NULL,NULL,NULL,NULL,NULL,NULL,NULL,NULL,NULL,NULL,145,137,NULL,NULL,141,NULL,NULL,NULL,NULL,NULL,265.9,'Adequado',99,14,1),(100,'A3',1112,1125,1112,296,417,460,417,346,660.6,2,NULL,NULL,NULL,NULL,NULL,NULL,NULL,NULL,NULL,NULL,NULL,NULL,127,510,NULL,NULL,318.5,NULL,NULL,NULL,NULL,NULL,489.6,'Adequado',100,156,1),(101,'A1',177,194,218,166,NULL,NULL,NULL,NULL,188.8,2,2,244,258,227,257,277,231,258,220,246.5,NULL,NULL,161,116,NULL,NULL,138.5,150,209,156,158,168.3,185.5,'Não atende',101,156,1),(102,'A2',NULL,NULL,NULL,NULL,NULL,NULL,NULL,NULL,NULL,NULL,NULL,NULL,NULL,NULL,NULL,NULL,NULL,NULL,NULL,NULL,NULL,NULL,197,233,208,184,205.5,NULL,NULL,NULL,NULL,NULL,205.5,'Não atende',102,156,1),(103,'A2',NULL,NULL,NULL,NULL,NULL,NULL,NULL,NULL,NULL,NULL,NULL,NULL,NULL,NULL,NULL,NULL,NULL,NULL,NULL,NULL,NULL,NULL,117,186,90,89,120.5,NULL,NULL,NULL,NULL,NULL,120.5,'Não atende',103,156,1),(104,'A1',556,211,169,101,NULL,NULL,NULL,NULL,259.3,3,2,981,430,247,368,287,175,433,361,410.3,NULL,NULL,196,NULL,NULL,NULL,98,277,199,256,404,284,286.8,'Não atende',104,95,1),(105,'A2',NULL,NULL,NULL,NULL,NULL,NULL,NULL,NULL,NULL,NULL,NULL,NULL,NULL,NULL,NULL,NULL,NULL,NULL,NULL,NULL,NULL,NULL,202,190,206,177,193.8,NULL,NULL,NULL,NULL,NULL,193.8,'Não atende',105,156,1),(106,'A2',NULL,NULL,NULL,NULL,NULL,NULL,NULL,NULL,NULL,NULL,NULL,NULL,NULL,NULL,NULL,NULL,NULL,NULL,NULL,NULL,NULL,NULL,123,155,138,89,126.3,NULL,NULL,NULL,NULL,NULL,126.3,'Não atende',106,156,1),(107,'A1',145,175,290,204,NULL,NULL,NULL,NULL,203.5,2,2,218,251,204,209,218,251,204,209,220.5,NULL,NULL,210,NULL,NULL,NULL,105,470,277,163,155,266.3,198.8,'Não atende',107,156,1),(108,'A3',512,479,512,469,430,476,430,485,474.1,2,NULL,NULL,NULL,NULL,NULL,NULL,NULL,NULL,NULL,NULL,NULL,NULL,148,119,NULL,NULL,133.5,NULL,NULL,NULL,NULL,NULL,303.8,'Adequado',108,14,1),(109,'A3',523,478,523,800,621,501,621,500,570.9,2,NULL,NULL,NULL,NULL,NULL,NULL,NULL,NULL,NULL,NULL,NULL,NULL,205,125,NULL,NULL,165,NULL,NULL,NULL,NULL,NULL,367.9,'Adequado',109,14,1),(110,'A3',641,385,641,474,623,492,623,482,545.1,2,NULL,NULL,NULL,NULL,NULL,NULL,NULL,NULL,NULL,NULL,NULL,NULL,221,113,NULL,NULL,167,NULL,NULL,NULL,NULL,NULL,356.1,'Adequado',110,14,1),(111,'A3',671,345,617,396,644,447,644,568,541.5,2,NULL,NULL,NULL,NULL,NULL,NULL,NULL,NULL,NULL,NULL,NULL,NULL,110,NULL,NULL,NULL,55,NULL,NULL,NULL,NULL,NULL,298.3,'Adequado',111,14,1),(112,'A3',587,384,587,562,589,430,589,486,526.8,2,NULL,NULL,NULL,NULL,NULL,NULL,NULL,NULL,NULL,NULL,NULL,NULL,251,124,NULL,NULL,187.5,NULL,NULL,NULL,NULL,NULL,357.1,'Adequado',112,14,1),(113,'A3',609,430,609,507,574,395,574,481,522.4,2,NULL,NULL,NULL,NULL,NULL,NULL,NULL,NULL,NULL,NULL,NULL,NULL,210,135,NULL,NULL,172.5,NULL,NULL,NULL,NULL,NULL,347.4,'Adequado',113,14,1),(114,'A3',572,399,578,445,619,451,619,489,521.5,2,NULL,NULL,NULL,NULL,NULL,NULL,NULL,NULL,NULL,NULL,NULL,NULL,150,125,NULL,NULL,137.5,NULL,NULL,NULL,NULL,NULL,329.5,'Adequado',114,14,1),(115,'A3',500,372,500,474,535,451,535,534,487.6,2,NULL,NULL,NULL,NULL,NULL,NULL,NULL,NULL,NULL,NULL,NULL,NULL,115,229,NULL,NULL,172,NULL,NULL,NULL,NULL,NULL,329.8,'Adequado',115,14,1),(116,'A3',525,525,525,457,503,415,503,481,491.8,2,NULL,NULL,NULL,NULL,NULL,NULL,NULL,NULL,NULL,NULL,NULL,NULL,208,120,NULL,NULL,164,NULL,NULL,NULL,NULL,NULL,327.9,'Adequado',116,14,1),(117,'A3',538,409,538,457,578,443,578,575,514.5,2,NULL,NULL,NULL,NULL,NULL,NULL,NULL,NULL,NULL,NULL,NULL,NULL,119,210,NULL,NULL,164.5,NULL,NULL,NULL,NULL,NULL,339.5,'Adequado',117,14,1),(118,'A3',564,452,564,467,595,396,595,428,507.6,2,NULL,NULL,NULL,NULL,NULL,NULL,NULL,NULL,NULL,NULL,NULL,NULL,199,70,NULL,NULL,134.5,NULL,NULL,NULL,NULL,NULL,321.1,'Adequado',118,14,1),(119,'A4',288,210,NULL,NULL,NULL,NULL,NULL,NULL,249,2,2,313,177,46,122,NULL,NULL,NULL,NULL,164.5,NULL,NULL,244,161,NULL,NULL,202.5,194,220,44,49,126.8,192.7,'Adequado',119,14,1),(120,'A4',229,312,NULL,NULL,NULL,NULL,NULL,NULL,270.5,3,2,126,40,361,325,NULL,NULL,NULL,NULL,213,NULL,NULL,344,261,NULL,NULL,302.5,282,328,237,240,271.8,253.1,'Adequado',120,14,1),(121,'A3',577,502,577,477,622,363,622,360,512.5,2,NULL,NULL,NULL,NULL,NULL,NULL,NULL,NULL,NULL,NULL,NULL,NULL,200,559,NULL,NULL,379.5,NULL,NULL,NULL,NULL,NULL,446,'Adequado',121,15,1),(123,'A1',262,369,102,258,NULL,NULL,NULL,NULL,247.8,2,2,437,297,275,401,468,434,242,322,359.5,NULL,NULL,277,260,NULL,NULL,268.5,266,289,165,312,258,283.4,'Não atende',123,61,1),(124,'A1',315,669,325,669,NULL,NULL,NULL,NULL,494.5,2,2,756,621,614,490,381,418,424,632,542,NULL,NULL,254,562,NULL,NULL,408,260,278,454,343,333.8,444.6,'Não atende',124,61,1),(125,'A3',382,335,382,324,466,301,466,277,366.6,2,NULL,NULL,NULL,NULL,NULL,NULL,NULL,NULL,NULL,NULL,NULL,NULL,511,330,NULL,NULL,420.5,NULL,NULL,NULL,NULL,NULL,393.6,'Não atende',125,61,1),(126,'A3',102,97,102,67,100,97,112,105,97.8,2,NULL,NULL,NULL,NULL,NULL,NULL,NULL,NULL,NULL,NULL,NULL,NULL,91,89,NULL,NULL,90,NULL,NULL,NULL,NULL,NULL,93.9,'Não atende',126,156,1),(127,'A4',148,85,NULL,NULL,NULL,NULL,NULL,NULL,116.5,2,2,200,224,144,148,NULL,NULL,NULL,NULL,179,NULL,NULL,110,165,NULL,NULL,137.5,130,113,154,137,133.5,143.7,'Não atende',127,156,1),(129,'A2',NULL,NULL,NULL,NULL,NULL,NULL,NULL,NULL,NULL,NULL,NULL,NULL,NULL,NULL,NULL,NULL,NULL,NULL,NULL,NULL,NULL,NULL,412,1138,1151,1032,933.3,NULL,NULL,NULL,NULL,NULL,933.3,'Adequado',129,156,1),(130,'A2',NULL,NULL,NULL,NULL,NULL,NULL,NULL,NULL,NULL,NULL,NULL,NULL,NULL,NULL,NULL,NULL,NULL,NULL,NULL,NULL,NULL,NULL,529,564,504,556,538.3,NULL,NULL,NULL,NULL,NULL,538.3,'Adequado',130,156,1),(131,'A4',284,777,NULL,NULL,NULL,NULL,NULL,NULL,530.5,3,12,418,583,342,307,NULL,NULL,NULL,NULL,412.5,NULL,NULL,164,812,NULL,NULL,488,523,380,812,779,623.5,469.8,'Adequado',131,14,1),(132,'A4',527,326,NULL,NULL,NULL,NULL,NULL,NULL,426.5,2,10,525,461,340,309,NULL,NULL,NULL,NULL,408.8,NULL,NULL,348,126,NULL,NULL,237,192,182,863,407,411,404.9,'Não atende',132,163,1),(133,'A1',223,268,1142,996,NULL,NULL,NULL,NULL,657.3,4,16,853,827,757,759,608,713,847,718,760.3,NULL,NULL,198,805,NULL,NULL,501.5,179,83,668,733,415.8,670.6,'Adequado',133,92,1),(135,'A4',259,679,NULL,NULL,NULL,NULL,NULL,NULL,469,7,3,536,547,500,797,NULL,NULL,NULL,NULL,595,NULL,NULL,275,849,NULL,NULL,562,529,841,506,325,550.3,553.1,'Adequado',135,156,1),(136,'A1',355,202,262,252,NULL,NULL,NULL,NULL,267.8,2,2,429,401,428,369,429,401,428,369,406.8,NULL,NULL,239,410,NULL,NULL,324.5,250,258,210,324,260.5,314.9,'Adequado',136,155,1),(137,'A3',199,162,199,205,198,205,198,1792,394.8,2,NULL,NULL,NULL,NULL,NULL,NULL,NULL,NULL,NULL,NULL,NULL,NULL,158,153,NULL,NULL,155.5,NULL,NULL,NULL,NULL,NULL,275.1,'Adequado',137,15,1),(138,'A2',NULL,NULL,NULL,NULL,NULL,NULL,NULL,NULL,NULL,NULL,NULL,NULL,NULL,NULL,NULL,NULL,NULL,NULL,NULL,NULL,NULL,NULL,202,274,362,294,283,NULL,NULL,NULL,NULL,NULL,283,'Não atende',138,156,1),(139,'A3',392,444,392,337,385,372,385,291,374.8,2,NULL,NULL,NULL,NULL,NULL,NULL,NULL,NULL,NULL,NULL,NULL,NULL,359,349,NULL,NULL,354,NULL,NULL,NULL,NULL,NULL,364.4,'Adequado',139,102,1),(140,'A3',162,312,153,274,162,304,153,280,225,3,NULL,NULL,NULL,NULL,NULL,NULL,NULL,NULL,NULL,NULL,NULL,NULL,762,145,NULL,NULL,453.5,NULL,NULL,NULL,NULL,NULL,301.2,'Adequado',140,14,1),(141,'A3',150,289,149,309,142,204,174,200,202.1,3,NULL,NULL,NULL,NULL,NULL,NULL,NULL,NULL,NULL,NULL,NULL,NULL,535,60,NULL,NULL,297.5,NULL,NULL,NULL,NULL,NULL,233.9,'Adequado',141,14,1),(142,'A3',106,194,115,202,72,195,91,165,142.5,3,NULL,NULL,NULL,NULL,NULL,NULL,NULL,NULL,NULL,NULL,NULL,NULL,261,78,NULL,NULL,169.5,NULL,NULL,NULL,NULL,NULL,151.5,'Adequado',142,14,1),(143,'A3',165,305,148,292,133,291,133,362,228.6,3,NULL,NULL,NULL,NULL,NULL,NULL,NULL,NULL,NULL,NULL,NULL,NULL,210,102,NULL,NULL,156,NULL,NULL,NULL,NULL,NULL,204.4,'Adequado',143,14,1),(144,'A1',331,298,299,272,NULL,NULL,NULL,NULL,300,3,4,369,277,289,226,308,268,245,146,266,NULL,NULL,173,246,NULL,NULL,209.5,208,194,214,200,204,251.5,'Não atende',144,55,1),(145,'A2',NULL,NULL,NULL,NULL,NULL,NULL,NULL,NULL,NULL,NULL,NULL,NULL,NULL,NULL,NULL,NULL,NULL,NULL,NULL,NULL,NULL,NULL,168,183,147,153,162.8,NULL,NULL,NULL,NULL,NULL,162.8,'Não atende',145,156,1),(146,'A4',484,501,NULL,NULL,NULL,NULL,NULL,NULL,492.5,3,2,532,520,512,526,NULL,NULL,NULL,NULL,522.5,NULL,NULL,554,571,NULL,NULL,562.5,534,522,517,541,528.5,517,'Adequado',146,156,1),(147,'A4',547,488,NULL,NULL,NULL,NULL,NULL,NULL,517.5,4,2,501,485,479,468,NULL,NULL,NULL,NULL,483.3,NULL,NULL,598,512,NULL,NULL,555,514,523,521,519,519.3,507.7,'Adequado',147,156,1),(148,'A2',NULL,NULL,NULL,NULL,NULL,NULL,NULL,NULL,NULL,NULL,NULL,NULL,NULL,NULL,NULL,NULL,NULL,NULL,NULL,NULL,NULL,NULL,456,462,460,459,459.3,NULL,NULL,NULL,NULL,NULL,459.3,'Adequado',148,156,1),(149,'A2',NULL,NULL,NULL,NULL,NULL,NULL,NULL,NULL,NULL,NULL,NULL,NULL,NULL,NULL,NULL,NULL,NULL,NULL,NULL,NULL,NULL,NULL,624,615,587,563,597.3,NULL,NULL,NULL,NULL,NULL,597.3,'Adequado',149,156,1),(150,'A3',679,668,674,672,578,575,548,531,615.6,3,NULL,NULL,NULL,NULL,NULL,NULL,NULL,NULL,NULL,NULL,NULL,NULL,557,675,NULL,NULL,616,NULL,NULL,NULL,NULL,NULL,615.8,'Adequado',150,156,1),(151,'A3',261,347,245,186,226,276,197,121,232.4,2,NULL,NULL,NULL,NULL,NULL,NULL,NULL,NULL,NULL,NULL,NULL,NULL,147,193,NULL,NULL,170,NULL,NULL,NULL,NULL,NULL,201.2,'Não atende',151,156,1),(152,'A3',271,310,278,177,417,571,392,320,342,2,NULL,NULL,NULL,NULL,NULL,NULL,NULL,NULL,NULL,NULL,NULL,NULL,207,245,NULL,NULL,226,NULL,NULL,NULL,NULL,NULL,284,'Não atende',152,156,1),(153,'A3',170,242,299,198,247,309,251,165,235.1,1,NULL,NULL,NULL,NULL,NULL,NULL,NULL,NULL,NULL,NULL,NULL,NULL,171,155,NULL,NULL,163,NULL,NULL,NULL,NULL,NULL,163,'Não atende',153,156,1),(154,'A3',266,270,164,133,129,145,115,111,166.6,1,NULL,NULL,NULL,NULL,NULL,NULL,NULL,NULL,NULL,NULL,NULL,NULL,160,122,NULL,NULL,141,NULL,NULL,NULL,NULL,NULL,141,'Não atende',154,156,1),(155,'A3',803,854,693,1781,2576,1071,1227,1000,1250.6,3,NULL,NULL,NULL,NULL,NULL,NULL,NULL,NULL,NULL,NULL,NULL,NULL,1527,1230,NULL,NULL,1378.5,NULL,NULL,NULL,NULL,NULL,1293.3,'Adequado',155,57,1),(156,'A4',1013,1530,NULL,NULL,NULL,NULL,NULL,NULL,1271.5,7,2,1333,1055,1508,1280,NULL,NULL,NULL,NULL,1294,NULL,NULL,946,2591,NULL,NULL,1768.5,881,857,NULL,NULL,434.5,1260.1,'Adequado',156,57,1),(157,'A4',800,336,NULL,NULL,NULL,NULL,NULL,NULL,568,8,2,466,940,416,895,NULL,NULL,NULL,NULL,679.3,NULL,NULL,730,644,NULL,NULL,687,407,480,179,223,322.3,610.4,'Adequado',157,55,1),(158,'A6',1132,1667,NULL,NULL,NULL,NULL,NULL,NULL,1399.5,NULL,1,902,617,600,674,NULL,NULL,NULL,NULL,698.3,8,10,950,572,NULL,NULL,761,1222,1062,NULL,NULL,1142,888.7,'Adequado',158,58,1),(159,'A6',2984,3092,NULL,NULL,NULL,NULL,NULL,NULL,3038,NULL,2,3061,2774,2544,2711,NULL,NULL,NULL,NULL,2772.5,8,10,2761,7544,NULL,NULL,5152.5,2816,2947,NULL,NULL,2881.5,4729.6,'Adequado',159,55,1),(160,'A4',409,611,NULL,NULL,NULL,NULL,NULL,NULL,510,7,2,298,393,269,288,NULL,NULL,NULL,NULL,312,NULL,NULL,777,440,NULL,NULL,608.5,234,280,259,222,248.8,413.2,'Adequado',160,15,1),(161,'A3',121,101,70,67,35,22,118,108,80.3,14,NULL,NULL,NULL,NULL,NULL,NULL,NULL,NULL,NULL,NULL,NULL,NULL,744,522,NULL,NULL,633,NULL,NULL,NULL,NULL,NULL,119.7,'Adequado',161,14,1),(162,'A2',NULL,NULL,NULL,NULL,NULL,NULL,NULL,NULL,NULL,NULL,NULL,NULL,NULL,NULL,NULL,NULL,NULL,NULL,NULL,NULL,NULL,NULL,64,71,103,82,80,NULL,NULL,NULL,NULL,NULL,80,'Não atende',162,156,1),(163,'A4',171,137,NULL,NULL,NULL,NULL,NULL,NULL,154,4,20,97,93,78,105,NULL,NULL,NULL,NULL,93.3,NULL,NULL,149,246,NULL,NULL,197.5,255,98,87,88,132,104.1,'Adequado',163,14,1),(164,'A3',531,362,303,246,163,243,332,447,328.4,3,NULL,NULL,NULL,NULL,NULL,NULL,NULL,NULL,NULL,NULL,NULL,NULL,801,150,NULL,NULL,475.5,NULL,NULL,NULL,NULL,NULL,377.4,'Não atende',164,156,1),(165,'A3',434,479,566,609,529,491,453,402,495.4,2,NULL,NULL,NULL,NULL,NULL,NULL,NULL,NULL,NULL,NULL,NULL,NULL,351,597,NULL,NULL,474,NULL,NULL,NULL,NULL,NULL,484.7,'Adequado',165,156,1),(166,'A4',559,567,NULL,NULL,NULL,NULL,NULL,NULL,563,5,2,571,548,400,418,NULL,NULL,NULL,NULL,484.3,NULL,NULL,454,271,NULL,NULL,362.5,415,338,311,343,351.8,495.9,'Adequado',166,159,1),(168,'A4',466,208,NULL,NULL,NULL,NULL,NULL,NULL,337,3,2,269,253,255,385,NULL,NULL,NULL,NULL,290.5,NULL,NULL,419,221,NULL,NULL,320,415,399,275,124,303.2,313.2,'Adequado',168,37,1),(169,'A4',383,777,NULL,NULL,NULL,NULL,NULL,NULL,580,3,2,417,609,742,342,NULL,NULL,NULL,NULL,527.5,NULL,NULL,482,487,NULL,NULL,484.5,476,517,788,687,617,553,'Adequado',169,37,1),(170,'A2',NULL,NULL,NULL,NULL,NULL,NULL,NULL,NULL,NULL,NULL,NULL,NULL,NULL,NULL,NULL,NULL,NULL,NULL,NULL,NULL,NULL,NULL,201,209,203,215,207,NULL,NULL,NULL,NULL,NULL,207,'Não atende',170,37,1),(171,'A2',NULL,NULL,NULL,NULL,NULL,NULL,NULL,NULL,NULL,NULL,NULL,NULL,NULL,NULL,NULL,NULL,NULL,NULL,NULL,NULL,NULL,NULL,179,78,61,75,98.2,NULL,NULL,NULL,NULL,NULL,98.2,'Não atende',171,36,1),(172,'A3',291,303,316,285,345,343,428,520,353.9,4,NULL,NULL,NULL,NULL,NULL,NULL,NULL,NULL,NULL,NULL,NULL,NULL,271,525,NULL,NULL,398,NULL,NULL,NULL,NULL,NULL,364.9,'Adequado',172,14,1),(173,'A3',831,673,1008,742,805,779,711,874,802.9,5,NULL,NULL,NULL,NULL,NULL,NULL,NULL,NULL,NULL,NULL,NULL,NULL,682,693,NULL,NULL,687.5,NULL,NULL,NULL,NULL,NULL,779.8,'Adequado',173,15,1),(174,'A4',523,680,NULL,NULL,NULL,NULL,NULL,NULL,601.5,4,3,637,643,547,558,NULL,NULL,NULL,NULL,596.2,NULL,NULL,617,632,NULL,NULL,624.5,630,645,618,623,629,603.9,'Adequado',174,37,1),(175,'A4',667,659,NULL,NULL,NULL,NULL,NULL,NULL,663,4,3,663,657,615,623,NULL,NULL,NULL,NULL,639.5,NULL,NULL,718,711,NULL,NULL,714.5,696,741,727,718,720.5,661.6,'Adequado',175,37,1),(176,'A4',679,711,NULL,NULL,NULL,NULL,NULL,NULL,695,3,4,804,809,798,801,NULL,NULL,NULL,NULL,803,NULL,NULL,638,682,NULL,NULL,660,703,707,741,738,722.2,758.7,'Adequado',176,37,1),(177,'A3',939,961,980,978,839,1033,1158,873,970.1,7,NULL,NULL,NULL,NULL,NULL,NULL,NULL,NULL,NULL,NULL,NULL,NULL,862,1031,NULL,NULL,946.5,NULL,NULL,NULL,NULL,NULL,966.8,'Adequado',177,37,1),(178,'A4',560,456,NULL,NULL,NULL,NULL,NULL,NULL,508,4,2,398,522,614,721,NULL,NULL,NULL,NULL,563.8,NULL,NULL,394,367,NULL,NULL,380.5,619,514,591,565,572.2,524,'Adequado',178,102,1),(179,'A4',322,277,NULL,NULL,NULL,NULL,NULL,NULL,299.5,7,2,324,333,441,453,NULL,NULL,NULL,NULL,387.8,NULL,NULL,223,652,NULL,NULL,437.5,403,361,311,471,386.5,352.2,'Adequado',179,15,1),(180,'A4',556,817,NULL,NULL,NULL,NULL,NULL,NULL,686.5,5,2,729,833,753,947,NULL,NULL,NULL,NULL,815.5,NULL,NULL,494,819,NULL,NULL,656.5,818,842,1047,1056,940.8,758.9,'Adequado',180,15,1),(181,'A4',21,172,NULL,NULL,NULL,NULL,NULL,NULL,96.5,3,2,26,135,421,52,NULL,NULL,NULL,NULL,158.5,NULL,NULL,180,26,NULL,NULL,103,47,59,108,113,81.8,118.7,'Não atende',181,37,1),(182,'A4',607,578,NULL,NULL,NULL,NULL,NULL,NULL,592.5,3,2,212,425,390,193,NULL,NULL,NULL,NULL,305,NULL,NULL,124,102,NULL,NULL,113,214,584,115,99,253,382.3,'Adequado',182,37,1),(183,'A4',1309,1385,NULL,NULL,NULL,NULL,NULL,NULL,1347,3,2,1470,1030,1491,1114,NULL,NULL,NULL,NULL,1276.2,NULL,NULL,675,816,NULL,NULL,745.5,762,626,870,790,762,1172.2,'Adequado',183,159,1),(184,'A4',180,207,NULL,NULL,NULL,NULL,NULL,NULL,193.5,3,2,131,183,137,171,NULL,NULL,NULL,NULL,155.5,NULL,NULL,91,238,NULL,NULL,164.5,109,60,78,102,87.2,162.3,'Adequado',184,14,1),(185,'A4',120,27,NULL,NULL,NULL,NULL,NULL,NULL,73.5,3,2,6,5,2,3,NULL,NULL,NULL,NULL,4,NULL,NULL,114,74,NULL,NULL,94,76,78,90,76,80,50.8,'Não atende',185,14,1),(186,'A3',276,294,327,308,365,333,203,149,281.9,2,NULL,NULL,NULL,NULL,NULL,NULL,NULL,NULL,NULL,NULL,NULL,NULL,215,175,NULL,NULL,195,NULL,NULL,NULL,NULL,NULL,238.4,'Não atende',186,156,1),(187,'A3',188,241,233,158,167,200,233,164,198,2,NULL,NULL,NULL,NULL,NULL,NULL,NULL,NULL,NULL,NULL,NULL,NULL,163,101,NULL,NULL,132,NULL,NULL,NULL,NULL,NULL,165,'Não atende',187,156,1),(188,'A3',259,264,217,173,239,234,203,147,217,2,NULL,NULL,NULL,NULL,NULL,NULL,NULL,NULL,NULL,NULL,NULL,NULL,89,113,NULL,NULL,101,NULL,NULL,NULL,NULL,NULL,159,'Não atende',188,156,1),(189,'A3',431,428,394,348,392,448,482,481,425.5,2,NULL,NULL,NULL,NULL,NULL,NULL,NULL,NULL,NULL,NULL,NULL,NULL,339,370,NULL,NULL,354.5,NULL,NULL,NULL,NULL,NULL,390,'Não atende',189,156,1),(190,'A3',417,390,313,304,488,492,462,422,411,2,NULL,NULL,NULL,NULL,NULL,NULL,NULL,NULL,NULL,NULL,NULL,NULL,479,248,NULL,NULL,363.5,NULL,NULL,NULL,NULL,NULL,387.2,'Não atende',190,156,1),(191,'A3',345,399,351,283,401,408,363,336,360.8,2,NULL,NULL,NULL,NULL,NULL,NULL,NULL,NULL,NULL,NULL,NULL,NULL,298,330,NULL,NULL,314,NULL,NULL,NULL,NULL,NULL,337.4,'Não atende',191,156,1),(192,'A3',355,357,407,380,440,438,370,312,382.4,2,NULL,NULL,NULL,NULL,NULL,NULL,NULL,NULL,NULL,NULL,NULL,NULL,350,304,NULL,NULL,327,NULL,NULL,NULL,NULL,NULL,354.7,'Não atende',192,156,1),(193,'A2',NULL,NULL,NULL,NULL,NULL,NULL,NULL,NULL,NULL,NULL,NULL,NULL,NULL,NULL,NULL,NULL,NULL,NULL,NULL,NULL,NULL,NULL,309,414,315,300,334.5,NULL,NULL,NULL,NULL,NULL,334.5,'Não atende',193,156,1),(194,'A3',348,318,363,463,358,344,611,785,448.8,2,NULL,NULL,NULL,NULL,NULL,NULL,NULL,NULL,NULL,NULL,NULL,NULL,407,229,NULL,NULL,318,NULL,NULL,NULL,NULL,NULL,383.4,'Não atende',194,156,1),(195,'A3',434,361,343,375,428,366,461,573,417.6,2,NULL,NULL,NULL,NULL,NULL,NULL,NULL,NULL,NULL,NULL,NULL,NULL,818,268,NULL,NULL,543,NULL,NULL,NULL,NULL,NULL,480.3,'Adequado',195,156,1),(196,'A3',448,395,371,498,492,421,503,685,476.6,2,NULL,NULL,NULL,NULL,NULL,NULL,NULL,NULL,NULL,NULL,NULL,NULL,289,311,NULL,NULL,300,NULL,NULL,NULL,NULL,NULL,388.3,'Não atende',196,156,1),(197,'A4',293,104,NULL,NULL,NULL,NULL,NULL,NULL,198.5,5,2,311,241,159,112,NULL,NULL,NULL,NULL,205.8,NULL,NULL,281,163,NULL,NULL,222,150,210,157,127,161,200.4,'Adequado',197,14,1),(198,'A4',200,178,NULL,NULL,NULL,NULL,NULL,NULL,189,3,2,230,235,204,208,NULL,NULL,NULL,NULL,219.2,NULL,NULL,110,195,NULL,NULL,152.5,177,180,206,187,187.5,195.6,'Adequado',198,14,1),(199,'A4',368,403,NULL,NULL,NULL,NULL,NULL,NULL,385.5,3,2,366,296,270,299,NULL,NULL,NULL,NULL,307.8,NULL,NULL,865,510,NULL,NULL,687.5,311,452,483,521,441.8,401.1,'Não atende',199,159,1),(200,'A4',339,397,NULL,NULL,NULL,NULL,NULL,NULL,368,3,2,446,384,414,402,NULL,NULL,NULL,NULL,411.5,NULL,NULL,348,421,NULL,NULL,384.5,330,447,415,432,406,391.1,'Não atende',200,156,1),(201,'A4',671,463,NULL,NULL,NULL,NULL,NULL,NULL,567,2,5,423,515,478,481,NULL,NULL,NULL,NULL,474.2,NULL,NULL,653,562,NULL,NULL,607.5,657,438,394,425,478.5,496.6,'Adequado',201,156,1),(202,'A2',NULL,NULL,NULL,NULL,NULL,NULL,NULL,NULL,NULL,NULL,NULL,NULL,NULL,NULL,NULL,NULL,NULL,NULL,NULL,NULL,NULL,NULL,392,320,257,208,294.2,NULL,NULL,NULL,NULL,NULL,294.2,'Não atende',202,156,1),(203,'A4',905,827,NULL,NULL,NULL,NULL,NULL,NULL,866,7,3,469,926,702,734,NULL,NULL,NULL,NULL,707.8,NULL,NULL,437,1016,NULL,NULL,726.5,1062,504,413,578,639.2,749,'Adequado',203,156,1),(204,'A4',187,251,NULL,NULL,NULL,NULL,NULL,NULL,219,8,2,316,321,317,204,NULL,NULL,NULL,NULL,289.5,NULL,NULL,231,260,NULL,NULL,245.5,179,418,316,178,272.8,254.8,'Adequado',204,6,1),(205,'A3',851,722,623,678,659,800,682,697,714,2,NULL,NULL,NULL,NULL,NULL,NULL,NULL,NULL,NULL,NULL,NULL,NULL,540,522,NULL,NULL,531,NULL,NULL,NULL,NULL,NULL,622.5,'Adequado',205,156,1),(206,'A3',570,726,756,484,749,648,610,601,643,3,NULL,NULL,NULL,NULL,NULL,NULL,NULL,NULL,NULL,NULL,NULL,NULL,498,375,NULL,NULL,436.5,NULL,NULL,NULL,NULL,NULL,574.2,'Adequado',206,156,1),(207,'A3',251,245,251,236,243,252,243,217,242.2,2,NULL,NULL,NULL,NULL,NULL,NULL,NULL,NULL,NULL,NULL,NULL,NULL,166,211,NULL,NULL,188.5,NULL,NULL,NULL,NULL,NULL,215.4,'Não atende',207,159,1),(209,'A3',483,221,471,266,205,216,249,310,302.6,2,NULL,NULL,NULL,NULL,NULL,NULL,NULL,NULL,NULL,NULL,NULL,NULL,262,209,NULL,NULL,235.5,NULL,NULL,NULL,NULL,NULL,269.1,'Não atende',209,156,1),(210,'A1',249,260,237,257,NULL,NULL,NULL,NULL,250.8,3,2,273,259,263,251,283,255,258,245,260.9,NULL,NULL,232,247,NULL,NULL,239.5,213,243,248,238,235.5,249.7,'Não atende',210,159,1),(211,'A1',215,210,213,209,NULL,NULL,NULL,NULL,211.8,3,2,238,231,231,229,260,233,227,232,235.1,NULL,NULL,206,210,NULL,NULL,208,212,229,173,191,201.2,217.2,'Não atende',211,159,1),(212,'A3',171,163,171,158,166,147,166,138,160,2,NULL,NULL,NULL,NULL,NULL,NULL,NULL,NULL,NULL,NULL,NULL,NULL,181,135,NULL,NULL,158,NULL,NULL,NULL,NULL,NULL,159,'Não atende',212,156,1),(213,'A3',232,244,250,274,234,207,271,258,246.2,4,NULL,NULL,NULL,NULL,NULL,NULL,NULL,NULL,NULL,NULL,NULL,NULL,212,332,NULL,NULL,272,NULL,NULL,NULL,NULL,NULL,252.7,'Não atende',213,156,1),(214,'A1',201,148,203,205,NULL,NULL,NULL,NULL,189.2,5,2,260,222,239,240,260,250,252,NULL,215.4,NULL,NULL,154,186,NULL,NULL,170,166,144,181,213,176,196.4,'Não atende',214,156,1),(215,'A4',406,573,NULL,NULL,NULL,NULL,NULL,NULL,489.5,2,2,613,619,574,584,NULL,NULL,NULL,NULL,597.5,NULL,NULL,462,529,NULL,NULL,495.5,537,582,514,509,535.5,534.2,'Adequado',215,156,1),(216,'A4',472,478,NULL,NULL,NULL,NULL,NULL,NULL,475,3,2,569,579,605,581,NULL,NULL,NULL,NULL,583.5,NULL,NULL,469,492,NULL,NULL,480.5,468,550,512,NULL,382.5,504.8,'Adequado',216,156,1),(217,'A3',573,607,644,655,680,699,682,631,646.4,3,NULL,NULL,NULL,NULL,NULL,NULL,NULL,NULL,NULL,NULL,NULL,NULL,453,488,NULL,NULL,470.5,NULL,NULL,NULL,NULL,NULL,587.8,'Adequado',217,156,1),(218,'A3',568,603,615,524,621,649,655,665,612.5,3,NULL,NULL,NULL,NULL,NULL,NULL,NULL,NULL,NULL,NULL,NULL,NULL,458,NULL,NULL,NULL,229,NULL,NULL,NULL,NULL,NULL,484.7,'Adequado',218,156,1),(219,'A3',476,492,490,501,431,483,507,453,479.1,2,NULL,NULL,NULL,NULL,NULL,NULL,NULL,NULL,NULL,NULL,NULL,NULL,462,433,NULL,NULL,447.5,NULL,NULL,NULL,NULL,NULL,463.3,'Adequado',219,156,1),(221,'A4',484,524,NULL,NULL,NULL,NULL,NULL,NULL,504,2,2,538,583,562,537,NULL,NULL,NULL,NULL,555,NULL,NULL,510,477,NULL,NULL,493.5,500,496,579,583,539.5,525.2,'Adequado',221,156,1),(223,'A4',397,313,NULL,NULL,NULL,NULL,NULL,NULL,355,2,2,383,374,395,356,NULL,NULL,NULL,NULL,377,NULL,NULL,405,339,NULL,NULL,372,391,385,322,354,363,366.5,'Não atende',223,159,1),(224,'A3',517,541,472,455,508,499,481,540,501.6,3,NULL,NULL,NULL,NULL,NULL,NULL,NULL,NULL,NULL,NULL,NULL,NULL,430,432,NULL,NULL,431,NULL,NULL,NULL,NULL,NULL,478.1,'Adequado',224,156,1),(225,'A4',1046,1098,NULL,NULL,NULL,NULL,NULL,NULL,1072,2,2,1821,1517,1667,1601,NULL,NULL,NULL,NULL,1651.5,NULL,NULL,785,865,NULL,NULL,825,961,955,1009,980,976.2,1208,'Adequado',225,156,1),(226,'A3',782,840,642,581,605,601,526,459,629.5,2,NULL,NULL,NULL,NULL,NULL,NULL,NULL,NULL,NULL,NULL,NULL,NULL,437,465,NULL,NULL,451,NULL,NULL,NULL,NULL,NULL,540.2,'Adequado',226,156,1),(227,'A3',780,761,804,867,814,1042,1137,984,898.6,3,NULL,NULL,NULL,NULL,NULL,NULL,NULL,NULL,NULL,NULL,NULL,NULL,576,795,NULL,NULL,685.5,NULL,NULL,NULL,NULL,NULL,827.6,'Adequado',227,156,1),(228,'A3',644,687,628,580,714,685,663,615,652,3,NULL,NULL,NULL,NULL,NULL,NULL,NULL,NULL,NULL,NULL,NULL,NULL,621,342,NULL,NULL,481.5,NULL,NULL,NULL,NULL,NULL,595.2,'Adequado',228,156,1),(229,'A4',551,484,NULL,NULL,NULL,NULL,NULL,NULL,517.5,2,2,1077,1125,1029,1086,NULL,NULL,NULL,NULL,1079.2,NULL,NULL,386,342,NULL,NULL,364,489,514,523,509,508.8,677.7,'Adequado',229,156,1),(230,'A3',1027,1004,405,388,421,409,404,612,583.8,2,NULL,NULL,NULL,NULL,NULL,NULL,NULL,NULL,NULL,NULL,NULL,NULL,483,684,NULL,NULL,583.5,NULL,NULL,NULL,NULL,NULL,583.6,'Adequado',230,156,1),(231,'A3',1311,1517,756,454,437,464,514,468,740.1,2,NULL,NULL,NULL,NULL,NULL,NULL,NULL,NULL,NULL,NULL,NULL,NULL,428,377,NULL,NULL,402.5,NULL,NULL,NULL,NULL,NULL,571.3,'Adequado',231,156,1),(232,'A3',323,557,1322,1319,689,394,383,344,666.4,2,NULL,NULL,NULL,NULL,NULL,NULL,NULL,NULL,NULL,NULL,NULL,NULL,114,451,NULL,NULL,282.5,NULL,NULL,NULL,NULL,NULL,474.4,'Adequado',232,156,1),(233,'A3',388,405,437,354,401,433,401,278,387.1,2,NULL,NULL,NULL,NULL,NULL,NULL,NULL,NULL,NULL,NULL,NULL,NULL,283,237,NULL,NULL,260,NULL,NULL,NULL,NULL,NULL,323.6,'Não atende',233,156,1),(234,'A4',362,251,NULL,NULL,NULL,NULL,NULL,NULL,306.5,2,2,615,579,628,621,NULL,NULL,NULL,NULL,610.8,NULL,NULL,334,169,NULL,NULL,251.5,296,286,275,255,278,394,'Não atende',234,156,1),(235,'A3',526,461,592,542,424,474,521,507,505.9,3,NULL,NULL,NULL,NULL,NULL,NULL,NULL,NULL,NULL,NULL,NULL,NULL,308,583,NULL,NULL,445.5,NULL,NULL,NULL,NULL,NULL,485.8,'Adequado',235,156,1),(236,'A4',248,356,NULL,NULL,NULL,NULL,NULL,NULL,302,2,2,527,662,381,626,NULL,NULL,NULL,NULL,549,NULL,NULL,210,368,NULL,NULL,289,489,414,289,237,357.2,391.4,'Não atende',236,156,1),(237,'A3',433,461,504,494,556,258,76,114,362,3,NULL,NULL,NULL,NULL,NULL,NULL,NULL,NULL,NULL,NULL,NULL,NULL,181,268,NULL,NULL,224.5,NULL,NULL,NULL,NULL,NULL,316.2,'Adequado',237,14,1),(238,'A4',365,270,NULL,NULL,NULL,NULL,NULL,NULL,317.5,3,2,788,592,590,676,NULL,NULL,NULL,NULL,661.5,NULL,NULL,407,183,NULL,NULL,295,300,405,467,441,403.2,454.4,'Adequado',238,156,1),(239,'A4',697,720,NULL,NULL,NULL,NULL,NULL,NULL,708.5,3,2,1885,1757,1623,1389,NULL,NULL,NULL,NULL,1663.5,NULL,NULL,540,477,NULL,NULL,508.5,688,622,825,931,766.5,1048.9,'Adequado',239,156,1),(240,'A3',374,308,485,652,263,362,488,151,385.4,2,NULL,NULL,NULL,NULL,NULL,NULL,NULL,NULL,NULL,NULL,NULL,NULL,314,172,NULL,NULL,243,NULL,NULL,NULL,NULL,NULL,314.2,'Não atende',240,156,1),(241,'A3',470,524,435,407,578,998,1073,507,624,2,NULL,NULL,NULL,NULL,NULL,NULL,NULL,NULL,NULL,NULL,NULL,NULL,855,338,NULL,NULL,596.5,NULL,NULL,NULL,NULL,NULL,610.2,'Adequado',241,156,1),(242,'A3',620,680,613,647,893,1035,1272,1206,870.8,2,NULL,NULL,NULL,NULL,NULL,NULL,NULL,NULL,NULL,NULL,NULL,NULL,762,606,NULL,NULL,684,NULL,NULL,NULL,NULL,NULL,777.4,'Adequado',242,156,1),(243,'A3',529,600,559,500,1684,1170,877,1009,866,2,NULL,NULL,NULL,NULL,NULL,NULL,NULL,NULL,NULL,NULL,NULL,NULL,554,486,NULL,NULL,520,NULL,NULL,NULL,NULL,NULL,693,'Adequado',243,156,1),(244,'A3',494,580,717,747,752,751,821,809,708.9,2,NULL,NULL,NULL,NULL,NULL,NULL,NULL,NULL,NULL,NULL,NULL,NULL,792,756,NULL,NULL,774,NULL,NULL,NULL,NULL,NULL,741.4,'Adequado',244,156,1),(245,'A3',615,704,697,566,793,856,809,603,705.4,2,NULL,NULL,NULL,NULL,NULL,NULL,NULL,NULL,NULL,NULL,NULL,NULL,638,572,NULL,NULL,605,NULL,NULL,NULL,NULL,NULL,655.2,'Adequado',245,156,1),(246,'A2',NULL,NULL,NULL,NULL,NULL,NULL,NULL,NULL,NULL,NULL,NULL,NULL,NULL,NULL,NULL,NULL,NULL,NULL,NULL,NULL,NULL,NULL,592,749,514,552,601.8,NULL,NULL,NULL,NULL,NULL,601.8,'Adequado',246,156,1),(247,'A3',655,675,731,669,639,710,645,445,646.1,3,NULL,NULL,NULL,NULL,NULL,NULL,NULL,NULL,NULL,NULL,NULL,NULL,461,564,NULL,NULL,512.5,NULL,NULL,NULL,NULL,NULL,601.6,'Adequado',247,156,1),(248,'A3',587,644,649,612,638,718,683,621,644,3,NULL,NULL,NULL,NULL,NULL,NULL,NULL,NULL,NULL,NULL,NULL,NULL,452,582,NULL,NULL,517,NULL,NULL,NULL,NULL,NULL,601.7,'Adequado',248,156,1),(249,'A2',NULL,NULL,NULL,NULL,NULL,NULL,NULL,NULL,NULL,NULL,NULL,NULL,NULL,NULL,NULL,NULL,NULL,NULL,NULL,NULL,NULL,NULL,157,123,226,258,191,NULL,NULL,NULL,NULL,NULL,191,'Não atende',249,156,1),(250,'A4',342,299,NULL,NULL,NULL,NULL,NULL,NULL,320.5,3,2,252,273,336,331,NULL,NULL,NULL,NULL,298,NULL,NULL,405,313,NULL,NULL,359,381,308,283,240,303,314.7,'Não atende',250,156,1),(251,'A2',NULL,NULL,NULL,NULL,NULL,NULL,NULL,NULL,NULL,NULL,NULL,NULL,NULL,NULL,NULL,NULL,NULL,NULL,NULL,NULL,NULL,NULL,235,137,154,270,199,NULL,NULL,NULL,NULL,NULL,199,'Não atende',251,159,1),(252,'A4',836,782,NULL,NULL,NULL,NULL,NULL,NULL,809,3,4,890,896,840,767,NULL,NULL,NULL,NULL,848.2,NULL,NULL,671,663,NULL,NULL,667,865,945,905,785,875,834.6,'Adequado',252,156,1),(253,'A4',697,882,NULL,NULL,NULL,NULL,NULL,NULL,789.5,8,2,887,720,1039,872,NULL,NULL,NULL,NULL,879.5,NULL,NULL,695,827,NULL,NULL,761,885,914,838,870,876.8,832.8,'Adequado',253,38,1),(254,'A4',697,882,NULL,NULL,NULL,NULL,NULL,NULL,789.5,8,2,887,720,1039,872,NULL,NULL,NULL,NULL,879.5,NULL,NULL,695,827,NULL,NULL,761,885,914,838,870,876.8,832.8,'Adequado',254,38,1),(255,'A3',635,743,742,735,697,674,687,613,690.8,5,NULL,NULL,NULL,NULL,NULL,NULL,NULL,NULL,NULL,NULL,NULL,NULL,529,627,NULL,NULL,578,NULL,NULL,NULL,NULL,NULL,668.2,'Adequado',255,38,1),(256,'A3',910,1119,1035,954,762,785,832,939,917,2,NULL,NULL,NULL,NULL,NULL,NULL,NULL,NULL,NULL,NULL,NULL,NULL,833,834,NULL,NULL,833.5,NULL,NULL,NULL,NULL,NULL,875.2,'Adequado',256,38,1),(257,'A2',NULL,NULL,NULL,NULL,NULL,NULL,NULL,NULL,NULL,NULL,NULL,NULL,NULL,NULL,NULL,NULL,NULL,NULL,NULL,NULL,NULL,NULL,896,879,818,772,841.2,NULL,NULL,NULL,NULL,NULL,841.2,'Adequado',257,38,1),(258,'A3',509,533,525,399,729,622,551,445,539.1,2,NULL,NULL,NULL,NULL,NULL,NULL,NULL,NULL,NULL,NULL,NULL,NULL,364,603,NULL,NULL,483.5,NULL,NULL,NULL,NULL,NULL,511.3,'Adequado',258,159,1),(259,'A3',585,577,573,519,634,616,649,728,610.1,2,NULL,NULL,NULL,NULL,NULL,NULL,NULL,NULL,NULL,NULL,NULL,NULL,552,426,NULL,NULL,489,NULL,NULL,NULL,NULL,NULL,549.6,'Adequado',259,159,1),(260,'A4',687,574,NULL,NULL,NULL,NULL,NULL,NULL,630.5,11,5,761,736,705,675,NULL,NULL,NULL,NULL,719.2,NULL,NULL,1087,545,NULL,NULL,816,702,787,590,526,651.2,700.1,'Adequado',260,156,1),(261,'A2',NULL,NULL,NULL,NULL,NULL,NULL,NULL,NULL,NULL,NULL,NULL,NULL,NULL,NULL,NULL,NULL,NULL,NULL,NULL,NULL,NULL,NULL,521,595,446,328,472.5,NULL,NULL,NULL,NULL,NULL,472.5,'Adequado',261,159,1),(262,'A2',NULL,NULL,NULL,NULL,NULL,NULL,NULL,NULL,NULL,NULL,NULL,NULL,NULL,NULL,NULL,NULL,NULL,NULL,NULL,NULL,NULL,NULL,448,506,543,454,487.8,NULL,NULL,NULL,NULL,NULL,487.8,'Adequado',262,159,1),(263,'A2',NULL,NULL,NULL,NULL,NULL,NULL,NULL,NULL,NULL,NULL,NULL,NULL,NULL,NULL,NULL,NULL,NULL,NULL,NULL,NULL,NULL,NULL,362,541,559,443,476.2,NULL,NULL,NULL,NULL,NULL,476.2,'Adequado',263,159,1),(264,'A2',NULL,NULL,NULL,NULL,NULL,NULL,NULL,NULL,NULL,NULL,NULL,NULL,NULL,NULL,NULL,NULL,NULL,NULL,NULL,NULL,NULL,NULL,625,445,481,384,483.8,NULL,NULL,NULL,NULL,NULL,483.8,'Adequado',264,159,1),(265,'A4',268,239,NULL,NULL,NULL,NULL,NULL,NULL,253.5,2,2,230,258,272,263,NULL,NULL,NULL,NULL,255.8,NULL,NULL,279,288,NULL,NULL,283.5,274,227,226,230,239.2,256.9,'Não atende',265,160,1),(266,'A3',182,177,183,174,195,176,172,149,176,2,NULL,NULL,NULL,NULL,NULL,NULL,NULL,NULL,NULL,NULL,NULL,NULL,155,135,NULL,NULL,145,NULL,NULL,NULL,NULL,NULL,160.5,'Não atende',266,156,1),(267,'A2',NULL,NULL,NULL,NULL,NULL,NULL,NULL,NULL,NULL,NULL,NULL,NULL,NULL,NULL,NULL,NULL,NULL,NULL,NULL,NULL,NULL,NULL,132,131,152,161,144,NULL,NULL,NULL,NULL,NULL,144,'Não atende',267,156,1),(268,'A3',142,179,200,155,284,308,252,193,214.1,2,NULL,NULL,NULL,NULL,NULL,NULL,NULL,NULL,NULL,NULL,NULL,NULL,187,130,NULL,NULL,158.5,NULL,NULL,NULL,NULL,NULL,186.3,'Não atende',268,156,1),(269,'A3',300,299,246,310,596,267,282,287,323.4,1,NULL,NULL,NULL,NULL,NULL,NULL,NULL,NULL,NULL,NULL,NULL,NULL,160,284,NULL,NULL,222,NULL,NULL,NULL,NULL,NULL,222,'Não atende',269,156,1),(270,'A4',545,615,NULL,NULL,NULL,NULL,NULL,NULL,580,5,2,647,687,690,638,NULL,NULL,NULL,NULL,665.5,NULL,NULL,619,532,NULL,NULL,575.5,583,587,563,608,585.2,615.7,'Adequado',270,156,1),(271,'A4',545,615,NULL,NULL,NULL,NULL,NULL,NULL,580,5,2,647,687,690,638,NULL,NULL,NULL,NULL,665.5,NULL,NULL,619,532,NULL,NULL,575.5,583,587,563,608,585.2,615.7,'Adequado',271,156,1),(272,'A4',734,502,NULL,NULL,NULL,NULL,NULL,NULL,618,2,3,698,695,533,552,NULL,NULL,NULL,NULL,619.5,NULL,NULL,487,677,NULL,NULL,582,807,835,288,308,559.5,601.7,'Adequado',272,159,1),(273,'A4',691,637,NULL,NULL,NULL,NULL,NULL,NULL,664,10,2,711,851,864,643,NULL,NULL,NULL,NULL,767.2,NULL,NULL,765,717,NULL,NULL,741,676,814,700,652,710.5,716.5,'Adequado',273,156,1),(274,'A4',622,583,NULL,NULL,NULL,NULL,NULL,NULL,602.5,3,2,552,615,673,551,NULL,NULL,NULL,NULL,597.8,NULL,NULL,524,488,NULL,NULL,506,528,472,499,515,503.5,576.3,'Adequado',274,156,1),(275,'A4',683,658,NULL,NULL,NULL,NULL,NULL,NULL,670.5,3,3,661,527,628,559,NULL,NULL,NULL,NULL,593.8,NULL,NULL,495,504,NULL,NULL,499.5,479,481,443,570,493.2,588.3,'Adequado',275,38,1),(276,'A4',734,651,NULL,NULL,NULL,NULL,NULL,NULL,692.5,3,3,938,866,965,867,NULL,NULL,NULL,NULL,909,NULL,NULL,763,641,NULL,NULL,702,734,824,738,653,737.2,809,'Adequado',276,156,1),(277,'A4',482,471,NULL,NULL,NULL,NULL,NULL,NULL,476.5,2,2,553,435,473,455,NULL,NULL,NULL,NULL,479,NULL,NULL,529,517,NULL,NULL,523,492,488,506,509,498.8,488.8,'Adequado',277,14,1),(282,'A2',NULL,NULL,NULL,NULL,NULL,NULL,NULL,NULL,NULL,NULL,NULL,NULL,NULL,NULL,NULL,NULL,NULL,NULL,NULL,NULL,NULL,NULL,100,100,100,100,100,NULL,NULL,NULL,NULL,NULL,100,'Adequado',282,3,1),(283,'A4',1033,1191,NULL,NULL,NULL,NULL,NULL,NULL,1112,9,3,1885,1910,1828,1494,NULL,NULL,NULL,NULL,1779.2,NULL,NULL,640,740,NULL,NULL,690,966,907,1212,1362,1111.8,1498.3,'Adequado',283,156,1),(284,'A4',1420,1342,NULL,NULL,NULL,NULL,NULL,NULL,1381,6,2,2490,2470,2370,2440,NULL,NULL,NULL,NULL,2442.5,NULL,NULL,1252,1006,NULL,NULL,1129,1263,1240,1236,1161,1225,1806.8,'Adequado',284,156,1),(285,'A4',2580,1156,NULL,NULL,NULL,NULL,NULL,NULL,1868,21,3,1408,1346,1407,1011,NULL,NULL,NULL,NULL,1293,NULL,NULL,452,588,NULL,NULL,520,754,876,1017,816,865.8,1451.3,'Adequado',285,14,1),(287,'A4',1809,1538,NULL,NULL,NULL,NULL,NULL,NULL,1673.5,48,3,2280,1881,1714,1751,NULL,NULL,NULL,NULL,1906.5,NULL,NULL,1451,1213,NULL,NULL,1332,1346,1428,1225,1124,1280.8,1818,'Adequado',287,156,1),(288,'A2',NULL,NULL,NULL,NULL,NULL,NULL,NULL,NULL,NULL,NULL,NULL,NULL,NULL,NULL,NULL,NULL,NULL,NULL,NULL,NULL,NULL,NULL,122,132,132,312,174.5,NULL,NULL,NULL,NULL,NULL,174.5,'Adequado',288,3,1),(289,'A4',2170,2620,NULL,NULL,NULL,NULL,NULL,NULL,2395,32,4,1404,1408,1492,1506,NULL,NULL,NULL,NULL,1452.5,NULL,NULL,1153,1638,NULL,NULL,1395.5,1096,1260,840,689,971.2,1669.6,'Adequado',289,14,1),(290,'A4',607,912,NULL,NULL,NULL,NULL,NULL,NULL,759.5,8,3,1215,1223,1492,1293,NULL,NULL,NULL,NULL,1305.8,NULL,NULL,495,531,NULL,NULL,513,1274,1354,1044,1014,1171.5,1104.6,'Adequado',290,38,1),(291,'A3',344,542,618,556,590,897,711,496,594.2,2,NULL,NULL,NULL,NULL,NULL,NULL,NULL,NULL,NULL,NULL,NULL,NULL,561,318,NULL,NULL,439.5,NULL,NULL,NULL,NULL,NULL,516.9,'Adequado',291,156,1),(292,'A3',344,542,618,556,590,897,711,496,594.2,2,NULL,NULL,NULL,NULL,NULL,NULL,NULL,NULL,NULL,NULL,NULL,NULL,561,318,NULL,NULL,439.5,NULL,NULL,NULL,NULL,NULL,516.9,'Adequado',292,156,1),(293,'A4',983,656,NULL,NULL,NULL,NULL,NULL,NULL,819.5,5,2,883,683,1178,961,NULL,NULL,NULL,NULL,926.2,NULL,NULL,958,1093,NULL,NULL,1025.5,1293,1143,1452,1160,1262,918,'Adequado',293,38,1),(294,'A3',940,1051,1019,880,772,887,714,526,848.6,2,NULL,NULL,NULL,NULL,NULL,NULL,NULL,NULL,NULL,NULL,NULL,NULL,558,497,NULL,NULL,527.5,NULL,NULL,NULL,NULL,NULL,688.1,'Adequado',294,159,1),(295,'A4',803,1135,NULL,NULL,NULL,NULL,NULL,NULL,969,6,2,1844,1679,1725,1816,NULL,NULL,NULL,NULL,1766,NULL,NULL,878,1926,NULL,NULL,1402,1478,1462,1472,1825,1559.2,1383.7,'Adequado',295,38,1),(296,'A4',792,621,NULL,NULL,NULL,NULL,NULL,NULL,706.5,6,2,1243,1366,1521,1513,NULL,NULL,NULL,NULL,1410.8,NULL,NULL,881,742,NULL,NULL,811.5,1163,1181,1335,1508,1296.8,1058,'Adequado',296,38,1),(297,'A3',333,452,464,483,454,458,436,517,449.6,2,NULL,NULL,NULL,NULL,NULL,NULL,NULL,NULL,NULL,NULL,NULL,NULL,537,497,NULL,NULL,517,NULL,NULL,NULL,NULL,NULL,483.3,'Adequado',297,156,1),(298,'A4',1417,673,NULL,NULL,NULL,NULL,NULL,NULL,1045,7,3,1180,1410,1544,1658,NULL,NULL,NULL,NULL,1448,NULL,NULL,1262,853,NULL,NULL,1057.5,898,872,2360,854,1246,1297.4,'Adequado',298,38,1),(299,'A3',395,450,388,274,616,1303,872,363,582.6,4,NULL,NULL,NULL,NULL,NULL,NULL,NULL,NULL,NULL,NULL,NULL,NULL,311,239,NULL,NULL,275,NULL,NULL,NULL,NULL,NULL,505.7,'Adequado',299,156,1),(301,'A4',67,326,NULL,NULL,NULL,NULL,NULL,NULL,196.5,32,2,265,195,181,275,NULL,NULL,NULL,NULL,229,NULL,NULL,58,143,NULL,NULL,100.5,624,308,212,208,338,212.9,'Não atende',301,156,1),(302,'A3',301,297,288,431,329,361,278,328,326.6,3,NULL,NULL,NULL,NULL,NULL,NULL,NULL,NULL,NULL,NULL,NULL,NULL,530,359,NULL,NULL,444.5,NULL,NULL,NULL,NULL,NULL,365.9,'Não atende',302,156,1),(303,'A2',NULL,NULL,NULL,NULL,NULL,NULL,NULL,NULL,NULL,NULL,NULL,NULL,NULL,NULL,NULL,NULL,NULL,NULL,NULL,NULL,NULL,NULL,153,161,95,187,149,NULL,NULL,NULL,NULL,NULL,149,'Não atende',303,156,1);
/*!40000 ALTER TABLE `automacao_rel_luminancia_ambiente` ENABLE KEYS */;
UNLOCK TABLES;

--
-- Table structure for table `automacao_rel_luminancia_avaliacao`
--

DROP TABLE IF EXISTS `automacao_rel_luminancia_avaliacao`;
/*!40101 SET @saved_cs_client     = @@character_set_client */;
/*!50503 SET character_set_client = utf8mb4 */;
CREATE TABLE `automacao_rel_luminancia_avaliacao` (
  `id` bigint NOT NULL AUTO_INCREMENT,
  `data_avaliacao` date DEFAULT NULL,
  `hora_avaliacao` time(6) DEFAULT NULL,
  `observacao` longtext,
  `ambiente` varchar(255) NOT NULL,
  `avaliador_id` bigint DEFAULT NULL,
  `setor` varchar(255) NOT NULL,
  `relatorio_luminancia_id` bigint DEFAULT NULL,
  `inquilino_id` bigint NOT NULL,
  PRIMARY KEY (`id`),
  KEY `automacao_rel_lumina_relatorio_luminancia_d423ae80_fk_automacao` (`relatorio_luminancia_id`),
  KEY `automacao_rel_lumina_avaliador_id_58859f27_fk_contas_pe` (`avaliador_id`),
  KEY `automacao_rel_lumina_inquilino_id_23a0116b_fk_contas_in` (`inquilino_id`),
  CONSTRAINT `automacao_rel_lumina_avaliador_id_58859f27_fk_contas_pe` FOREIGN KEY (`avaliador_id`) REFERENCES `contas_perfil` (`id`),
  CONSTRAINT `automacao_rel_lumina_inquilino_id_23a0116b_fk_contas_in` FOREIGN KEY (`inquilino_id`) REFERENCES `contas_inquilino` (`id`),
  CONSTRAINT `automacao_rel_lumina_relatorio_luminancia_d423ae80_fk_automacao` FOREIGN KEY (`relatorio_luminancia_id`) REFERENCES `automacao_rel_luminancia_relatorioluminancia` (`id`)
) ENGINE=InnoDB AUTO_INCREMENT=304 DEFAULT CHARSET=utf8mb3;
/*!40101 SET character_set_client = @saved_cs_client */;

--
-- Dumping data for table `automacao_rel_luminancia_avaliacao`
--

LOCK TABLES `automacao_rel_luminancia_avaliacao` WRITE;
/*!40000 ALTER TABLE `automacao_rel_luminancia_avaliacao` DISABLE KEYS */;
INSERT INTO `automacao_rel_luminancia_avaliacao` VALUES (1,'2024-11-01','09:37:00.000000','','Sala de Reunião - Aquário',2,'Administrativo',2,1),(2,'2024-11-01','09:42:00.000000','','Sala ADM - Aquário',2,'Administrativo',2,1),(3,'2024-11-01','09:25:00.000000','','Sala ADM Manutenção',2,'Manutenção',2,1),(4,'2024-11-08','11:00:00.000000','','Sala do Médico',2,'SESMT',2,1),(5,'2024-11-08','13:13:00.000000','','Sala ADM do Armazém',2,'Administrativo',2,1),(6,'2024-11-08','13:20:00.000000','','ADM - Suprimentos',2,'Suprimentos',2,1),(9,'2024-11-08','13:41:00.000000','','Sala de Reunião',2,'Suprimentos',2,1),(10,'2024-11-08','14:44:00.000000','','Sala ADM - Logística',2,'Logística',2,1),(11,'2024-11-08','15:00:00.000000','','Posto ADM - Portaria 02',2,'Portaria 02',2,1),(13,'2024-11-18','10:27:00.000000','','Administrativo',2,'Recepção',2,1),(14,'2024-11-18','10:42:00.000000','','Administrativo',2,'Sala de Reunião  Kymon',2,1),(15,'2024-10-30','09:22:00.000000','','Administrativo',2,'SESMT',2,1),(16,'2024-10-11','09:45:00.000000','','Administrativo',2,'Administrativo',2,1),(17,'2024-10-11','10:30:00.000000','','Sala de Reunião Peso +',2,'Administrativo',2,1),(18,'2024-10-11','14:32:00.000000','','Administrativo',2,'Laboratório Produção',2,1),(19,'2024-11-18','10:35:00.000000','','Sala de Reunião Kymon',2,'Administrativo',2,1),(20,'2024-11-18','10:44:00.000000','','Sala de Reunião Genizys',2,'Administrativo',2,1),(21,'2024-11-18','15:12:00.000000','','Sala ADM do Laboratório',2,'Laboratório',2,1),(22,'2024-11-18','16:14:00.000000','','Oficina de Manutenção',2,'Manutenção',2,1),(23,'2024-11-18','14:22:00.000000','','Recepção Diretoria',2,'Diretoria',2,1),(25,'2025-01-13','08:56:00.000000','','Sala de Controle',2,'Administrativo',4,1),(26,'2025-01-13','09:06:00.000000','','Sala de Controle',2,'Administrativo',4,1),(27,'2025-01-13','09:20:00.000000','','Sala Tecnologia de Mina e Gerência',2,'Administrativo',4,1),(28,'2024-10-30','11:06:00.000000','','Sala - Administrativo',4,'Administrativo',5,1),(29,'2024-10-30','12:22:00.000000','','Sala - Gerência',4,'Administrativo',5,1),(30,'2024-10-30','12:14:00.000000','','Sala - Supervisão de Operação',4,'Administrativo',5,1),(31,'2024-10-30','11:27:00.000000','','Sala - Ponto Focal Milho',4,'Administrativo',5,1),(32,'2024-10-03','11:19:00.000000','','Sala - Ponto Focal Sorgo',4,'Administrativo',5,1),(33,'2024-10-30','11:34:00.000000','','Sala- Etiquetas Operação',4,'Administrativo',5,1),(34,'2024-10-30','11:45:00.000000','','Galpão',4,'Operacional',5,1),(35,'2025-02-18','14:14:00.000000','','SETOR X',8,'ADMINISTRATIVO',7,5),(41,'2025-02-27','09:32:00.000000','','ADM',3,'Administrativo Produção',10,1),(43,'2025-02-27','09:52:00.000000','','Adm',3,'Tecnologia da informação',10,1),(44,'2025-02-27','10:14:00.000000','','ADM',3,'Administrativo/Producao',10,1),(45,'2025-02-27','10:39:00.000000','','RH',3,'Administrativo',10,1),(46,'2025-02-27','10:48:00.000000','','Adm',3,'RH / SESMT',10,1),(47,'2025-02-27','11:12:00.000000','','Adm',3,'Administrativo / Compras',10,1),(48,'2025-03-18','13:59:00.000000','','Sala TI- Manutenção e Estoque',9,'TI Tecnologia da Informação',12,1),(49,'2025-03-18','14:12:00.000000','','Sala Administrativo Agrícola',9,'Administrativo Agrícola',12,1),(51,'2025-03-18','14:36:00.000000','','Recepção',9,'Administrativo Agrícola',12,1),(52,'2025-03-18','14:41:00.000000','','Sala RH',9,'Gestão de Recursos humanos',12,1),(53,'2025-03-18','14:54:00.000000','','Sala Jurídico, Treinamento e Desenvolvimento',9,'Gestão de Recursos humanos',12,1),(54,'2025-03-18','15:01:00.000000','','Sala Administração de Pessoal',9,'Gestão de Recursos humanos',12,1),(55,'2025-03-18','15:05:00.000000','','Sala Recrutamento e seleção',9,'Gestão de Recursos humanos',12,1),(56,'2025-03-18','15:10:00.000000','','Sala Recepção para Atendimento Externo',9,'Gestão de Recursos humanos',12,1),(57,'2025-03-18','15:13:00.000000','','Sala Encarregado de DP',9,'Gestão de Recursos humanos',12,1),(59,'2025-03-18','15:20:00.000000','','Sala Gerencia de RH',9,'Gestão de Recursos humanos',12,1),(60,'2025-03-18','15:25:00.000000','','Sala Coordenação de RH',9,'Gestão de Recursos humanos',12,1),(61,'2025-03-18','15:33:00.000000','','Sala Fonoaudiologia',9,'Ambulatório Médico',12,1),(62,'2025-03-18','15:37:00.000000','','Recepção Ambulatório',9,'Ambulatório Médico',12,1),(63,'2025-03-18','15:43:00.000000','','Sala de curativos',9,'Ambulatório Médico',12,1),(64,'2025-03-18','15:55:00.000000','','Sala de Enfermagem',9,'Ambulatório Médico',12,1),(65,'2025-03-18','16:04:00.000000','','Estoque',9,'Ambulatório Médico',12,1),(66,'2025-03-18','16:17:00.000000','','Esterilização de Materiais',9,'Ambulatório Médico',12,1),(67,'2025-03-18','16:22:00.000000','','Consultório Médico',9,'Ambulatório Médico',12,1),(68,'2025-03-18','16:25:00.000000','','Sala Enfermeira',9,'Ambulatório Médico',12,1),(69,'2025-03-18','16:32:00.000000','','Portaria',9,'Controles e Serviços Portaria',12,1),(70,'2025-03-18','16:40:00.000000','','Sala de vídeo monitoramento',9,'Controles e Serviços Portaria',12,1),(71,'2025-03-18','16:45:00.000000','','Sala da Supervisão',9,'Controles e Serviços Portaria',12,1),(72,'2025-03-19','07:49:00.000000','','Sala Gerencia Agrícola',9,'Administrativo Agrícola',12,1),(73,'2025-03-19','07:53:00.000000','','Sala Engenharia SST',9,'Segurança do Trabalho',12,1),(74,'2025-03-19','07:57:00.000000','','Sala dos Técnicos',9,'Segurança do Trabalho',12,1),(75,'2025-03-19','08:10:00.000000','','Sala Supervisão',9,'Almoxarifado',12,1),(76,'2025-03-19','08:20:00.000000','','Sala Administrativa',9,'Almoxarifado',12,1),(77,'2025-03-19','08:38:00.000000','Estação informatizada','Sala da Supervisão e laboratório Eletro eletrônico',9,'Oficina Elétrica',12,1),(78,'2025-03-19','09:08:00.000000','Bancada 1 de 60 centímetros de altura \r\nBancada 2 de 80 centímetros de altura','Oficina',9,'Oficina Elétrica',12,1),(79,'2025-03-19','09:49:00.000000','','Laboratório Eletrônico',9,'Automação Industrial',12,1),(80,'2025-03-19','10:10:00.000000','','Departamento Técnico',9,'Automação Industrial',12,1),(81,'2025-03-19','10:21:00.000000','','Oficina instrumentação',9,'Automação Industrial',12,1),(82,'2025-03-19','10:51:00.000000','','Sala Supervisão',9,'Oficina Mecânica',12,1),(83,'2025-03-19','11:02:00.000000','','Ferramentaria',9,'Oficina Mecânica',12,1),(84,'2025-03-19','11:12:00.000000','','Ferramentaria (sala auxiliar)',9,'Oficina Mecânica',12,1),(85,'2025-03-19','11:15:00.000000','Tornos possuem iluminação auxiliar \r\nSequência das bancadas iniciando próximo sala da Supervisão','Saguão Oficina Mecânica',9,'Oficina Mecânica',12,1),(86,'2025-03-19','11:46:00.000000','Possuí portão que se mantém aberto.','Lubrificação industrial',9,'Oficina Mecânica',12,1),(87,'2025-03-19','13:36:00.000000','','Sala do COI',9,'Centro Operações Industriais',12,1),(88,'2025-03-19','13:54:00.000000','','Sala da Supervisão',9,'Laboratório Industrial',12,1),(89,'2025-03-19','14:03:00.000000','','Salão de analises',9,'Laboratório industrial',12,1),(90,'2025-03-19','14:14:00.000000','','Sala de Cromatografia',9,'Laboratório industrial',12,1),(91,'2025-03-19','14:16:00.000000','','Sala quente',9,'Laboratório industrial',12,1),(92,'2025-03-19','14:22:00.000000','','Sala de microbiologia 1',9,'Laboratório industrial',12,1),(93,'2025-03-19','14:26:00.000000','','Sala de microbiologia 2',9,'Laboratório industrial',12,1),(94,'2025-03-19','14:32:00.000000','','Salão Gerêncial',9,'Administração industrial',12,1),(95,'2025-03-19','14:50:00.000000','','Sala de Reunião',9,'Administração Industrial',12,1),(96,'2025-03-19','15:06:00.000000','','Sala de controle ETA',9,'Águas Industriais',12,1),(97,'2025-03-19','15:18:00.000000','','Sala de controle',9,'Armazém de Açúcar',12,1),(98,'2025-03-19','16:06:00.000000','','Sala administrativa',9,'Balança de Cana',12,1),(99,'2025-03-19','16:22:00.000000','Local possível portão que se mantém aberto na parte da frente do galpão próximo a área de conferência e recebimento','Área de Recebimento e estoque',9,'Almoxarifado',12,1),(100,'2025-03-20','07:28:00.000000','','Portaria 1',9,'Controles e Serviços Portaria',12,1),(101,'2025-03-20','09:32:00.000000','','Administração Automotiva',9,'Centro Automotivo e Moto Mecanização',12,1),(102,'2025-03-20','09:44:00.000000','','Sala Engenharia',9,'Centro Automotivo e Moto Mecanização',12,1),(103,'2025-03-20','09:49:00.000000','','Sala do M4',9,'Centro Automotivo e Moto Mecanização',12,1),(104,'2025-03-20','09:53:00.000000','','Torneadora',9,'Centro Automotivo e Moto Mecanização',12,1),(105,'2025-03-20','10:09:00.000000','','Sala Encarregado Manutenção Elétrica',9,'Centro Automotivo e Moto Mecanização',12,1),(106,'2025-03-20','10:18:00.000000','','Sala Encarregado da Caldeiraria',9,'Centro Automotivo e Moto Mecanização',12,1),(107,'2025-03-20','10:35:00.000000','','Sala Manutenção Primária e Borracharia',9,'Centro Automotivo e Moto Mecanização',12,1),(108,'2025-03-20','10:50:00.000000','','Corredor 1/2',9,'Almoxarifado',12,1),(109,'2025-03-20','10:59:00.000000','','Corredor 5/6',9,'Almoxarifado',12,1),(110,'2025-03-20','11:03:00.000000','','Corredor 7/8',9,'Almoxarifado',12,1),(111,'2025-03-20','11:06:00.000000','','Corredor 9/10',9,'Almoxarifado',12,1),(112,'2025-03-20','11:08:00.000000','','Corredor 11/12',9,'Almoxarifado',12,1),(113,'2025-03-20','11:11:00.000000','','Corredor 13/14',9,'Almoxarifado',12,1),(114,'2025-03-20','11:13:00.000000','','Corredor 15/16',9,'Almoxarifado',12,1),(115,'2025-03-20','11:15:00.000000','','Corredor 17/18',9,'Almoxarifado',12,1),(116,'2025-03-20','11:17:00.000000','','Corredor 19/20',9,'Almoxarifado',12,1),(117,'2025-03-20','11:20:00.000000','','Corredor 21/22',9,'Almoxarifado',12,1),(118,'2025-03-20','11:22:00.000000','','Corredor 23/24',9,'Almoxarifado',12,1),(119,'2025-03-20','11:25:00.000000','','Sala B',9,'Almoxarifado',12,1),(120,'2025-03-20','11:30:00.000000','','Sala C',9,'Almoxarifado',12,1),(121,'2025-03-20','11:38:00.000000','','Balcão de atendimento',9,'Almoxarifado',12,1),(123,'2025-03-20','08:43:00.000000','','Sala Forrageira',9,'Laboratório Sacarose',12,1),(124,'2025-03-20','08:47:00.000000','','Sala de Analise',9,'Laboratório Sacarose',12,1),(125,'2025-03-20','08:55:00.000000','','Sala Quente',9,'Laboratório Sacarose',12,1),(126,'2025-03-20','07:59:00.000000','','Sala administrativa',9,'Balança de Expedição',12,1),(127,'2025-03-20','08:12:00.000000','','M1',9,'Moto Mecanização',12,1),(129,'2025-03-20','08:29:00.000000','','Portaria 2',9,'Controle de Acesso Portaria',12,1),(130,'2025-04-10','09:26:00.000000','','Administrativo',3,'E-Comerce',13,1),(131,'2025-04-10','09:45:00.000000','','Estoque',3,'E-Comerce',13,1),(132,'2025-04-10','09:59:00.000000','','Administrativo',3,'Loja',13,1),(133,'2025-04-10','10:19:00.000000','','Operacional',3,'Produção',13,1),(135,'2025-05-12','09:20:00.000000','Não foram identificadas lâmpadas danificadas. Há queixas de desconforto devido à incidência de iluminação natural no período da tarde.','Administrativo',2,'Administrativo - Mina',15,1),(136,'2025-05-06','13:00:00.000000','','Sala administrativa',9,'TI Tecnologia da Informação',12,1),(137,'2025-05-06','13:15:00.000000','','Ferramentaria',9,'Centro Automotivo e Moto Mecanização',12,1),(138,'2025-05-06','13:31:00.000000','','Sala - Líder Manutenção Mecanizada',9,'Centro Automotivo e Moto Mecanização',12,1),(139,'2025-05-06','13:24:00.000000','','Sala - Hidráulica',9,'Centro Automotivo e Moto Mecanização',12,1),(140,'2025-05-06','13:36:00.000000','','Almoxarifado Automotivo - corredor 01/02',9,'Almoxarifado',12,1),(141,'2025-05-06','13:39:00.000000','','Almoxarifado Automotivo - corredor 03/04',9,'Almoxarifado',12,1),(142,'2025-05-06','13:42:00.000000','','Almoxarifado Automotivo - corredor 5/6',9,'Almoxarifado',12,1),(143,'2025-05-06','13:45:00.000000','','Almoxarifado Automotivo - corredor 7/8',9,'Almoxarifado',12,1),(144,'2025-05-06','14:30:00.000000','','Sala de Ensaque',9,'Armazém de Açucar',12,1),(145,'2025-05-06','15:10:00.000000','','Sala Administrativa',9,'Posto de Combustível',12,1),(146,'2024-02-06','09:15:00.000000','Não há lâmpadas danificadas.','Administrativo',2,'Administração Guaíra, Coordenação Recursos Humanos, Administração de Pessoal',16,1),(147,'2023-05-30','10:30:00.000000','Não foram identificadas lâmpadas danificadas no ambiente. Não há queixas relacionadas à iluminação.','Administrativo',2,'Administração Orlândia, Administração Geral Orlândia',16,1),(148,'2024-02-06','08:40:00.000000','Não há lâmpadas danificadas no ambiente de trabalho.','Administrativo',2,'Administração Guaíra, Coordenação Recursos Humanos, Benefícios',16,1),(149,'2024-02-20','10:40:00.000000','Não há lâmpadas danificadas no ambiente de trabalho.','Administrativo',2,'Jurídico - Processos Trabalhistas',16,1),(150,'2024-02-06','08:35:00.000000','Não há lâmpadas danificadas no ambiente de trabalho.','Administrativo',2,'Administração Guaíra, Coordenação Recursos Humanos, Recursos Humanos',16,1),(151,'2025-05-22','08:04:00.000000','Não há lâmpadas danificadas.','Administrativo',3,'RH e Recepção',17,1),(152,'2025-05-22','08:41:00.000000','','Administrativo',3,'Financeiro / Faturamento',18,1),(153,'2025-05-22','09:06:00.000000','','Administrativo',3,'Suprimentos',18,1),(154,'2025-05-22','09:38:00.000000','','Administrativo',3,'Comercial',18,1),(155,'2025-05-22','09:54:00.000000','','Produção',3,'Descasca I',17,1),(156,'2025-05-22','09:59:00.000000','','Produção',3,'Descasca II',17,1),(157,'2025-05-22','10:06:00.000000','','Produção',3,'Embalagem',17,1),(158,'2025-05-22','10:25:00.000000','','Produção',3,'Fritura',18,1),(159,'2025-05-22','10:35:00.000000','','Produção',3,'Embalagem',18,1),(160,'2025-05-22','10:44:00.000000','','Estoque',3,'Expedição',18,1),(161,'2025-06-03','09:50:00.000000','','Operacional',3,'Oficina',19,1),(162,'2025-06-03','10:02:00.000000','','Administrativo',3,'Sala Alessandro',19,1),(163,'2025-06-03','10:07:00.000000','','Armazenamento',3,'Estoque',19,1),(164,'2025-06-03','08:40:00.000000','','Administrativo',2,'Administrativo',19,1),(165,'2025-06-03','08:56:00.000000','','Sala Tecnologia da Informação',2,'Administrativo',19,1),(166,'2025-06-03','09:05:00.000000','','Auditório',2,'Auditório',19,1),(168,'2025-06-12','14:28:00.000000','','Produção Envase de Sais - Debaixo da Estrutura Metálica',2,'Envase de Sais',22,1),(169,'2025-06-12','14:36:00.000000','','Produção Envase de Sais - Área do Empacotamento',2,'Envase de Sais',22,1),(170,'2025-06-12','14:43:00.000000','','Área de Etiquetagem de Caixas',2,'Envase de Sais',22,1),(171,'2025-06-12','14:47:00.000000','','Área de Envase do BAG',2,'Envase de Sais',22,1),(172,'2025-06-12','14:50:00.000000','Ambiente recebe iluminação natural de forma indireta.','Área de depósito',2,'Logística',22,1),(173,'2025-06-12','14:55:00.000000','','Área de circulação e saída para docas',2,'Logística',22,1),(174,'2025-06-12','15:00:00.000000','','Linha 01',2,'Envase de Líquidos',22,1),(175,'2025-06-12','15:05:00.000000','Ambiente de trabalho possui iluminação tanto natural (por meio de telhas transparentes) quanto artificial.','Linha 02',2,'Envase de Líquidos',22,1),(176,'2025-06-12','15:11:00.000000','','Linha 03',2,'Envase de Líquidos',22,1),(177,'2025-06-12','15:19:00.000000','','Área dos reatores',2,'Formulação de Líquidos',22,1),(178,'2025-06-12','15:28:00.000000','','Área de Manutenção',2,'Manutenção',22,1),(179,'2025-06-16','09:14:00.000000','','Galpão Armazém',2,'Armazenagem',22,1),(180,'2025-06-16','09:23:00.000000','','Piso 01',2,'Formulação de Sais',22,1),(181,'2025-06-16','09:28:00.000000','','Piso 02',2,'Formulação de Sais',22,1),(182,'2025-06-16','09:23:00.000000','','Piso 03',2,'Formulação de Sais',22,1),(183,'2025-06-24','08:24:00.000000','','Sala de Reunião',3,'Administrativo',24,1),(184,'2025-06-24','09:10:00.000000','','Estoque',3,'Sala de EPIs',24,1),(185,'2025-06-24','09:20:00.000000','','Estoque',3,'Almoxarifado',24,1),(186,'2025-06-24','09:29:00.000000','','Administrativo',3,'Compras',24,1),(187,'2025-06-24','09:35:00.000000','','Administrativo',3,'Segurança / Projetos',24,1),(188,'2025-06-24','09:41:00.000000','','Administrativo',3,'Planejamento',24,1),(189,'2025-06-24','10:44:00.000000','','Administrativo',3,'Qualidade',24,1),(190,'2025-06-24','10:50:00.000000','','Administrativo',3,'RH',24,1),(191,'2025-06-24','10:55:00.000000','','Administrativo',3,'Financeiro',24,1),(192,'2025-06-24','10:59:00.000000','','Administrativo',3,'Fiscal',24,1),(193,'2025-06-24','11:04:00.000000','','Administrativo',3,'Segurança',24,1),(194,'2025-06-26','10:11:00.000000','','Administrativo',3,'SESMT / Meio Ambiente',25,1),(195,'2025-06-26','10:37:00.000000','','Administrativo',3,'RH',25,1),(196,'2025-06-26','10:42:00.000000','','Administrativo',3,'Engenharia',25,1),(197,'2025-06-26','10:49:00.000000','','Estoque',3,'Almoxarifado',25,1),(198,'2025-06-26','10:57:00.000000','','Administrativo',3,'Laboratório',25,1),(199,'2025-06-30','10:38:00.000000','Presença de lâmpadas danificadas.','Sala de Treinamentos',2,'Container - Treinamentos',26,1),(200,'2025-06-30','10:42:00.000000','Presença de lâmpadas danificadas.','Sala ADM Apoio RH',2,'Container - Apoio RH',26,1),(201,'2025-06-30','10:54:00.000000','','Operação Mina',2,'Sala de Operações e Infraestrutura',26,1),(202,'2025-06-30','10:11:00.000000','','Sala ADM Almoxarifado',2,'Almoxarifado',26,1),(203,'2025-06-30','14:30:00.000000','','Administrativo',2,'Administrativo - Mina',26,1),(204,'2025-06-30','10:35:00.000000','','Refeitório',2,'Refeitório',26,1),(205,'2025-06-30','10:27:00.000000','','Administrativo',2,'Segurança do Trabalho',26,1),(206,'2025-06-30','10:23:00.000000','','Administrativo',2,'Meio Ambiente',26,1),(207,'2025-06-24','13:44:00.000000','','Sala de Reunião interna Adm',9,'Administração Geral',12,1),(209,'2025-06-24','13:35:00.000000','','Sala Coordenação',9,'Administração Geral',12,1),(210,'2025-06-24','13:40:00.000000','','Sala Reunião Administrativo Agrícola',9,'Administração Geral',12,1),(211,'2025-06-24','13:46:00.000000','','Sala Reunião Externa Administração Geral',9,'Administrativo Geral',12,1),(212,'2025-06-24','14:18:00.000000','','Sala Vídeo monitoramento - Trafego Agrícola',9,'Administrativo Geral',12,1),(213,'2025-06-24','14:08:00.000000','','Sala Instrutores',9,'Administração Geral',12,1),(214,'2025-06-24','13:19:00.000000','','Sala Administrativo Geral',9,'Administração Geral',12,1),(215,'2025-07-14','10:45:00.000000','','Administrativo',2,'RH e DP',27,1),(216,'2025-07-14','10:58:00.000000','','Administrativo',2,'Controladoria',27,1),(217,'2025-07-14','11:05:00.000000','','Administrativo',2,'Jurídico',27,1),(218,'2025-07-14','11:08:00.000000','','Administrativo',2,'Suprimentos',27,1),(219,'2025-07-14','11:12:00.000000','','Administrativo',2,'T.I.',27,1),(221,'2025-07-14','11:16:00.000000','','Administrativo',2,'Sistema de Gestão da Qualidade',27,1),(223,'2025-07-14','13:08:00.000000','','Reuniões e conferências',2,'Sala de Reunião',27,1),(224,'2025-07-14','13:11:00.000000','','Administrativo',2,'Gerência',27,1),(225,'2025-07-16','13:05:00.000000','','Administrativo',3,'Financeiro / Faturamento',28,1),(226,'2025-07-16','13:15:00.000000','','Administrativo',3,'Suprimentos',28,1),(227,'2025-07-16','13:23:00.000000','','Administrativo',3,'Comercial',28,1),(228,'2025-07-29','13:16:00.000000','','Administrativo',3,'Segurança / Projetos',30,1),(229,'2025-08-11','08:23:00.000000','','Administrativo',3,'RH',31,1),(230,'2025-08-11','08:51:00.000000','','Administrativo',3,'PCM / PCP',31,1),(231,'2025-08-11','09:03:00.000000','','Administrativo',3,'Recepção',31,1),(232,'2025-08-11','09:09:00.000000','','Administrativo',3,'Qualidade',31,1),(233,'2025-08-11','09:27:00.000000','','Administrativo',3,'Diretoria Pecuária',31,1),(234,'2025-08-11','09:54:00.000000','','Administrativo',3,'Patrimônio',31,1),(235,'2025-08-11','10:29:00.000000','','Administrativo',3,'Expedição',31,1),(236,'2025-08-14','13:59:00.000000','','Administrativo',3,'Suprimentos',31,1),(237,'2025-08-14','14:13:00.000000','','Administrativo',3,'Almoxarifado',31,1),(238,'2025-08-14','14:33:00.000000','','Administrativo',3,'Financeiro',31,1),(239,'2025-08-14','14:45:00.000000','','Administrativo',3,'Controladoria / T.I.',31,1),(240,'2025-08-14','14:56:00.000000','','Administrativo',3,'Expedição / Supervisão',31,1),(241,'2025-08-28','13:15:00.000000','','Administrativo',3,'Diretoria',32,1),(242,'2025-08-28','13:22:00.000000','','Administrativo',3,'PCP',32,1),(243,'2025-08-28','13:29:00.000000','','Administrativo',3,'Compras',32,1),(244,'2025-08-28','13:43:00.000000','','Administrativo',3,'RH',32,1),(245,'2025-08-28','13:49:00.000000','','Administrativo',3,'Fiscal',32,1),(246,'2025-09-05','10:28:00.000000','','Administrativo',3,'Segurança',33,1),(247,'2025-09-11','08:56:00.000000','','SESMT - Administrativo',2,'SESMT',34,1),(248,'2025-09-11','09:04:00.000000','','SESMT - Sala do Médico',2,'SESMT',34,1),(249,'2025-09-11','09:08:00.000000','','Sala ADM / Armazenagem',2,'Armazenagem',34,1),(250,'2025-09-11','09:13:00.000000','','Suprimentos - Administrativo',2,'Suprimentos',34,1),(251,'2025-09-11','09:20:00.000000','','Sala de Reunião - Suprimentos',2,'Suprimentos',34,1),(252,'2025-09-11','09:35:00.000000','','Sala ADM do Laboratório',2,'Laboratório',34,1),(253,'2025-09-11','09:47:00.000000','','Laboratório de Controle e Qualidade P&D',2,'Laboratório de Controle e Qualidade P&D',34,1),(254,'2025-09-11','09:47:00.000000','','Laboratório de Controle e Qualidade P&D',2,'Laboratório de Controle e Qualidade P&D',34,1),(255,'2025-09-11','09:53:00.000000','Presença de lâmpadas danificadas.','Laboratório de Controle de Qualidade P&D',2,'Laboratório de Controle de Qualidade P&D',34,1),(256,'2025-09-11','09:57:00.000000','','Laboratório de Controle de Qualidade P&D',2,'Laboratório de Controle de Qualidade P&D',34,1),(257,'2025-09-11','10:02:00.000000','','Laboratório de Pesquisa e Desenvolvimento',2,'Laboratório de Pesquisa e Desenvolvimento',34,1),(258,'2025-09-11','10:09:00.000000','','Sala de Reunião - N32',2,'Administrativo',34,1),(259,'2025-09-11','10:12:00.000000','','Sala de Reunião - Verdatto',2,'Administrativo',34,1),(260,'2025-09-11','10:16:00.000000','','Administrativo',2,'Administrativo',34,1),(261,'2025-09-11','10:55:00.000000','','Sala de Reunião Essência II',2,'Administrativo',34,1),(262,'2025-09-11','10:57:00.000000','','Sala de Reunião Essência I',2,'Administrativo',34,1),(263,'2025-09-11','10:58:00.000000','','Sala de Reunião Essência III',2,'Administrativo',34,1),(264,'2025-09-11','11:01:00.000000','','Sala de Reunião Disperse',2,'Administrativo',34,1),(265,'2025-09-11','11:04:00.000000','','Recepção',2,'Administrativo',34,1),(266,'2025-09-11','13:26:00.000000','Não possui lâmpadas/luminárias com defeito ou queimadas.','Administrativo',3,'Administrativo / Segurança',35,1),(267,'2025-09-11','13:37:00.000000','Não possui lâmpadas/luminárias com defeito ou queimadas.','Administrativo',3,'Supervisão',35,1),(268,'2025-09-11','13:40:00.000000','Não possui lâmpadas/luminárias com defeito ou queimadas.','Administrativo',3,'Engenharia',35,1),(269,'2025-09-11','13:47:00.000000','Não possui lâmpadas/luminárias com defeito ou queimadas.','Administrativo',3,'Manutenção',35,1),(270,'2025-09-18','11:13:00.000000','','Administrativo',2,'Sala ADM Manutenção',34,1),(271,'2025-09-18','11:13:00.000000','','Administrativo',2,'Sala ADM Manutenção',34,1),(272,'2025-09-18','11:26:00.000000','','Sala de Reunião',2,'Aquário',34,1),(273,'2025-09-18','11:31:00.000000','','Administrativo',2,'Aquário',34,1),(274,'2025-09-18','11:47:00.000000','','Administrativo',2,'Laboratório da Produção',34,1),(275,'2025-09-18','11:53:00.000000','','Laboratório',2,'Laboratório da Produção',34,1),(276,'2025-09-18','11:57:00.000000','','Administrativo',2,'Logística',34,1),(277,'2025-09-25','08:43:00.000000','Não há luminárias instaladas na área do corredor 02 ocasionando em sombra neste local.','Almoxarifado / Administrativo',2,'Almoxarifado',34,1),(282,'2025-09-29','22:03:00.000000','','AA - Teste',2,'Teste',25,1),(283,'2025-09-30','09:15:00.000000','','Administrativo',3,'Manutenção Piso Superior',36,1),(284,'2025-09-30','09:26:00.000000','','Administrativo',3,'Manutenção - Sala 2',36,1),(285,'2025-09-30','09:47:00.000000','','Galpão',3,'Armazém 35',36,1),(287,'2025-09-30','11:50:00.000000','','Administrativo',3,'Administrativo',36,1),(288,'2025-09-30','11:49:00.000000','','Teste',2,'Teste',29,1),(289,'2025-09-30','13:40:00.000000','','Galpão',3,'Armazem 34',36,1),(290,'2025-09-30','14:05:00.000000','','Laboratório',3,'Laboratório P&D - Líquidos I',36,1),(291,'2025-09-30','14:16:00.000000','','administrativo',3,'Laboratório P&D',36,1),(292,'2025-09-30','14:16:00.000000','','administrativo',3,'Laboratório P&D',36,1),(293,'2025-09-30','14:27:00.000000','','Laboratório',3,'Laboratório P&D - Analítico',36,1),(294,'2025-09-30','14:41:00.000000','','Sala de Reunião',3,'Laboratorio P&D',36,1),(295,'2025-09-30','14:44:00.000000','','Laboratório',3,'Laboratório P&D - Laboratorio de Embalagens',36,1),(296,'2025-09-30','14:52:00.000000','','Laboratório',3,'Laboratório P&D - Tratamento de Sementes',36,1),(297,'2025-09-30','14:59:00.000000','','Sala da Gerência',3,'Laboratório P&D',36,1),(298,'2025-09-30','15:05:00.000000','','Laboratório',3,'Laboratório P&D - Piloto Formulações Líquidas',36,1),(299,'2025-10-13','10:59:00.000000','','Administrativo',3,'Saúde e SSO',37,1),(301,'2025-10-13','11:26:00.000000','Ha lâmpadas queimadas no ambiente','Administrativo',3,'Logística/PCP',37,1),(302,'2025-10-13','12:01:00.000000','','Administrativo',3,'Produção gestão',37,1),(303,'2025-10-13','12:09:00.000000','','Administrativo',3,'Sala da Gerencia - Produção',37,1);
/*!40000 ALTER TABLE `automacao_rel_luminancia_avaliacao` ENABLE KEYS */;
UNLOCK TABLES;

--
-- Table structure for table `automacao_rel_luminancia_colaborador`
--

DROP TABLE IF EXISTS `automacao_rel_luminancia_colaborador`;
/*!40101 SET @saved_cs_client     = @@character_set_client */;
/*!50503 SET character_set_client = utf8mb4 */;
CREATE TABLE `automacao_rel_luminancia_colaborador` (
  `id` bigint NOT NULL AUTO_INCREMENT,
  `funcao` varchar(50) NOT NULL,
  `data_criacao` date NOT NULL,
  `inquilino_id` bigint NOT NULL,
  `perfil_id` bigint DEFAULT NULL,
  `relatorio_luminancia_id` bigint NOT NULL,
  `user_criador_id` int DEFAULT NULL,
  PRIMARY KEY (`id`),
  KEY `automacao_rel_lumina_inquilino_id_dcf74ddb_fk_contas_in` (`inquilino_id`),
  KEY `automacao_rel_lumina_perfil_id_b5b7a143_fk_contas_pe` (`perfil_id`),
  KEY `automacao_rel_lumina_relatorio_luminancia_7320980c_fk_automacao` (`relatorio_luminancia_id`),
  KEY `automacao_rel_lumina_user_criador_id_e635b9de_fk_auth_user` (`user_criador_id`),
  CONSTRAINT `automacao_rel_lumina_inquilino_id_dcf74ddb_fk_contas_in` FOREIGN KEY (`inquilino_id`) REFERENCES `contas_inquilino` (`id`),
  CONSTRAINT `automacao_rel_lumina_perfil_id_b5b7a143_fk_contas_pe` FOREIGN KEY (`perfil_id`) REFERENCES `contas_perfil` (`id`),
  CONSTRAINT `automacao_rel_lumina_relatorio_luminancia_7320980c_fk_automacao` FOREIGN KEY (`relatorio_luminancia_id`) REFERENCES `automacao_rel_luminancia_relatorioluminancia` (`id`),
  CONSTRAINT `automacao_rel_lumina_user_criador_id_e635b9de_fk_auth_user` FOREIGN KEY (`user_criador_id`) REFERENCES `auth_user` (`id`)
) ENGINE=InnoDB AUTO_INCREMENT=9 DEFAULT CHARSET=utf8mb4 COLLATE=utf8mb4_0900_ai_ci;
/*!40101 SET character_set_client = @saved_cs_client */;

--
-- Dumping data for table `automacao_rel_luminancia_colaborador`
--

LOCK TABLES `automacao_rel_luminancia_colaborador` WRITE;
/*!40000 ALTER TABLE `automacao_rel_luminancia_colaborador` DISABLE KEYS */;
INSERT INTO `automacao_rel_luminancia_colaborador` VALUES (1,'RESPONSAVEL_TECNICO','2025-09-19',1,2,34,11),(2,'RESPONSAVEL_TECNICO','2025-09-22',1,2,29,11),(3,'RESPONSAVEL_TECNICO','2025-09-22',1,2,35,11),(4,'RESPONSAVEL_TECNICO','2025-09-22',1,2,31,11),(5,'RESPONSAVEL_TECNICO','2025-09-28',1,2,25,11),(6,'RESPONSAVEL_TECNICO','2025-09-29',1,3,36,3),(7,'RESPONSAVEL_TECNICO','2025-10-13',1,2,37,3),(8,'RESPONSAVEL_TECNICO','2025-10-13',1,3,37,3);
/*!40000 ALTER TABLE `automacao_rel_luminancia_colaborador` ENABLE KEYS */;
UNLOCK TABLES;

--
-- Table structure for table `automacao_rel_luminancia_descricao`
--

DROP TABLE IF EXISTS `automacao_rel_luminancia_descricao`;
/*!40101 SET @saved_cs_client     = @@character_set_client */;
/*!50503 SET character_set_client = utf8mb4 */;
CREATE TABLE `automacao_rel_luminancia_descricao` (
  `id` bigint NOT NULL AUTO_INCREMENT,
  `descricao` longtext,
  `foto_iluminacao` varchar(100) DEFAULT NULL,
  `avaliacao_id` bigint DEFAULT NULL,
  `inquilino_id` bigint NOT NULL,
  PRIMARY KEY (`id`),
  UNIQUE KEY `avaliacao_id_id` (`avaliacao_id`),
  KEY `automacao_rel_lumina_inquilino_id_4dbe3572_fk_contas_in` (`inquilino_id`),
  CONSTRAINT `automacao_rel_lumina_avaliacao_id_id_54a795ea_fk_automacao` FOREIGN KEY (`avaliacao_id`) REFERENCES `automacao_rel_luminancia_avaliacao` (`id`),
  CONSTRAINT `automacao_rel_lumina_inquilino_id_4dbe3572_fk_contas_in` FOREIGN KEY (`inquilino_id`) REFERENCES `contas_inquilino` (`id`)
) ENGINE=InnoDB AUTO_INCREMENT=304 DEFAULT CHARSET=utf8mb3;
/*!40101 SET character_set_client = @saved_cs_client */;

--
-- Dumping data for table `automacao_rel_luminancia_descricao`
--

LOCK TABLES `automacao_rel_luminancia_descricao` WRITE;
/*!40000 ALTER TABLE `automacao_rel_luminancia_descricao` DISABLE KEYS */;
INSERT INTO `automacao_rel_luminancia_descricao` VALUES (1,'Ambiente possui um acesso de entrada e saída por meio de escada fixa com corrimão. O piso do local é formado por cerâmica em cor clara. As paredes são pintadas em cores variadas e o teto pintado na cor branca.','rel_luminancia/fotos_iluminancia/20241101_123831052_iOS.jpg',1,1),(2,'Ambiente possui um acesso de entrada e saída por meio de escada fixa com corrimão. O piso do local é formado por cerâmica em cor clara. As paredes são pintadas em cores variadas e o teto pintado na cor branca.','rel_luminancia/fotos_iluminancia/20241101_124305303_iOS.jpg',2,1),(3,'Ambiente de trabalho com um acesso de entrada e saída. Piso formado por cimento queimado e pintado na cor cinza. Parede pintada em cor cinza e branco.','rel_luminancia/fotos_iluminancia/20241101_121754904_iOS.jpg',3,1),(4,'Ambiente está localizado na área do SESMT e possui um acesso de entrada e saída. O piso é formado por cerâmica em cor cinza. As paredes e o teto são pintados na cor branca. Há duas janelas que possuem persianas claras que permanecem fechadas.','rel_luminancia/fotos_iluminancia/download.png',4,1),(5,'Ambiente de trabalho com um acesso de entrada e saída. O piso é formado por cimento batido pintado na cor cinza. As paredes e o teto são pintados na cor branca. Há três janelas com folhas de alumínio que permanecem fechadas.','rel_luminancia/fotos_iluminancia/20241108_161211836_iOS.jpg',5,1),(6,'Ambiente possui um acesso de entrada e saída. O piso é formado por cimento queimado. As paredes e o teto são pintados na cor branca, sendo que há','rel_luminancia/fotos_iluminancia/20241108_161910176_iOS.jpg',6,1),(9,'Sala com um acesso de entrada e saída. Piso formado por cimento queimado. Duas paredes em cor cinza claro e uma em cor branca. Uma das paredes é formada por divisória contendo vidro transparente. Ambiente não possui janelas.','rel_luminancia/fotos_iluminancia/sem_imagem.png',9,1),(10,'Ambiente contendo um acesso de entrada e saída. Piso formado por cerâmica em cor clara. Paredes e teto pintados na cor branca. Há uma janela com vidros transparentes que permanece fechada.','rel_luminancia/fotos_iluminancia/20241108_175008701_iOS.jpg',10,1),(11,'Ambiente de trabalho possui um acesso de entrada e saída. O local possui piso em cerâmica com cor clara, paredes e teto pintados na cor branca. Há duas janelas que permanecem mais tempo fechadas.','rel_luminancia/fotos_iluminancia/20241108_175321295_iOS.jpg',11,1),(13,'Ambiente contendo dois acessos de entrada e saída. Piso formado por porcelanato em cor clara. Parede pintada em cor cinza. Teto pintado em cor branca.','rel_luminancia/fotos_iluminancia/20241118_133717281_iOS.jpg',13,1),(14,'Ambiente possui um acesso de entrada e saída. O piso é coberto por carpete em cor cinza claro. Uma das paredes possui janela e outra é pintada na cor cinza, sendo que de as outras demais são formadas por vidros transparentes.','rel_luminancia/fotos_iluminancia/sem_imagem_XwrgrOg.png',14,1),(15,'Ambiente possui um acesso de entrada e saída. parênquiteto pintados na cor branca. iluminação predominantemente artificial.','rel_luminancia/fotos_iluminancia/sem_imagem_7dyLb60.png',15,1),(16,'Sala em alvenaria contendo um acesso para entrada e saída do local. O teto é formado por placas de isopor em cor clara, as paredes são da cor cinza, além de possuir diversas janelas cobertas por cortinas persianas. O piso é forrado por carpete na cor cinza. O local possui diversas mesas com divisórias entre os postos de trabalho.','rel_luminancia/fotos_iluminancia/20241011_123031466_iOS.jpg',16,1),(17,'Ambiente está localizado dentro do escritório administrativo. Três das quatro paredes são formadas por vidros transparentes. O local possui um acesso de entrada e saída. O piso é formado por carpete em cor cinza claro.','rel_luminancia/fotos_iluminancia/20241011_131820943_iOS.jpg',17,1),(18,'Sala em alvenaria contendo um acesso para entrada e saída do local. O teto e as paredes são pintadas na cor branca e o piso é composto por porcelanato em cor branca. O local possui 06 postos de trabalho padronizados.','rel_luminancia/fotos_iluminancia/sem_imagem_zqaxro3.png',18,1),(19,'Sala contendo um acesso de entrada e saída. Três das quatro paredes são formadas por vidro transparente. O teto é formado por placas de isopor em cor branca. O piso é formado por carpete na cor cinza. Há uma luminária contendo 01 lâmpada. A ventilação é por meio artificial com ar condicionado.','rel_luminancia/fotos_iluminancia/20241118_134355759_iOS_kVmAdrO.jpg',19,1),(20,'Sala contendo um acesso de entrada e saída. Três das quatro paredes são formadas por vidro transparente. O teto é formado por placas de isopor em cor branca. O piso é formado por carpete na cor cinza. Há uma luminária contendo 01 lâmpada. A ventilação é por meio artificial com ar condicionado.','rel_luminancia/fotos_iluminancia/Sala_de_reunião_UBY.png',20,1),(21,'Sala contendo um acesso de entrada e saída.  O teto é pintado na cor branca e o piso formado por porcelanato em tom de bege claro. As paredes são pintadas nas cores cinza e azul. Há luminárias contendo 02 lâmpadas em cada. A ventilação é por meio artificial com ar condicionado.','rel_luminancia/fotos_iluminancia/laborat.png',21,1),(22,'Ambiente contendo um acesso de entrada e saída.  O teto é pintado na cor branca e o piso formado por cimento queimado na cor cinza. A ventilação é somente natural pela abertura do portão lateral.','rel_luminancia/fotos_iluminancia/oficina.png',22,1),(23,'Ambiente contendo um acesso de entrada e saída.  O teto é pintado na cor branca e o piso formado por porcelanato em cor bege claro. As paredes são pintadas em tons de cimento claro, lilás e amarelo. Há luminárias distribuídas de forma desordenada. A ventilação é por meio artificial com ar condicionado.','rel_luminancia/fotos_iluminancia/diretoria_recepção.png',23,1),(25,'Ambiente localizado em um container contendo um acesso de entrada e saída. As paredes são pintadas em cor branca. O piso é coberto por cerâmica em cor clara e o teto pintado na cor branca. Há três postos de trabalho administrativos no local. A iluminação é tanto natural quanto por meio de lâmpadas de led durante o dia e somente por meio artificial no período noturno.','rel_luminancia/fotos_iluminancia/sala_controle.jpg',25,1),(26,'Ambiente localizado em um container com um acesso de entrada e saída. O teto e as paredes são pintadas em cor branca. O piso é formado por cerâmica em cor clara.','rel_luminancia/fotos_iluminancia/sala_controle_YEHOPcz.jpg',26,1),(27,'Ambiente localizado na área administrativa da Mina contendo um acesso de entrada e saída por meio de liberação via crachá. A sala possui piso em paviflex em cor bege. As paredes são pintadas na cor branca, porém há adesivos informativos. O teto é pintado na cor branca. Há janelas que permanecem fechadas e cobertas por persianas. A iluminação e a ventilação são predominantemente artificial.','rel_luminancia/fotos_iluminancia/sala_controle_adm_mina.jpg',27,1),(28,'Sala em alvenaria, paredes e piso em cor clara,  ambiente com estação de trabalho informatizado, mesa e cadeira, iluminação artificial e natural, ventilação natural e climatizada.','rel_luminancia/fotos_iluminancia/Administrativo_Elaine_1.jpg',28,1),(29,'Sala em alvenaria, paredes e piso em cor clara,  ambiente com estação de trabalho informatizado, mesa e cadeira, iluminação artificial e natural, ventilação natural e climatizada.','rel_luminancia/fotos_iluminancia/Administrativo_Gerente_1.jpg',29,1),(30,'Sala em alvenaria, paredes e piso em cor clara,  ambiente com estação de trabalho informatizado, mesa e cadeira, iluminação artificial e natural, ventilação natural e climatizada.','rel_luminancia/fotos_iluminancia/Administrativo_Rafael_1.jpg',30,1),(31,'Sala em alvenaria, paredes e piso em cor clara,  ambiente com estação de trabalho informatizado, mesa e cadeira, iluminação artificial e natural, ventilação natural e climatizada.','rel_luminancia/fotos_iluminancia/Administrativo_Mário_1.jpg',31,1),(32,'Sala em alvenaria, paredes e piso em cor clara,  ambiente com estação de trabalho informatizado, mesa e cadeira, iluminação artificial e natural, ventilação natural e climatizada.','rel_luminancia/fotos_iluminancia/Administrativo_Rodrigo_2.jpg',32,1),(33,'Sala em alvenaria, paredes e piso em cor clara,  ambiente com estação de trabalho informatizado, mesa e cadeira, iluminação artificial e natural, ventilação natural e climatizada.','rel_luminancia/fotos_iluminancia/Administrativo_Lorrayne_3.jpg',33,1),(34,'Galpão em alvenaria, paredes e piso em cor clara,  ambiente com bancadas de trabalho, maquinas, estoque de embalagens, cadeiras, iluminação artificial e natural, ventilação natural.','rel_luminancia/fotos_iluminancia/Galpão_9.jpg',34,1),(35,'','rel_luminancia/fotos_iluminancia/20240626_153943.jpg',35,5),(41,'','rel_luminancia/fotos_iluminancia/IMG_6713_HwtUYnw.jpeg',41,1),(43,'','rel_luminancia/fotos_iluminancia/IMG_6735.jpeg',43,1),(44,'','rel_luminancia/fotos_iluminancia/image.jpg',44,1),(45,'','rel_luminancia/fotos_iluminancia/image_pNPsC6W.jpg',45,1),(46,'','rel_luminancia/fotos_iluminancia/IMG_6769.jpeg',46,1),(47,'','rel_luminancia/fotos_iluminancia/image_sf85WXC.jpg',47,1),(48,'Ambiente em alvenaria, iluminação artificial e ventilação natural, piso cimentado, paredes em cor escura, com estandes de armazenamento de materiais e bancada de trabalho.','rel_luminancia/fotos_iluminancia/1000046290_yKaC9Ni.jpg',48,1),(49,'Ambiente em alvenaria, iluminação artificial e ventilação natural com climatização por ar-condicionado. Piso em cor clara, paredes em cor escura. Possuí mesa com estação de trabalho informatizadas.','rel_luminancia/fotos_iluminancia/1000046295.jpg',49,1),(51,'Ambiente em alvenaria, iluminação artificial e ventilação natural com climatização por ar-condicionado. Piso em cor clara, paredes em cor escura. Possuí mesa com estação de trabalho informatizada.','rel_luminancia/fotos_iluminancia/1000046311.jpg',51,1),(52,'Ambiente em alvenaria, iluminação artificial e natural, ventilação natural com climatização por ar-condicionado. Piso e paredes em cor clara. Possuí mesas com estação de trabalho informatizadas.','rel_luminancia/fotos_iluminancia/1000046312.jpg',52,1),(53,'Ambiente em alvenaria, iluminação artificial e natural, ventilação natural com climatização por ar-condicionado. Piso e paredes em cor clara. Possuí mesas com estação de trabalho informatizadas.','rel_luminancia/fotos_iluminancia/1000046323.jpg',53,1),(54,'Ambiente em alvenaria, iluminação artificial e natural, ventilação natural com climatização por ar-condicionado. Piso e paredes em cor clara. Possuí mesas com estação de trabalho informatizadas.','rel_luminancia/fotos_iluminancia/1000046324.jpg',54,1),(55,'Ambiente em alvenaria, iluminação artificial e natural, ventilação natural com climatização por ar-condicionado. Piso e paredes em cor clara. Possuí mesas com estação de trabalho informatizadas.','rel_luminancia/fotos_iluminancia/1000046326.jpg',55,1),(56,'Ambiente em alvenaria, iluminação artificial e natural, ventilação natural com climatização por ar-condicionado. Piso e paredes em cor clara. Possuí mesas com estação de trabalho informatizadas.','rel_luminancia/fotos_iluminancia/1000046327.jpg',56,1),(57,'Ambiente em alvenaria, iluminação artificial e natural, ventilação natural com climatização por ar-condicionado. Piso e paredes em cor clara. Possuí mesas com estação de trabalho informatizadas.','rel_luminancia/fotos_iluminancia/1000046328.jpg',57,1),(59,'Ambiente em alvenaria, iluminação artificial e natural, ventilação natural com climatização por ar-condicionado. Piso e paredes em cor clara. Possuí mesas com estação de trabalho informatizadas.','rel_luminancia/fotos_iluminancia/1000046332.jpg',59,1),(60,'Ambiente em alvenaria, iluminação artificial e natural, ventilação natural com climatização por ar-condicionado. Piso e paredes em cor clara. Possuí mesas com estação de trabalho informatizadas.','rel_luminancia/fotos_iluminancia/1000046333.jpg',60,1),(61,'Ambiente em alvenaria, iluminação artificial e natural, ventilação natural com climatização por ar-condicionado. Piso e paredes em cor clara. Possuí mesa com estação de trabalho informatizada.','rel_luminancia/fotos_iluminancia/1000046336.jpg',61,1),(62,'Ambiente em alvenaria, iluminação artificial e natural, ventilação natural com climatização por ar-condicionado. Piso e paredes em cor clara. Possuí mesas com estação de trabalho informatizadas.','rel_luminancia/fotos_iluminancia/1000046337.jpg',62,1),(63,'Ambiente em alvenaria, iluminação artificial e natural, ventilação natural com climatização por ar-condicionado. Piso e paredes em cor clara.','rel_luminancia/fotos_iluminancia/1000046338.jpg',63,1),(64,'Ambiente em alvenaria, iluminação artificial e natural, ventilação natural com climatização por ar-condicionado. Piso e paredes em cor clara.','rel_luminancia/fotos_iluminancia/1000046341.jpg',64,1),(65,'Ambiente em alvenaria, iluminação artificial e natural, ventilação natural com climatização por ar-condicionado. Piso e paredes em cor clara.','rel_luminancia/fotos_iluminancia/1000046342.jpg',65,1),(66,'Ambiente em alvenaria, iluminação artificial e natural, ventilação natural com climatização por ar-condicionado. Piso e paredes em cor clara.','rel_luminancia/fotos_iluminancia/1000046353.jpg',66,1),(67,'Ambiente em alvenaria, iluminação artificial e natural, ventilação natural com climatização por ar-condicionado. Piso e paredes em cor clara. Possuí mesa com estação de trabalho informatizadas.','rel_luminancia/fotos_iluminancia/1000046363.jpg',67,1),(68,'Ambiente em alvenaria, iluminação artificial e natural, ventilação natural com climatização por ar-condicionado. Piso e paredes em cor clara. Possuí mesa com estação de trabalho informatizadas.','rel_luminancia/fotos_iluminancia/1000046367.jpg',68,1),(69,'Ambiente em alvenaria, iluminação artificial e natural, ventilação natural com climatização por ar-condicionado. Piso e paredes em cor clara. Possuí mesa com estação de trabalho informatizadas.','rel_luminancia/fotos_iluminancia/1000046378.jpg',69,1),(70,'Ambiente em alvenaria, iluminação artificial, ventilação natural com climatização por ar-condicionado. Piso e paredes em cor clara. Possuí mesa com estação de trabalho informatizadas.','rel_luminancia/fotos_iluminancia/1000046379.jpg',70,1),(71,'Ambiente em alvenaria, iluminação artificial e natural, ventilação natural com climatização por ar-condicionado. Piso e paredes em cor clara. Possuí mesa com estação de trabalho informatizadas.','rel_luminancia/fotos_iluminancia/1000046386.jpg',71,1),(72,'Ambiente em alvenaria, iluminação artificial e ventilação natural com climatização por ar-condicionado. Piso em cor clara, paredes em cor escura. Possuí mesa com estação de trabalho informatizadas.','rel_luminancia/fotos_iluminancia/1000046757.jpg',72,1),(73,'Ambiente em alvenaria, iluminação artificial e natural, ventilação natural com climatização por ar-condicionado. Piso e paredes em cor clara. Possuí mesa com estação de trabalho informatizadas.','rel_luminancia/fotos_iluminancia/1000046758.jpg',73,1),(74,'Ambiente em alvenaria, iluminação artificial e natural, ventilação natural com climatização por ar-condicionado. Piso e paredes em cor clara. Possuí mesa com estação de trabalho informatizadas.','rel_luminancia/fotos_iluminancia/1000046759.jpg',74,1),(75,'Ambiente em alvenaria, iluminação artificial e ventilação natural com climatização por ar-condicionado. Piso em cor clara, paredes em cor escura. Possuí mesa com estação de trabalho informatizadas.','rel_luminancia/fotos_iluminancia/1000046764.jpg',75,1),(76,'Ambiente em alvenaria, iluminação artificial e ventilação natural com climatização por ar-condicionado. Piso em cor clara, paredes em cor escura. Possuí mesa com estação de trabalho informatizadas.','rel_luminancia/fotos_iluminancia/1000046765.jpg',76,1),(77,'Sala em alvenaria, piso em cor clara, paredes em cor escura, iluminação artificial, ventilação natural com climatização por ar-condicionado.\r\nPossuí 2 estações informatizada para desenho térmico, 1 servidor, 1 posto de trabalho informatizado Supervisão e 1 bancada em L para atividades de laboratório Eletro eletrônico.','rel_luminancia/fotos_iluminancia/1000046807.jpg',77,1),(78,'Galpão industrial em alvenaria, telha metálica, iluminação artificial e natural, ventilação natural, piso em cor clara, paredes em cor escura, local amplo possui bancas  metálicas ao centro em diversas medidas de altura e tamanho e bancadas em alvenaria na lateral.','rel_luminancia/fotos_iluminancia/1000046817.jpg',78,1),(79,'Ambiente em alvenaria, iluminação artificial e ventilação natural com climatização por ar condicionado. Piso na cor clara, paredes em cor escura. Possuí 3 bancadas de trabalho mecânico, 3 estações de trabalho com instrumentos','rel_luminancia/fotos_iluminancia/1000046843.jpg',79,1),(80,'Ambiente em alvenaria, iluminação artificial e ventilação natural com climatização por ar condicionado. Piso na cor clara, paredes em cor escura. Possuí bancadas de trabalho com instrumentos e estações informatizadas.','rel_luminancia/fotos_iluminancia/1000046850.jpg',80,1),(81,'Galpão industrial em alvenaria, telha metálica, iluminação artificial e natural, ventilação natural, piso em cor clara, paredes em cor escura, local amplo possui banca de trabalho, prateleiras de estoque nas laterais.','rel_luminancia/fotos_iluminancia/1000046861.jpg',81,1),(82,'Ambiente em alvenaria, iluminação artificial e natural, ventilação natural com climatização por ar-condicionado. Piso em cor clara e paredes em cor escura. Possuí mesa com estação de trabalho informatizadas.','rel_luminancia/fotos_iluminancia/1000046871.jpg',82,1),(83,'Ambiente em alvenaria, iluminação artificial, ventilação natural com climatização por ar-condicionado. Piso em cor clara e paredes em cor escura. Possuí mesa com estação de trabalho informatizadas e prateleiras de armazenamento ao entorno.','rel_luminancia/fotos_iluminancia/1000046872.jpg',83,1),(84,'Ambiente em alvenaria, iluminação artificial, ventilação natural. Piso em cor clara e paredes em cor escura. Possuí armário e prateleiras de armazenamento ao entorno.','rel_luminancia/fotos_iluminancia/1000046873.jpg',84,1),(85,'Galpão industrial em alvenaria, telha metálica, iluminação artificial e natural, ventilação natural, piso em cor clara, paredes em cor escura, local amplo possui bancas  metálicas ao centro em diversas medidas de altura e tamanho,  e bancadas em alvenaria na lateral, no local possui tornos, furadeira industrial, plaina.','rel_luminancia/fotos_iluminancia/1000046874.jpg',85,1),(86,'Galpão industrial em alvenaria, telha metálica, iluminação artificial e natural, ventilação natural, piso em cor clara, paredes em cor escura.','rel_luminancia/fotos_iluminancia/1000046878.jpg',86,1),(87,'Ambiente em alvenaria, iluminação artificial e natural, ventilação natural com climatização por ar-condicionado. Piso e paredes em cor clara. Possuí mesa com estação de trabalho informatizadas. Janelas na lateral e atrás dos operadores.','rel_luminancia/fotos_iluminancia/1000046964.jpg',87,1),(88,'Ambiente em alvenaria, iluminação artificial e natural, ventilação natural com climatização por ar-condicionado. Piso e paredes em cor clara. Possuí mesa com estação de trabalho informatizadas.','rel_luminancia/fotos_iluminancia/1000046968.jpg',88,1),(89,'Ambiente em alvenaria, iluminação artificial e natural, ventilação natural com climatização por ar-condicionado. Piso e paredes em cor clara. Possuí bancas em alvenaria.','rel_luminancia/fotos_iluminancia/1000046969.jpg',89,1),(90,'Ambiente em alvenaria, iluminação artificial e natural, ventilação natural com climatização por ar-condicionado. Piso e paredes em cor clara. Possuí bancadas em alvenaria e estação de trabalho informatizada.','rel_luminancia/fotos_iluminancia/1000046983.jpg',90,1),(91,'Ambiente em alvenaria, iluminação artificial e natural, ventilação natural. Piso e paredes em cor clara. Possuí bancadas em alvenaria.','rel_luminancia/fotos_iluminancia/1000046984.jpg',91,1),(92,'Ambiente em alvenaria, iluminação artificial e natural, ventilação natural com climatização por ar-condicionado. Piso e paredes em cor clara. Possuí bancadas em alvenaria e estação de trabalho informatizada.','rel_luminancia/fotos_iluminancia/1000046991.jpg',92,1),(93,'Ambiente em alvenaria, iluminação artificial e natural, ventilação natural com climatização por ar-condicionado. Piso e paredes em cor clara. Possuí bancadas em alvenaria.','rel_luminancia/fotos_iluminancia/1000047001.jpg',93,1),(94,'Ambiente em alvenaria, iluminação artificial e natural, ventilação natural com climatização por ar-condicionado. Piso e paredes em cor clara. Possuí mesa com estação de trabalho informatizadas.','rel_luminancia/fotos_iluminancia/1000047005.jpg',94,1),(95,'Descrição do ambiente.','rel_luminancia/fotos_iluminancia/1000047012.jpg',95,1),(96,'Ambiente em alvenaria, iluminação artificial e natural, ventilação natural com climatização por ar-condicionado. Piso em cor clara e paredes em cor escura. Possuí mesa com estação de trabalho informatizadas e bancada em alvenaria, janelas de vidro em 2 lados sem cortina','rel_luminancia/fotos_iluminancia/1000047015.jpg',96,1),(97,'Ambiente em alvenaria, iluminação artificial, ventilação natural com climatização por ar-condicionado. Piso e paredes em cor clara. Possuí mesa com estação de trabalho informatizadas.','rel_luminancia/fotos_iluminancia/1000047019.jpg',97,1),(98,'Ambiente em alvenaria, iluminação artificial e natural, ventilação natural com climatização por ar-condicionado. Piso em cor clara, paredes em cor escura. Possuí mesa com estação de trabalho informatizadas.','rel_luminancia/fotos_iluminancia/1000047025.jpg',98,1),(99,'Galpão industrial em alvenaria, telha metálica, iluminação artificial e natural, ventilação natural, piso em cor clara, paredes em cor escura, local amplo prateleiras centrais e laterais para armazenamentos e bancadas.','rel_luminancia/fotos_iluminancia/1000047043.jpg',99,1),(100,'Ambiente em alvenaria, iluminação artificial e natural, ventilação natural com climatização por ar-condicionado. Piso em cor clara, paredes em cor escura. Possuí mesa com estação de trabalho informatizadas.','rel_luminancia/fotos_iluminancia/1000047300.jpg',100,1),(101,'Ambiente em alvenaria, iluminação artificial e natural, ventilação natural com climatização por ar-condicionado. Piso em cor clara, paredes em cor escura. Possuí mesa com estação de trabalho informatizadas.','rel_luminancia/fotos_iluminancia/1000047372.jpg',101,1),(102,'Ambiente em alvenaria, iluminação artificial e natural, ventilação natural com climatização por ar-condicionado. Piso em cor clara, paredes em cor escura. Possuí mesa com estação de trabalho informatizadas.','rel_luminancia/fotos_iluminancia/1000047375.jpg',102,1),(103,'Ambiente em alvenaria, iluminação artificial e natural, ventilação natural com climatização por ar-condicionado. Piso em cor clara, paredes em cor escura. Possuí mesa com estação de trabalho informatizadas.','rel_luminancia/fotos_iluminancia/1000047378.jpg',103,1),(104,'Ambiente em alvenaria, iluminação artificial e natural, ventilação natural com climatização por ventiladores. Piso em cor clara, paredes em cor escura. Possuí bancadas de trabalho, torno e bancada com estação informatizadas.','rel_luminancia/fotos_iluminancia/1000047390.jpg',104,1),(105,'Ambiente em alvenaria, iluminação artificial e natural, ventilação natural com climatização por ar-condicionado. Piso em cor clara, paredes em cor escura. Possuí mesa com estação de trabalho informatizadas.','rel_luminancia/fotos_iluminancia/1000047394.jpg',105,1),(106,'Ambiente em alvenaria, iluminação artificial e natural, ventilação natural com climatização por ar-condicionado. Piso em cor clara, paredes em cor escura. Possuí mesa com estação de trabalho informatizadas.','rel_luminancia/fotos_iluminancia/1000047396.jpg',106,1),(107,'Ambiente em alvenaria, iluminação artificial e natural, ventilação natural com climatização por ar-condicionado. Piso e paredes em cor clara. Possuí mesa com estação de trabalho informatizadas.','rel_luminancia/fotos_iluminancia/1000047423.jpg',107,1),(108,'Galpão industrial em alvenaria, telha metálica, iluminação artificial, ventilação natural, piso em cor clara, corredor com prateiras de estocagem.','rel_luminancia/fotos_iluminancia/1000047424.jpg',108,1),(109,'Galpão industrial em alvenaria, telha metálica, iluminação artificial, ventilação natural, piso em cor clara, corredor com prateiras de estocagem.','rel_luminancia/fotos_iluminancia/1000047425.jpg',109,1),(110,'Galpão industrial em alvenaria, telha metálica, iluminação artificial, ventilação natural, piso em cor clara, corredor com prateiras de estocagem.','rel_luminancia/fotos_iluminancia/1000047429.jpg',110,1),(111,'Galpão industrial em alvenaria, telha metálica, iluminação artificial, ventilação natural, piso em cor clara, corredor com prateiras de estocagem.','rel_luminancia/fotos_iluminancia/1000047430.jpg',111,1),(112,'Galpão industrial em alvenaria, telha metálica, iluminação artificial, ventilação natural, piso em cor clara, corredor com prateiras de estocagem.','rel_luminancia/fotos_iluminancia/1000047431.jpg',112,1),(113,'Galpão industrial em alvenaria, telha metálica, iluminação artificial, ventilação natural, piso em cor clara, corredor com prateiras de estocagem.','rel_luminancia/fotos_iluminancia/1000047432.jpg',113,1),(114,'Galpão industrial em alvenaria, telha metálica, iluminação artificial, ventilação natural, piso em cor clara, corredor com prateiras de estocagem.','rel_luminancia/fotos_iluminancia/1000047433.jpg',114,1),(115,'Descrição do ambiente.','rel_luminancia/fotos_iluminancia/1000047434.jpg',115,1),(116,'Galpão industrial em alvenaria, telha metálica, iluminação artificial, ventilação natural, piso em cor clara, corredor com prateiras de estocagem.','rel_luminancia/fotos_iluminancia/1000047435.jpg',116,1),(117,'Galpão industrial em alvenaria, telha metálica, iluminação artificial, ventilação natural, piso em cor clara, corredor com prateiras de estocagem.','rel_luminancia/fotos_iluminancia/1000047436.jpg',117,1),(118,'Galpão industrial em alvenaria, telha metálica, iluminação artificial, ventilação natural, piso em cor clara, corredor com prateiras de estocagem.','rel_luminancia/fotos_iluminancia/1000047437.jpg',118,1),(119,'Ambiente em divisórias moduladas em cor clara, teto de forro PVC, iluminação artificial, ventilação natural climatizada por ar-condicionado, piso em cor clara, corredor com prateiras de estocagem.','rel_luminancia/fotos_iluminancia/1000047438.jpg',119,1),(120,'Ambiente em divisórias moduladas em cor clara, teto de forro PVC, iluminação artificial, ventilação natural climatizada por ar-condicionado, piso em cor clara, corredor com prateiras de estocagem.','rel_luminancia/fotos_iluminancia/1000047439.jpg',120,1),(121,'Galpão industrial em alvenaria, telha metálica, iluminação artificial e natural, ventilação natural, piso em cor clara, paredes em cor escura. Possui mesa com estação informatizada e bancada.','rel_luminancia/fotos_iluminancia/1000047440.jpg',121,1),(123,'Ambiente em alvenaria, iluminação artificial e natural, ventilação natural com climatização por ar-condicionado. Piso e paredes em cor clara, bancadas de trabalho e equipamento forrageira.','rel_luminancia/fotos_iluminancia/1000047020.jpg',123,1),(124,'Ambiente em alvenaria, iluminação artificial e natural, ventilação natural com climatização por ar-condicionado. Piso e paredes em cor clara, Possuí mesa com estação de trabalho informatizadas e bancadas de alvenaria nas laterais.','rel_luminancia/fotos_iluminancia/1000047357.jpg',124,1),(125,'Ambiente em alvenaria, iluminação artificial e natural, ventilação natural. Piso e paredes em cor clara, Possuí bancadas de alvenaria.','rel_luminancia/fotos_iluminancia/IMG-20250324-WA0239.jpg',125,1),(126,'Ambiente em alvenaria, iluminação artificial e natural, ventilação natural com climatização por ar-condicionado. Piso em cor clara, paredes em cor escura. Possuí mesa com estação de trabalho informatizadas.','rel_luminancia/fotos_iluminancia/IMG-20250324-WA0244.jpg',126,1),(127,'Ambiente em alvenaria, iluminação artificial e natural, ventilação natural com climatização por ar-condicionado. Piso em cor clara, paredes em cor escura. Possuí mesa com estação de trabalho informatizadas.','rel_luminancia/fotos_iluminancia/IMG-20250324-WA0242.jpg',127,1),(129,'Ambiente em alvenaria, iluminação artificial e natural, ventilação natural com climatização por ar-condicionado. Piso em cor clara, paredes em cor escura. Possuí mesa com estação de trabalho informatizadas.','rel_luminancia/fotos_iluminancia/IMG-20250324-WA0245_vn1VNL6.jpg',129,1),(130,'Ambiente possui um acesso de entrada e saída. A iluminação e ventilação é tanto de forma natural quanto artificial através de lâmpadas LED e ar condicionado','rel_luminancia/fotos_iluminancia/image_AlszC2w.jpg',130,1),(131,'Possui um acesso de entrada e saída. A iluminação é tanto de forma natural quanto artificial através de lâmpadas de LED. Ventilação somente de forma natural','rel_luminancia/fotos_iluminancia/image_XpSkBLd.jpg',131,1),(132,'Possui dois acessos de entrada e saída. Iluminação tanto natural quanto artificial através de lâmpadas de LED e ventilação tanto natural quanto artificial através de ventiladores','rel_luminancia/fotos_iluminancia/IMG_7506.jpeg',132,1),(133,'Área de produção possui dois acessos de entrada e saída. Iluminação tanto natural quanto artificial através de lâmpadas de LED e ventilação natural e artificial através de exaustor.','rel_luminancia/fotos_iluminancia/33024f7e-3750-4e18-aba2-87d48c8ce57b.jpeg',133,1),(135,'Ambiente de trabalho possui um acesso de entrada e saída onde há a necessidade de identificação de acesso. Internamente há postos de trabalho instalados em baias e de forma individual. As paredes e o teto são pintados na cor branca. O piso é formado por material paviflex em cor bege. As janelas possuem persianas e permanecem fechadas durante a rotina de trabalho. A iluminação é tanto natural quanto artificial. A ventilação é predominantemente artificial por meio de ar condicionado.','',135,1),(136,'Ambiente em alvenaria, iluminação e ventilação natural são proporcionados por portas e janelas, complementadas artificialmente por luminárias com lâmpadas fluorescente fixadas no teto e por aparelhos de ar condicionado que garantem excelente conforto térmico, piso cimentado, paredes em cor escura, com estações de trabalho informatizada.','rel_luminancia/fotos_iluminancia/IMG_20250506_140119.jpg',136,1),(137,'Ambiente em alvenaria, iluminação artificial  e natural, ventilação natural, piso cimentado, paredes em com escura, possui estação de trabalho informatizada, prateleiras de armazenamento de ferramentais, bancada de atendimento externo.','rel_luminancia/fotos_iluminancia/IMG_20250506_131918.jpg',137,1),(138,'Ambiente em alvenaria, iluminação artificial e natural, ventilação natural com climatização por ar-condicionado. Piso cimentado, paredes em cor escura. Possuí mesa com estação de trabalho informatizadas.','rel_luminancia/fotos_iluminancia/IMG_20250506_132948.jpg',138,1),(139,'Ambiente em alvenaria, iluminação artificial e natural, ventilação natural com climatização por ar-condicionado. Piso cimentado, paredes em cor escura. Possuí bancadas de trabalho, e equipamentos e ferramentais de execução de atividades.','rel_luminancia/fotos_iluminancia/IMG_20250506_132325.jpg',139,1),(140,'Estrutura em container com iluminação artificial, ventilação natural, piso em cor escura, corredor com prateiras de estocagem.','rel_luminancia/fotos_iluminancia/IMG_20250506_135523.jpg',140,1),(141,'Estrutura em container com iluminação artificial, ventilação natural, piso em cor escura, corredor com prateiras de estocagem.','rel_luminancia/fotos_iluminancia/IMG_20250506_135530.jpg',141,1),(142,'Estrutura em container com iluminação artificial, ventilação natural, piso em cor escura, corredor com prateiras de estocagem.','rel_luminancia/fotos_iluminancia/IMG_20250506_135538.jpg',142,1),(143,'Estrutura em container com iluminação artificial, ventilação natural, piso em cor escura, corredor com prateiras de estocagem.','rel_luminancia/fotos_iluminancia/IMG_20250506_135544.jpg',143,1),(144,'Ambiente em alvenaria, iluminação artificial, ventilação natural com climatização por ar-condicionado. Piso e paredes em cor clara. Possuí equipamentos industriais para desenvolvimento das atividades operacionais.','rel_luminancia/fotos_iluminancia/sem_imagem.jpg',144,1),(145,'Ambiente em alvenaria, iluminação artificial e natural, ventilação natural com climatização por ar-condicionado. Piso e paredes em cor escura. Possuí mesa com estação informatizada.','rel_luminancia/fotos_iluminancia/IMG_20250506_151801.jpg',145,1),(146,'Ambiente de trabalho contendo mais de um acesso de entrada e saída. Paredes e teto pintados na cor branca. Piso formado por paviflex em cor preta. Há janelas no local que possuem persianas na cor verde. Iluminação e ventilação predominantemente de forma artificial.','rel_luminancia/fotos_iluminancia/20240206_131303172_iOS.jpg',146,1),(147,'Ambiente de trabalho com um acesso de entrada e saída. Paredes e teto pintados em cor branca. Há janelas que permanecem fechadas e cobertas por persianas. O piso é formado por paviflex em cor preta.','rel_luminancia/fotos_iluminancia/20230530_143030988_iOS.jpg',147,1),(148,'Ambiente de trabalho contendo um acesso de entrada e saída. Há janelas que permanecem fechadas mas que permitem a incidência da luz solar. A ventilação é somente por meio de ar condicionado. A iluminação é predominantemente artificial por meio de lâmpadas de led.','rel_luminancia/fotos_iluminancia/20240206_131941513_iOS.jpg',148,1),(149,'Ambiente de trabalho possui um acesso de entrada e saída. As paredes e o teto são pintados na cor branca. O piso é formado por paviflex em cor preta. Há uma janela que permanece fechada e coberta por cortina tipo persiana durante a jornada de trabalho. A iluminação e ventilação são de forma predominantemente artificial.','rel_luminancia/fotos_iluminancia/20240220_112832623_iOS.jpg',149,1),(150,'Ambiente de trabalho possui um acesso de entrada e saída. As paredes e o teto são pintados na cor branca. O piso é formado por paviflex em cor preta. Há janelas com vidros transparentes que permanecem fechadas ao longo da jornada de trabalho. As janelas possuem persianas que são ajustadas pelos trabalhadores. A iluminação e ventilação são predominantemente de forma artificial.','rel_luminancia/fotos_iluminancia/20240206_133601064_iOS.jpg',150,1),(151,'Ambiente possui um acesso de entrada e saída. Paredes pintadas na cor bege em tom claro. Teto na cor branca e o piso revestido por cerâmica antiderrapante em cor clara. Há janelas que possuem cortina persiana e permanecem fechadas durante a jornada de trabalho. A iluminação é artificial através de lâmpadas de LED.','rel_luminancia/fotos_iluminancia/Sala_RH_e_Recepção.jpg',151,1),(152,'Ambiente possui um acesso de entrada e saída. Paredes e teto pintados na cor branca. O piso revestido por cerâmica antiderrapante em cor clara. Há janelas que possuem cortina persiana e permanecem abertas durante a jornada de trabalho. A iluminação é artificial através de lâmpadas de LED.','rel_luminancia/fotos_iluminancia/image_pgoVNtL.jpg',152,1),(153,'Ambiente possui um acesso de entrada e saída. Paredes e teto pintados na cor branca. O piso revestido por cerâmica antiderrapante em cor clara. Há janelas que possuem cortina persiana e permanecem fechadas durante a jornada de trabalho. A iluminação é artificial através de lâmpadas de LED.','rel_luminancia/fotos_iluminancia/image_zDMIdZw.jpg',153,1),(154,'Ambiente possui um acesso de entrada e saída. Paredes e teto pintados na cor branca. O piso revestido por cerâmica antiderrapante em cor clara. Há janelas que possuem cortina persiana e permanecem fechadas durante a jornada de trabalho. A iluminação é artificial através de lâmpadas de LED.','rel_luminancia/fotos_iluminancia/image_Zdr8bEj.jpg',154,1),(155,'O ambiente é construído em alvenaria tratando-se de um galpão com pé direito alto contendo um acesso para entrada e saída do local. O teto é formado por telhas de poliuretano e translucidas, as paredes são em azulejos de cor branca e o piso concreto alisado. Possui iluminação artificial através de lâmpadas de LED.','rel_luminancia/fotos_iluminancia/image_5wb5DZv.jpg',155,1),(156,'O ambiente é construído em alvenaria tratando-se de um galpão com pé direito alto contendo um acesso para entrada e saída do local. O teto é formado por telhas de poliuretano e translucidas, as paredes são em azulejos de cor branca e o piso concreto alisado. Possui iluminação artificial através de lâmpadas de LED.','rel_luminancia/fotos_iluminancia/image_erQctdJ.jpg',156,1),(157,'O ambiente é construído em alvenaria tratando-se de um galpão com pé direito alto contendo um acesso para entrada e saída do local. O teto é formado por telhas de poliuretano e translucidas, as paredes são em azulejos de cor branca e o piso concreto alisado. Possui iluminação artificial através de lâmpadas de LED.','rel_luminancia/fotos_iluminancia/image_9BcsLTh.jpg',157,1),(158,'O ambiente é construído em alvenaria tratando-se de um galpão com pé direito alto contendo um acesso para entrada e saída do local. O teto é formado por telhas de poliuretano e translucidas, as paredes são em azulejos de cor branca e o piso concreto alisado. Possui iluminação artificial através de lâmpadas de LED.','rel_luminancia/fotos_iluminancia/image_6zOuxHS.jpg',158,1),(159,'O ambiente é construído em alvenaria tratando-se de um galpão com pé direito alto contendo um acesso para entrada e saída do local. O teto é formado por telhas de poliuretano e translucidas, as paredes são em azulejos de cor branca e o piso concreto alisado. Possui iluminação artificial através de lâmpadas de LED.','rel_luminancia/fotos_iluminancia/image_DIVbWpy.jpg',159,1),(160,'O ambiente é construído em alvenaria tratando-se de um galpão com pé direito alto contendo três acessos para entrada e saída do local. O teto é formado por telhas de poliuretano, as paredes são em azulejos de cor branca e o piso concreto alisado. Possui iluminação artificial através de lâmpadas de LED.','rel_luminancia/fotos_iluminancia/image_QTiidbh.jpg',160,1),(161,'Ambiente em alvenaria com o pé direito alto, piso de cimento concretado e possui um acesso de entrada e saída. A iluminação no local é tanto de forma natural quanto artificial através de lâmpadas de LED.','rel_luminancia/fotos_iluminancia/image_Mojdw8M.jpg',161,1),(162,'Sala administrativa contém um acesso para entrada e saída, paredes na cor branca e piso de cimento concretado. A iluminação é tanto de forma natural quanto artificial através de lâmpadas de LED.','rel_luminancia/fotos_iluminancia/image_YNMiWey.jpg',162,1),(163,'Ambiente possui paredes na cor branca, piso de cimento concretado e possui um acesso de entrada e saída. A iluminação no local é tanto de forma natural quanto artificial através de lâmpadas de LED.','rel_luminancia/fotos_iluminancia/IMG_9282.jpeg',163,1),(164,'Ambiente de trabalho possui um acesso de entrada e saída. O piso é formado por cerâmica em cor clara. Paredes e teto pintados em cor clara. Há janelas que possuem persianas. A iluminação e a ventilação são tanto natural quanto artificial. Há postos de trabalho administrativo dispostos em uma única fileira.','rel_luminancia/fotos_iluminancia/20250603_131422548_iOS.jpg',164,1),(165,'Ambiente de trabalho com um acesso de entrada e saída. O piso é formado por cerâmica em cor clara. Paredes e teto pintados em cor clara. Há janela no local que possui persiana que permanece a maior parte do tempo fechada. O local possui dois postos de trabalho administrativos. A iluminação e a ventilação são predominantemente artificial.','rel_luminancia/fotos_iluminancia/20250603_115957690_iOS.jpg',165,1),(166,'Ambiente possui um acesso de entrada e saída. O piso é formado por cerâmica em cor clara. As paredes e o teto são pintados em cor clara. Ambiente não possui janelas. A iluminação e ventilação são somente de forma artificial.','rel_luminancia/fotos_iluminancia/20250603_120459226_iOS.jpg',166,1),(168,'Ambiente localizado em um galpão com estrutura metálica contendo vários acessos. O piso é formado por cimento queimado industrial pintado. O teto é formado por telhas metálicas, sendo algumas transparentes para auxiliar na iluminação do ambiente. A ventilação é predominantemente natural, sendo que há pontos específicos com a presença de ventiladores. A iluminação é tanto natural quanto artificial. O ambiente é dividido em conformidade com as atividades (formulação e envase de sais e líquidos).','rel_luminancia/fotos_iluminancia/20250612_173135655_iOS.jpg',168,1),(169,'Ambiente localizado em um galpão com estrutura metálica contendo vários acessos. O piso é formado por cimento queimado industrial pintado. O teto é formado por telhas metálicas, sendo algumas transparentes para auxiliar na iluminação do ambiente. A ventilação é predominantemente natural, sendo que há pontos específicos com a presença de ventiladores. A iluminação é tanto natural quanto artificial. O ambiente é dividido em conformidade com as atividades (formulação e envase de sais e líquidos).','rel_luminancia/fotos_iluminancia/20250612_173628932_iOS.jpg',169,1),(170,'Ambiente localizado em um galpão com estrutura metálica contendo vários acessos. O piso é formado por cimento queimado industrial pintado. O teto é formado por telhas metálicas, sendo algumas transparentes para auxiliar na iluminação do ambiente. A ventilação é predominantemente natural, sendo que há pontos específicos com a presença de ventiladores. A iluminação é tanto natural quanto artificial. O ambiente é dividido em conformidade com as atividades (formulação e envase de sais e líquidos).','rel_luminancia/fotos_iluminancia/20250612_174443169_iOS.jpg',170,1),(171,'Ambiente localizado em um galpão com estrutura metálica contendo vários acessos. O piso é formado por cimento queimado industrial pintado. O teto é formado por telhas metálicas, sendo algumas transparentes para auxiliar na iluminação do ambiente. A ventilação é predominantemente natural, sendo que há pontos específicos com a presença de ventiladores. A iluminação é tanto natural quanto artificial. O ambiente é dividido em conformidade com as atividades (formulação e envase de sais e líquidos).','rel_luminancia/fotos_iluminancia/20250612_174553689_iOS.jpg',171,1),(172,'Ambiente localizado em um galpão com estrutura metálica contendo vários acessos. O piso é formado por cimento queimado industrial pintado. O teto é formado por telhas metálicas, sendo algumas transparentes para auxiliar na iluminação do ambiente. A ventilação é predominantemente natural, sendo que há pontos específicos com a presença de ventiladores. A iluminação é tanto natural quanto artificial. O ambiente é dividido em conformidade com as atividades (formulação e envase de sais e líquidos).','rel_luminancia/fotos_iluminancia/20250612_174710721_iOS.jpg',172,1),(173,'Ambiente localizado em um galpão com estrutura metálica contendo vários acessos. O piso é formado por cimento queimado industrial pintado. O teto é formado por telhas metálicas, sendo algumas transparentes para auxiliar na iluminação do ambiente. A ventilação é predominantemente natural, sendo que há pontos específicos com a presença de ventiladores. A iluminação é tanto natural quanto artificial. O ambiente é dividido em conformidade com as atividades (formulação e envase de sais e líquidos).','rel_luminancia/fotos_iluminancia/20250612_175550781_iOS.jpg',173,1),(174,'Ambiente localizado em um galpão com estrutura metálica contendo vários acessos. O piso é formado por cimento queimado industrial pintado. O teto é formado por telhas metálicas, sendo algumas transparentes para auxiliar na iluminação do ambiente. A ventilação é predominantemente natural, sendo que há pontos específicos com a presença de ventiladores. A iluminação é tanto natural quanto artificial. O ambiente é dividido em conformidade com as atividades (formulação e envase de sais e líquidos).','rel_luminancia/fotos_iluminancia/20250612_175913623_iOS.jpg',174,1),(175,'Ambiente localizado em um galpão com estrutura metálica contendo vários acessos. O piso é formado por cimento queimado industrial pintado. O teto é formado por telhas metálicas, sendo algumas transparentes para auxiliar na iluminação do ambiente. A ventilação é predominantemente natural, sendo que há pontos específicos com a presença de ventiladores. A iluminação é tanto natural quanto artificial. O ambiente é dividido em conformidade com as atividades (formulação e envase de sais e líquidos).','rel_luminancia/fotos_iluminancia/20250612_180601485_iOS.jpg',175,1),(176,'Ambiente localizado em um galpão com estrutura metálica contendo vários acessos. O piso é formado por cimento queimado industrial pintado. O teto é formado por telhas metálicas, sendo algumas transparentes para auxiliar na iluminação do ambiente. A ventilação é predominantemente natural, sendo que há pontos específicos com a presença de ventiladores. A iluminação é tanto natural quanto artificial. O ambiente é dividido em conformidade com as atividades (formulação e envase de sais e líquidos).','rel_luminancia/fotos_iluminancia/20250612_180707116_iOS.jpg',176,1),(177,'Ambiente localizado em um galpão com estrutura metálica contendo vários acessos. O piso é formado por cimento queimado industrial pintado. O teto é formado por telhas metálicas, sendo algumas transparentes para auxiliar na iluminação do ambiente. A ventilação é predominantemente natural, sendo que há pontos específicos com a presença de ventiladores. A iluminação é tanto natural quanto artificial. O ambiente é dividido em conformidade com as atividades (formulação e envase de sais e líquidos).','rel_luminancia/fotos_iluminancia/20250612_181501522_iOS.jpg',177,1),(178,'Ambiente de trabalho possui um acesso de entrada e saída onde há necessidade de liberação pelo crachá. O piso é formado por cimento queimado e pintado. Há várias bancadas de trabalho que são utilizadas pelos trabalhadores, além de armários que guarda de pertences e ferramentas utilizadas ao longo da execução das atividades. A iluminação é tanto natural quanto artificial. A ventilação é somente natural.','rel_luminancia/fotos_iluminancia/20250612_182212009_iOS.jpg',178,1),(179,'Galpão possui um acesso de entrada e saída utilizado para acesso de pessoas e empilhadeiras. O pé direito é alto e o teto é formado por telhas galvanizadas contendo algumas telhas transparentes que auxiliam na iluminação do ambiente. O piso é formado por cimento queimado e internamente as mercadorias são dispostas em áreas demarcadas. A iluminação é tanto natural quanto artificial. A ventilação é somente artificial.','rel_luminancia/fotos_iluminancia/20250616_121752255_iOS.jpg',179,1),(180,'Ambiente localizado em um galpão com estrutura metálica contendo vários acessos. O piso é formado por cimento queimado industrial pintado. O teto é formado por telhas metálicas, sendo algumas transparentes para auxiliar na iluminação do ambiente. A ventilação é predominantemente natural, sendo que há pontos específicos com a presença de ventiladores. A iluminação é tanto natural quanto artificial. O ambiente é dividido em conformidade com as atividades (formulação e envase de sais e líquidos).','rel_luminancia/fotos_iluminancia/20250616_123551230_iOS.jpg',180,1),(181,'Ambiente localizado em um galpão com estrutura metálica contendo vários acessos. O piso é formado por cimento queimado industrial pintado. O teto é formado por telhas metálicas, sendo algumas transparentes para auxiliar na iluminação do ambiente. A ventilação é predominantemente natural, sendo que há pontos específicos com a presença de ventiladores. A iluminação é tanto natural quanto artificial. O ambiente é dividido em conformidade com as atividades (formulação e envase de sais e líquidos).','rel_luminancia/fotos_iluminancia/20250616_122852959_iOS.jpg',181,1),(182,'Ambiente localizado em um galpão com estrutura metálica contendo vários acessos. O piso é formado por cimento queimado industrial pintado. O teto é formado por telhas metálicas, sendo algumas transparentes para auxiliar na iluminação do ambiente. A ventilação é predominantemente natural, sendo que há pontos específicos com a presença de ventiladores. A iluminação é tanto natural quanto artificial. O ambiente é dividido em conformidade com as atividades (formulação e envase de sais e líquidos).','rel_luminancia/fotos_iluminancia/20250616_122230835_iOS.jpg',182,1),(183,'Possui um acesso de entrada e saída, paredes na cor branca e piso de cerâmica em cor clara. A iluminação é tanto de forma natural quanto artificial através de lâmpadas de LED.','rel_luminancia/fotos_iluminancia/image_3qyerGO.jpg',183,1),(184,'Local possui um acesso de entrada e saída, piso de cimento queimado e paredes de tijolos de concreto. A iluminação é predominantemente de forma artificial através de lâmpadas de LED.','rel_luminancia/fotos_iluminancia/image_at31NNg.jpg',184,1),(185,'','rel_luminancia/fotos_iluminancia/image_6wXsdJ1.jpg',185,1),(186,'Possui um acesso de entrada e saída, paredes em cor branca. A iluminação é tanto de forma natural através de porta e janelas quanto artificial através de lâmpadas de LED.','rel_luminancia/fotos_iluminancia/image_fzysxPi.jpg',186,1),(187,'Possui um acesso de entrada e saída, paredes em cor branca. A iluminação é tanto de forma natural através de porta e janelas quanto artificial através de lâmpadas de LED.','rel_luminancia/fotos_iluminancia/image_Wo7qUqP.jpg',187,1),(188,'Possui um acesso de entrada e saída, paredes em cor branca. A iluminação é tanto de forma natural através de porta e janelas quanto artificial através de lâmpadas de LED.','rel_luminancia/fotos_iluminancia/image_7eykcBV.jpg',188,1),(189,'Possui um acesso de entrada e saída, paredes em cor branca e piso de cerâmica em cor clara. A iluminação é tanto de forma natural através de janelas quanto artificial através de lâmpadas de LED.','rel_luminancia/fotos_iluminancia/image_vQtWILE.jpg',189,1),(190,'Possui um acesso de entrada e saída, paredes em cor branca e piso de cerâmica em cor clara. A iluminação é tanto de forma natural através de janelas quanto artificial através de lâmpadas de LED.','rel_luminancia/fotos_iluminancia/image_ZgfDkYh.jpg',190,1),(191,'Possui um acesso de entrada e saída, paredes em cor branca e piso de cerâmica em cor clara. A iluminação é tanto de forma natural através de janelas quanto artificial através de lâmpadas de LED.','rel_luminancia/fotos_iluminancia/image_ZZkHyEF.jpg',191,1),(192,'Possui um acesso de entrada e saída, paredes em cor branca e piso de cerâmica em cor clara. A iluminação é tanto de forma natural através de janelas quanto artificial através de lâmpadas de LED.','rel_luminancia/fotos_iluminancia/image_YpQg3E4.jpg',192,1),(193,'Possui um acesso de entrada e saída, paredes em cor branca e piso de cerâmica em cor clara. A iluminação é tanto de forma natural através de janelas quanto artificial através de lâmpadas de LED.','rel_luminancia/fotos_iluminancia/image_ZK2PyLh.jpg',193,1),(194,'Possui um acesso de entrada e saída. A iluminação é tanto te forma natural através de porta e janela quanto artificial através de lâmpadas de LED.','rel_luminancia/fotos_iluminancia/image_xfKGvz8.jpg',194,1),(195,'Possui um acesso de entrada e saída. A iluminação é tanto te forma natural através de porta e janela quanto artificial através de lâmpadas de LED.','rel_luminancia/fotos_iluminancia/image_6j1FPiY.jpg',195,1),(196,'Possui um acesso de entrada e saída. A iluminação é tanto te forma natural através de porta e janela quanto artificial através de lâmpadas de LED.','rel_luminancia/fotos_iluminancia/image_bu2BVdP.jpg',196,1),(197,'Possui um acesso de entrada e saída. A iluminação é tanto te forma natural quanto artificial através de lâmpadas de LED.','rel_luminancia/fotos_iluminancia/image_YHZ7zoj.jpg',197,1),(198,'Possui um acesso de entrada e saída. A iluminação é tanto te forma natural através quanto artificial através de lâmpadas de LED.','rel_luminancia/fotos_iluminancia/image_96TMgyZ.jpg',198,1),(199,'Local de trabalho possui em acesso de entrada e saída. O piso é formado por paviflex em cor amadeirada clara. As paredes e o teto são pintados em cor clara. A iluminação e a ventilação são predominantemente de forma artificial, mas há janelas que permanecem fechadas e com persianas.','',199,1),(200,'Local de trabalho possui um acesso de entrada e saída. O piso é formado por paviflex em cor clara. As paredes e o teto são pintados em cor clara. A iluminação e a ventilação são predominantemente de forma artificial.','',200,1),(201,'Local de trabalho possui um acesso de entrada e saída. O piso é formado por paviflex em cor clara. As paredes e o teto são pintados em cor clara. A iluminação e a ventilação são predominantemente de forma artificial.','',201,1),(202,'Local de trabalho possui um acesso de entrada e saída. O piso é formado por paviflex em cor clara. As paredes e o teto são pintados em cor clara. A iluminação e a ventilação são predominantemente de forma artificial, mas há leve incidência de iluminação natural.','',202,1),(203,'Ambiente de trabalho possui um acesso de entrada e saída. O piso é formado por paviflex em cor bege clara. O teto e as paredes são pintados em cor clara. Há janelas em toda a extensão da sala, sendo que elas permanecem fechadas e com persianas. A iluminação e a ventilação são predominantemente artificiais.','',203,1),(204,'Ambiente possui um acesso exclusivo para entrada e outro para saída. O piso é formado por cerâmica. As paredes são pintadas em cor de tom escuro e o teto é formado por placas em tom claro. A ventilação e a iluminação são predominantemente artificial.','',204,1),(205,'Local de trabalho possui um acesso de entrada e saída. O piso é formado por paviflex em cor clara. As paredes e o teto são pintados em cor clara. A iluminação e a ventilação são predominantemente de forma artificial.','',205,1),(206,'Local de trabalho possui um acesso de entrada e saída. O piso é formado por paviflex em cor clara. As paredes e o teto são pintados em cor clara. A iluminação e a ventilação são predominantemente de forma artificial.','',206,1),(207,'Ambiente em alvenaria, iluminação artificial e ventilação com climatização por ar-condicionado. Piso cerâmico em cor clara, paredes em cor clara/escura. Possuí mesa coletiva.','rel_luminancia/fotos_iluminancia/IMG_20250624_142410_Nsh7JRU.jpg',207,1),(209,'Ambiente em alvenaria, iluminação artificial e ventilação natural com climatização por ar-condicionado. Piso cerâmico em cor clara, paredes em cor escura/clara. Possuí mesa com estação de trabalho informatizada.','rel_luminancia/fotos_iluminancia/IMG_20250624_133432.jpg',209,1),(210,'Ambiente em alvenaria, iluminação artificial e ventilação com climatização por ar-condicionado. Piso cerâmico em cor clara, paredes em cor clara.','rel_luminancia/fotos_iluminancia/IMG_20250624_142320.jpg',210,1),(211,'Ambiente em alvenaria, iluminação artificial e ventilação com climatização por ar-condicionado. Piso cerâmico em cor clara, paredes em cor clara. Possuí mesa coletiva.','rel_luminancia/fotos_iluminancia/IMG_20250624_142345.jpg',211,1),(212,'Ambiente em alvenaria, iluminação artificial e ventilação com climatização por ar-condicionado. Piso cerâmico em cor clara, paredes em cor clara. Possuí mesa com estação de trabalho informatizada.','rel_luminancia/fotos_iluminancia/IMG_20250624_141623.jpg',212,1),(213,'Ambiente em alvenaria, iluminação artificial e natural, ventilação com climatização por ar-condicionado. Piso cerâmico em cor clara, paredes em cor escura/clara. Possuí mesa com estação de trabalho informatizada.','rel_luminancia/fotos_iluminancia/IMG_20250624_141526.jpg',213,1),(214,'Ambiente em alvenaria, iluminação artificial e natural,  ventilação com climatização por ar-condicionado. Piso cerâmico em cor clara, paredes em cor escura/clara. Possuí mesa com estação de trabalho informatizada.','rel_luminancia/fotos_iluminancia/IMG_20250624_133422.jpg',214,1),(215,'Ambiente de trabalho possui um acesso de entrada e saída. O teto e as paredes são pintados em cor branca. Há janelas que permanecem fechadas durante toda a jornada de trabalho e que possuem persianas. Iluminação e ventilação de forma predominantemente artificial.','rel_luminancia/fotos_iluminancia/image_wQYvyZI.jpg',215,1),(216,'Ambiente de trabalho possui dois acessos de entrada e saída. O teto e as paredes são pintados em cor branca. Há janelas que permanecem fechadas durante toda a jornada de trabalho e que possuem persianas. Iluminação e ventilação de forma predominantemente artificial.','rel_luminancia/fotos_iluminancia/image_pSC0Rtt.jpg',216,1),(217,'Ambiente de trabalho possui um acesso de entrada e saída. O teto e as paredes são pintados em cor branca. Há janelas que permanecem fechadas durante toda a jornada de trabalho e que possuem persianas. Iluminação e ventilação de forma predominantemente artificial.','rel_luminancia/fotos_iluminancia/image_iBFerAG.jpg',217,1),(218,'Ambiente de trabalho possui um acesso de entrada e saída. O teto e as paredes são pintados em cor branca. Há janelas que permanecem fechadas durante toda a jornada de trabalho e que possuem persianas. Iluminação e ventilação de forma predominantemente artificial.','rel_luminancia/fotos_iluminancia/image_8wagesY.jpg',218,1),(219,'Ambiente de trabalho possui um acesso de entrada e saída. O teto e as paredes são pintados em cor branca. Há janelas que permanecem fechadas durante toda a jornada de trabalho e que possuem persianas. Iluminação e ventilação de forma predominantemente artificial.','rel_luminancia/fotos_iluminancia/image_4vUVdPK.jpg',219,1),(221,'Ambiente de trabalho possui um acesso de entrada e saída. O teto e as paredes são pintados em cor branca. Há janelas que permanecem fechadas durante toda a jornada de trabalho e que possuem persianas. Iluminação e ventilação de forma predominantemente artificial.','rel_luminancia/fotos_iluminancia/image_7zC5Q3t.jpg',221,1),(223,'Ambiente de trabalho possui um acesso de entrada e saída. O teto e as paredes são pintados em cor branca. Há janelas que permanecem fechadas durante toda a jornada de trabalho e que possuem persianas. Iluminação e ventilação de forma predominantemente artificial.','rel_luminancia/fotos_iluminancia/image_OUVlmKK.jpg',223,1),(224,'Ambiente de trabalho possui um acesso de entrada e saída. O teto e as paredes são pintados em cor branca. Há janelas que permanecem fechadas durante toda a jornada de trabalho e que possuem persianas. Iluminação e ventilação de forma predominantemente artificial.','rel_luminancia/fotos_iluminancia/image_G71KFpn.jpg',224,1),(225,'Ambiente possui um acesso de entrada e saída. Paredes e teto pintados na cor branca. O piso revestido por cerâmica antiderrapante em cor clara. Há janelas que possuem cortina persiana e permanecem abertas durante a jornada de trabalho. A iluminação é artificial através de lâmpadas de LED.','rel_luminancia/fotos_iluminancia/image_vJdzFXb.jpg',225,1),(226,'Ambiente possui um acesso de entrada e saída. Paredes e teto pintados na cor branca. O piso revestido por cerâmica antiderrapante em cor clara. Há janelas que possuem cortina persiana e permanecem fechadas durante a jornada de trabalho. A iluminação é artificial através de lâmpadas de LED.','rel_luminancia/fotos_iluminancia/image_U3VJEBa.jpg',226,1),(227,'Ambiente possui um acesso de entrada e saída. Paredes e teto pintados na cor branca. O piso revestido por cerâmica antiderrapante em cor clara. Há janelas que possuem cortina persiana e permanecem fechadas durante a jornada de trabalho. A iluminação é artificial através de lâmpadas de LED.','rel_luminancia/fotos_iluminancia/image_Gm10d79.jpg',227,1),(228,'Possui um acesso de entrada e saída, paredes em cor branca. A iluminação é tanto de forma natural através de porta e janelas quanto artificial através de lâmpadas de LED.','rel_luminancia/fotos_iluminancia/image_eYmEu6b.jpg',228,1),(229,'Ambiente em alvenaria com piso em cerâmica, paredes em cores clara. Disposto de mesas, cadeiras e computadores. A iluminação e ventilação são tanto de forma natural quanto artificial através de lâmpadas de LED e aparelho de ar condicionado.','rel_luminancia/fotos_iluminancia/image_JmDE9vb.jpg',229,1),(230,'Ambiente em alvenaria com piso em cerâmica, paredes em cores clara. Disposto de mesas, cadeiras e computadores. A iluminação e ventilação são tanto de forma natural quanto artificial através de lâmpadas de LED e aparelho de ar condicionado.','rel_luminancia/fotos_iluminancia/image_bUB0djm.jpg',230,1),(231,'Ambiente em alvenaria com piso em cerâmica, paredes em cores clara. Disposto de mesa, cadeira e computador. A iluminação e ventilação são tanto de forma natural quanto artificial através de lâmpadas de LED e aparelho de ar condicionado.','rel_luminancia/fotos_iluminancia/image_lvbBZYf.jpg',231,1),(232,'Ambiente em alvenaria com piso em cerâmica, paredes em cores clara. Disposto de mesas, cadeiras e computadores. A iluminação e ventilação são tanto de forma natural quanto artificial através de lâmpadas de LED e aparelho de ar condicionado.','rel_luminancia/fotos_iluminancia/image_iXXL6JK.jpg',232,1),(233,'Ambiente em alvenaria com piso em cerâmica, paredes em cores clara. Disposto de mesa, cadeira e computador. A iluminação e ventilação são tanto de forma natural quanto artificial através de lâmpadas de LED e aparelho de ar condicionado.','rel_luminancia/fotos_iluminancia/image_wrhK7yr.jpg',233,1),(234,'Ambiente em alvenaria com piso em cerâmica, paredes em cores clara. Disposto de mesas, cadeiras e computadores. A iluminação e ventilação são tanto de forma natural quanto artificial através de lâmpadas de LED e aparelho de ar condicionado.','rel_luminancia/fotos_iluminancia/image_RRK1oE9.jpg',234,1),(235,'Ambiente em alvenaria com piso em cerâmica, paredes em cores clara. Disposto de mesas, cadeiras e computadores. A iluminação e ventilação são tanto de forma natural quanto artificial através de lâmpadas de LED e aparelho de ar condicionado.','rel_luminancia/fotos_iluminancia/image_qK7O0HE.jpg',235,1),(236,'Ambiente em alvenaria com piso em cerâmica, paredes em cores clara. Disposto de mesas, cadeiras e computadores. A iluminação e ventilação são tanto de forma natural quanto artificial através de lâmpadas de LED e aparelho de ar condicionado.','rel_luminancia/fotos_iluminancia/image_G3ULWgX.jpg',236,1),(237,'Ambiente em alvenaria com piso em cerâmica, paredes em cores clara. Disposto de mesas, cadeiras e computadores. A iluminação e ventilação são tanto de forma natural quanto artificial através de lâmpadas de LED e aparelho de ar condicionado.','rel_luminancia/fotos_iluminancia/image_4fX1lxg.jpg',237,1),(238,'Ambiente em alvenaria com piso em cerâmica, paredes em cores clara. Disposto de mesa, cadeira e computador. A iluminação e ventilação são tanto de forma natural quanto artificial através de lâmpadas de LED e aparelho de ar condicionado.','rel_luminancia/fotos_iluminancia/image_wZW5VVw.jpg',238,1),(239,'Ambiente em alvenaria com piso em cerâmica, paredes em cores clara. Disposto de mesas, cadeiras e computadores. A iluminação e ventilação são tanto de forma natural quanto artificial através de lâmpadas de LED e aparelho de ar condicionado.','rel_luminancia/fotos_iluminancia/image_3ktg1Xq.jpg',239,1),(240,'Ambiente em alvenaria com piso em cerâmica, paredes em cores clara. Disposto de mesa, cadeira e computador. A iluminação e ventilação são tanto de forma natural quanto artificial através de lâmpadas de LED e aparelho de ar condicionado.','rel_luminancia/fotos_iluminancia/image_NUqr94p.jpg',240,1),(241,'Possui um acesso de entrada e saída, paredes em cor branca. A iluminação é tanto de forma natural através de porta e janelas quanto artificial através de lâmpadas de LED.','rel_luminancia/fotos_iluminancia/image_CBq8fWB.jpg',241,1),(242,'Possui um acesso de entrada e saída, paredes em cor branca. A iluminação é tanto de forma natural através de porta e janelas quanto artificial através de lâmpadas de LED.','rel_luminancia/fotos_iluminancia/image_dhCTxks.jpg',242,1),(243,'Possui um acesso de entrada e saída, paredes em cor branca. A iluminação é tanto de forma natural através de porta e janelas quanto artificial através de lâmpadas de LED.','rel_luminancia/fotos_iluminancia/image_1wOkMLI.jpg',243,1),(244,'Possui um acesso de entrada e saída, paredes em cor branca. A iluminação é tanto de forma natural através de porta e janelas quanto artificial através de lâmpadas de LED.','rel_luminancia/fotos_iluminancia/image_OY393in.jpg',244,1),(245,'Possui um acesso de entrada e saída, paredes em cor branca. A iluminação é tanto de forma natural através de porta e janelas quanto artificial através de lâmpadas de LED.','rel_luminancia/fotos_iluminancia/image_dLbqay5.jpg',245,1),(246,'Possui um acesso de entrada e saída, paredes em cor branca e piso de cerâmica em cor clara. A iluminação é tanto de forma natural através de janelas quanto artificial através de lâmpadas de LED.','rel_luminancia/fotos_iluminancia/image_esOhglG.jpg',246,1),(247,'Ambiente possui um acesso de entrada e saída. O piso é formado por porcelanato em cor clara. As paredes e o teto são pintados na cor branca. Há janela com vidros com insulfilm e cortina persiana.','rel_luminancia/fotos_iluminancia/image_snrATNI.jpg',247,1),(248,'Ambiente possui um acesso de entrada e saída. O piso é formado por porcelanato em cor clara. As paredes e o teto são pintados na cor branca. Há janela com vidros com insulfilm e cortina persiana.','rel_luminancia/fotos_iluminancia/image_hjoE91o.jpg',248,1),(249,'Ambiente possui um acesso de entrada e saída. O piso é formado por cimento queimado e pintado na cor cinza. As paredes e o teto são pintados na cor branca. Há janela com parte em proteção em alumínio e parte em vidros.','rel_luminancia/fotos_iluminancia/image_oKuGfmW.jpg',249,1),(250,'Ambiente possui um acesso de entrada e saída. O piso é formado por cimento queimado e pintado. As paredes e o teto são pintados na cor branca. Há janela com vidros com insulfilm, sendo que as janelas .','rel_luminancia/fotos_iluminancia/image_nBR0KA5.jpg',250,1),(251,'Ambiente possui um acesso de entrada e saída. O piso é formado por cimento queimado e pintado. As paredes são pintadas em cor cinza claro e o teto na cor branca. Ambiente não possui janelas.','rel_luminancia/fotos_iluminancia/image_eOURzjd.jpg',251,1),(252,'Ambiente possui um acesso de entrada e saída. O piso é formado por porcelanato em cor clara. As paredes são pintadas nas cores azul e cinza em tom médio para escuro. O teto é pintado na cor branca. Há janela com vidros com insulfilm.','rel_luminancia/fotos_iluminancia/image_dyw77bg.jpg',252,1),(253,'Ambiente de trabalho possui um acesso de entrada e saída. As paredes são pintadas na cor branca. O piso é formado por cerâmica em cor clara. O teto é formado por placas de isopor na cor branca.','rel_luminancia/fotos_iluminancia/image_PMUOcDa.jpg',253,1),(254,'Ambiente de trabalho possui um acesso de entrada e saída. As paredes são pintadas na cor branca. O piso é formado por cerâmica em cor clara. O teto é formado por placas de isopor na cor branca.','rel_luminancia/fotos_iluminancia/image_dkRQAw7.jpg',254,1),(255,'Ambiente de trabalho possui um acesso de entrada e saída. As paredes são pintadas na cor branca. O piso é formado por cerâmica em cor clara. O teto é formado por placas de isopor na cor branca. Há janelas com vidros transparentes que permanecem fechadas.','rel_luminancia/fotos_iluminancia/image_WXsfSyt.jpg',255,1),(256,'','rel_luminancia/fotos_iluminancia/image_vZwpPoh.jpg',256,1),(257,'Ambiente de trabalho possui um acesso de entrada e saída. O piso é formado por cerâmica em cor clara. As paredes possuem revestimento em cor branca. O teto é formado por placas em cor clara. Há janelas com vidros transparentes que permanecem fechadas ao longo da jornada de trabalho.','rel_luminancia/fotos_iluminancia/image_jDw1Sl3.jpg',257,1),(258,'','rel_luminancia/fotos_iluminancia/image_XskWVC1.jpg',258,1),(259,'','rel_luminancia/fotos_iluminancia/image_ztTuXpQ.jpg',259,1),(260,'','rel_luminancia/fotos_iluminancia/image_pRI5Lh3.jpg',260,1),(261,'','rel_luminancia/fotos_iluminancia/image_ef8Ufg5.jpg',261,1),(262,'','rel_luminancia/fotos_iluminancia/image_p6za609.jpg',262,1),(263,'','rel_luminancia/fotos_iluminancia/image_g1kDzrf.jpg',263,1),(264,'','rel_luminancia/fotos_iluminancia/image_7fIrMMS.jpg',264,1),(265,'','rel_luminancia/fotos_iluminancia/image_krEPhja.jpg',265,1),(266,'Ambiente administrativo contendo um acesso de entrada e saída, paredes na cor branca e piso de cerâmica em cor clara. Possui iluminação e ventilação tanto de forma natural quanto artificial através de lâmpadas de LED e aparelho de ar condicionado.','rel_luminancia/fotos_iluminancia/image_C9K4lvj.jpg',266,1),(267,'Ambiente administrativo contendo um acesso de entrada e saída, paredes na cor branca e piso de cerâmica em cor clara. Possui iluminação e ventilação tanto de forma natural quanto artificial através de lâmpadas de LED e aparelho de ar condicionado.','rel_luminancia/fotos_iluminancia/image_9tAU9mH.jpg',267,1),(268,'Ambiente administrativo contendo um acesso de entrada e saída, paredes na cor branca e piso de cerâmica em cor clara. Possui iluminação e ventilação tanto de forma natural quanto artificial através de lâmpadas de LED e aparelho de ar condicionado.','rel_luminancia/fotos_iluminancia/image_w5qBbSD.jpg',268,1),(269,'Container administrativo contendo um acesso de entrada e saída. Possui paredes em cor clara e piso de madeira. A iluminação e a ventilação são tanto de forma natural quanto artificial através de lâmpadas de LED.','rel_luminancia/fotos_iluminancia/image_MifWGxX.jpg',269,1),(270,'','rel_luminancia/fotos_iluminancia/image_XJxP7UQ.jpg',270,1),(271,'','rel_luminancia/fotos_iluminancia/image_q1ZrpDJ.jpg',271,1),(272,'','rel_luminancia/fotos_iluminancia/image_DDkRtvr.jpg',272,1),(273,'','rel_luminancia/fotos_iluminancia/image_IcTl7bz.jpg',273,1),(274,'','rel_luminancia/fotos_iluminancia/image_TNSSp2e.jpg',274,1),(275,'','rel_luminancia/fotos_iluminancia/image_wbTVBTC.jpg',275,1),(276,'','rel_luminancia/fotos_iluminancia/image_tgHYYOm.jpg',276,1),(277,'Ambiente de trabalho possui um acesso de entrada e saída. As paredes e o teto são pintados em cor clara. O piso é formado por cimento batido.','rel_luminancia/fotos_iluminancia/almoxarifado_UBYFOL.jpg',277,1),(282,'','rel_luminancia/fotos_iluminancia/botao-play_1.png',282,1),(283,'','rel_luminancia/fotos_iluminancia/image_rmGxDYg.jpg',283,1),(284,'','rel_luminancia/fotos_iluminancia/image_ScuVl8u.jpg',284,1),(285,'','rel_luminancia/fotos_iluminancia/image_TE7kmtq.jpg',285,1),(287,'','',287,1),(288,'Teste','rel_luminancia/fotos_iluminancia/bucket_KCEJQ9U.png',288,1),(289,'','rel_luminancia/fotos_iluminancia/image_Gnl3Qms.jpg',289,1),(290,'','rel_luminancia/fotos_iluminancia/image_NR3aaFZ.jpg',290,1),(291,'','rel_luminancia/fotos_iluminancia/image_tf7H6fn.jpg',291,1),(292,'','rel_luminancia/fotos_iluminancia/image_KIjt7Nd.jpg',292,1),(293,'','rel_luminancia/fotos_iluminancia/image_v9v4ax7.jpg',293,1),(294,'','rel_luminancia/fotos_iluminancia/image_DvKtk1d.jpg',294,1),(295,'','rel_luminancia/fotos_iluminancia/image_q1Jl4P7.jpg',295,1),(296,'','rel_luminancia/fotos_iluminancia/image_j3vi1Hx.jpg',296,1),(297,'','rel_luminancia/fotos_iluminancia/image_GPun9YZ.jpg',297,1),(298,'','rel_luminancia/fotos_iluminancia/image_bmpdWoQ.jpg',298,1),(299,'','rel_luminancia/fotos_iluminancia/image_JAq1Yb7.jpg',299,1),(301,'','rel_luminancia/fotos_iluminancia/1000006139.jpg',301,1),(302,'','rel_luminancia/fotos_iluminancia/1000006144.jpg',302,1),(303,'','rel_luminancia/fotos_iluminancia/1000006145.jpg',303,1);
/*!40000 ALTER TABLE `automacao_rel_luminancia_descricao` ENABLE KEYS */;
UNLOCK TABLES;

--
-- Table structure for table `automacao_rel_luminancia_inconsistencias`
--

DROP TABLE IF EXISTS `automacao_rel_luminancia_inconsistencias`;
/*!40101 SET @saved_cs_client     = @@character_set_client */;
/*!50503 SET character_set_client = utf8mb4 */;
CREATE TABLE `automacao_rel_luminancia_inconsistencias` (
  `id` bigint NOT NULL AUTO_INCREMENT,
  `efeito_estroboscopico` tinyint(1) NOT NULL,
  `cintilacao` tinyint(1) NOT NULL,
  `iluminacao_insuficiente` tinyint(1) NOT NULL,
  `iluminacao_irregular` tinyint(1) NOT NULL,
  `iluminacao_excessiva` tinyint(1) NOT NULL,
  `iluminacao_excessiva_natural` tinyint(1) NOT NULL,
  `brilho_excessivo` tinyint(1) NOT NULL,
  `contraste_reduzido` tinyint(1) NOT NULL,
  `aparencia_cor` tinyint(1) NOT NULL,
  `avaliacao_id` bigint DEFAULT NULL,
  `inquilino_id` bigint NOT NULL,
  PRIMARY KEY (`id`),
  UNIQUE KEY `avaliacao_id_id` (`avaliacao_id`),
  KEY `automacao_rel_lumina_inquilino_id_57529442_fk_contas_in` (`inquilino_id`),
  CONSTRAINT `automacao_rel_lumina_avaliacao_id_id_549c4009_fk_automacao` FOREIGN KEY (`avaliacao_id`) REFERENCES `automacao_rel_luminancia_avaliacao` (`id`),
  CONSTRAINT `automacao_rel_lumina_inquilino_id_57529442_fk_contas_in` FOREIGN KEY (`inquilino_id`) REFERENCES `contas_inquilino` (`id`)
) ENGINE=InnoDB AUTO_INCREMENT=304 DEFAULT CHARSET=utf8mb3;
/*!40101 SET character_set_client = @saved_cs_client */;

--
-- Dumping data for table `automacao_rel_luminancia_inconsistencias`
--

LOCK TABLES `automacao_rel_luminancia_inconsistencias` WRITE;
/*!40000 ALTER TABLE `automacao_rel_luminancia_inconsistencias` DISABLE KEYS */;
INSERT INTO `automacao_rel_luminancia_inconsistencias` VALUES (1,0,0,0,0,0,0,0,0,0,1,1),(2,0,0,0,0,0,0,0,0,0,2,1),(3,0,0,0,0,0,0,0,0,0,3,1),(4,0,0,0,0,0,0,0,0,0,4,1),(5,0,0,1,0,0,0,0,0,0,5,1),(6,0,0,0,0,0,0,0,0,0,6,1),(9,0,0,0,0,0,0,0,0,0,9,1),(10,0,0,0,0,0,0,0,0,0,10,1),(11,0,0,0,0,0,0,0,0,0,11,1),(13,0,0,0,0,0,0,0,0,0,13,1),(14,0,0,0,0,0,0,0,0,0,14,1),(15,0,0,0,0,0,0,0,0,0,15,1),(16,0,0,0,0,0,0,0,0,0,16,1),(17,0,0,0,0,0,0,0,0,0,17,1),(18,0,0,0,0,0,0,0,0,0,18,1),(19,0,0,0,0,0,0,0,0,0,19,1),(20,0,0,0,0,0,0,0,0,0,20,1),(21,0,0,0,0,0,0,0,0,0,21,1),(22,0,0,0,0,0,0,0,0,0,22,1),(23,0,0,0,0,0,0,0,0,0,23,1),(25,0,0,0,0,0,0,0,0,0,25,1),(26,0,0,0,0,0,0,0,0,0,26,1),(27,0,0,1,0,0,0,0,0,0,27,1),(28,0,0,1,1,0,0,0,0,0,28,1),(29,0,0,1,1,0,0,0,0,0,29,1),(30,0,0,1,1,0,0,0,0,0,30,1),(31,0,0,1,1,0,0,0,0,0,31,1),(32,0,0,1,1,0,0,0,0,0,32,1),(33,0,0,1,1,0,0,0,0,0,33,1),(34,0,0,0,0,0,0,0,0,0,34,1),(35,0,0,0,0,0,0,0,0,0,35,5),(41,0,0,1,1,0,0,0,0,0,41,1),(43,0,0,1,1,0,0,0,0,0,43,1),(44,0,0,0,0,0,0,0,0,0,44,1),(45,0,0,1,0,0,0,0,0,0,45,1),(46,0,0,1,1,0,0,0,0,0,46,1),(47,0,0,0,0,0,0,0,0,0,47,1),(48,0,0,0,0,0,0,0,0,0,48,1),(49,0,0,0,0,0,0,0,0,0,49,1),(51,0,0,0,0,0,0,0,0,0,51,1),(52,0,0,0,0,0,0,0,0,0,52,1),(53,0,0,0,0,0,0,0,0,0,53,1),(54,0,0,0,0,0,0,0,0,0,54,1),(55,0,0,0,0,0,0,0,0,0,55,1),(56,0,0,0,0,0,0,0,0,0,56,1),(57,0,0,0,0,0,0,0,0,0,57,1),(59,0,0,0,0,0,0,0,0,0,59,1),(60,0,0,0,0,0,0,0,0,0,60,1),(61,0,0,0,0,0,0,0,0,0,61,1),(62,0,0,0,0,0,0,0,0,0,62,1),(63,0,0,0,0,0,0,0,0,0,63,1),(64,0,0,0,0,0,0,0,0,0,64,1),(65,0,0,0,0,0,0,0,0,0,65,1),(66,0,0,0,0,0,0,0,0,0,66,1),(67,0,0,0,0,0,0,0,0,0,67,1),(68,0,0,0,0,0,0,0,0,0,68,1),(69,0,0,0,0,0,0,0,0,0,69,1),(70,0,0,0,0,0,0,0,0,0,70,1),(71,0,0,0,0,0,0,0,0,0,71,1),(72,0,0,0,0,0,0,0,0,0,72,1),(73,0,0,0,0,0,0,0,0,0,73,1),(74,0,0,0,0,0,0,0,0,0,74,1),(75,0,0,0,0,0,0,0,0,0,75,1),(76,0,0,0,0,0,0,0,0,0,76,1),(77,0,0,0,0,0,0,0,0,0,77,1),(78,0,0,0,0,0,0,0,0,0,78,1),(79,0,0,0,0,0,0,0,0,0,79,1),(80,0,0,0,0,0,0,0,0,0,80,1),(81,0,0,0,0,0,0,0,0,0,81,1),(82,0,0,0,0,0,0,0,0,0,82,1),(83,0,0,0,0,0,0,0,0,0,83,1),(84,0,0,0,0,0,0,0,0,0,84,1),(85,0,0,0,0,0,0,0,0,0,85,1),(86,0,0,0,0,0,0,0,0,0,86,1),(87,0,0,0,0,0,0,0,0,0,87,1),(88,0,0,0,0,0,0,0,0,0,88,1),(89,0,0,0,0,0,0,0,0,0,89,1),(90,0,0,0,0,0,0,0,0,0,90,1),(91,0,0,0,0,0,0,0,0,0,91,1),(92,0,0,0,0,0,0,0,0,0,92,1),(93,0,0,0,0,0,0,0,0,0,93,1),(94,0,0,0,0,0,0,0,0,0,94,1),(95,0,0,0,0,0,0,0,0,0,95,1),(96,0,0,0,0,0,0,0,0,0,96,1),(97,0,0,0,0,0,0,0,0,0,97,1),(98,0,0,0,0,0,0,0,0,0,98,1),(99,0,0,0,0,0,0,0,0,0,99,1),(100,0,0,0,0,0,0,0,0,0,100,1),(101,0,0,0,0,0,0,0,0,0,101,1),(102,0,0,0,0,0,0,0,0,0,102,1),(103,0,0,0,0,0,0,0,0,0,103,1),(104,0,0,0,0,0,0,0,0,0,104,1),(105,0,0,0,0,0,0,0,0,0,105,1),(106,0,0,0,0,0,0,0,0,0,106,1),(107,0,0,0,0,0,0,0,0,0,107,1),(108,0,0,0,0,0,0,0,0,0,108,1),(109,0,0,0,0,0,0,0,0,0,109,1),(110,0,0,0,0,0,0,0,0,0,110,1),(111,0,0,0,0,0,0,0,0,0,111,1),(112,0,0,0,0,0,0,0,0,0,112,1),(113,0,0,0,0,0,0,0,0,0,113,1),(114,0,0,0,0,0,0,0,0,0,114,1),(115,0,0,0,0,0,0,0,0,0,115,1),(116,0,0,0,0,0,0,0,0,0,116,1),(117,0,0,0,0,0,0,0,0,0,117,1),(118,0,0,0,0,0,0,0,0,0,118,1),(119,0,0,0,0,0,0,0,0,0,119,1),(120,0,0,0,0,0,0,0,0,0,120,1),(121,0,0,0,0,0,0,0,0,0,121,1),(123,0,0,0,0,0,0,0,0,0,123,1),(124,0,0,0,0,0,0,0,0,0,124,1),(125,0,0,0,0,0,0,0,0,0,125,1),(126,0,0,0,0,0,0,0,0,0,126,1),(127,0,0,0,0,0,0,0,0,0,127,1),(129,0,0,0,0,0,1,0,0,0,129,1),(130,0,0,1,0,0,0,0,0,0,130,1),(131,0,0,0,0,0,0,0,0,0,131,1),(132,0,0,1,1,0,0,0,0,0,132,1),(133,0,0,0,0,0,0,0,0,0,133,1),(135,0,0,1,0,0,0,0,0,0,135,1),(136,0,0,0,0,0,0,0,0,0,136,1),(137,0,0,0,0,0,0,0,0,0,137,1),(138,0,0,0,0,0,0,0,0,0,138,1),(139,0,0,0,0,0,0,0,0,0,139,1),(140,0,0,0,0,0,0,0,0,0,140,1),(141,0,0,0,0,0,0,0,0,0,141,1),(142,0,0,0,0,0,0,0,0,0,142,1),(143,0,0,0,0,0,0,0,0,0,143,1),(144,0,0,0,0,0,0,0,0,0,144,1),(145,0,0,0,0,0,0,0,0,0,145,1),(146,0,0,0,0,0,0,0,0,0,146,1),(147,0,0,0,0,0,0,0,0,0,147,1),(148,0,0,0,0,0,0,0,0,0,148,1),(149,0,0,0,0,0,0,0,0,0,149,1),(150,0,0,0,0,0,0,0,0,0,150,1),(151,0,0,1,1,0,0,0,0,0,151,1),(152,0,0,1,1,0,0,0,0,0,152,1),(153,0,0,1,1,0,0,0,0,0,153,1),(154,0,0,1,1,0,0,0,0,0,154,1),(155,0,0,0,0,0,0,0,0,0,155,1),(156,0,0,0,0,0,0,0,0,0,156,1),(157,0,0,0,0,0,0,0,0,0,157,1),(158,0,0,0,0,0,0,0,0,0,158,1),(159,0,0,0,0,0,0,0,0,0,159,1),(160,0,0,0,0,0,0,0,0,0,160,1),(161,0,0,0,0,0,0,0,0,0,161,1),(162,0,0,1,1,0,0,0,0,0,162,1),(163,0,0,0,0,0,0,0,0,0,163,1),(164,0,0,1,1,0,0,0,0,0,164,1),(165,0,0,0,0,0,0,0,0,0,165,1),(166,0,0,0,0,0,0,0,0,0,166,1),(168,0,0,0,0,0,0,0,0,0,168,1),(169,0,0,0,0,0,0,0,0,0,169,1),(170,0,0,1,1,0,0,0,0,0,170,1),(171,0,0,1,1,0,0,0,0,0,171,1),(172,0,0,0,0,0,0,0,0,0,172,1),(173,0,0,0,0,0,0,0,0,0,173,1),(174,0,0,0,0,0,0,0,0,0,174,1),(175,0,0,0,0,0,0,0,0,0,175,1),(176,0,0,0,0,0,0,0,0,0,176,1),(177,0,0,0,0,0,0,0,0,0,177,1),(178,0,0,0,0,0,0,0,0,0,178,1),(179,0,0,0,0,0,0,0,0,0,179,1),(180,0,0,0,0,0,0,0,0,0,180,1),(181,0,0,1,1,0,0,0,0,0,181,1),(182,0,0,1,0,0,0,0,0,0,182,1),(183,0,0,0,0,0,0,0,0,0,183,1),(184,0,0,0,0,0,0,0,0,0,184,1),(185,0,0,0,1,0,0,0,0,0,185,1),(186,0,0,1,1,0,0,0,0,0,186,1),(187,0,0,1,1,0,0,0,0,0,187,1),(188,0,0,1,1,0,0,0,0,0,188,1),(189,0,0,0,1,0,0,0,0,0,189,1),(190,0,0,1,1,0,0,0,0,0,190,1),(191,0,0,0,1,0,0,0,0,0,191,1),(192,0,0,1,1,0,0,0,0,0,192,1),(193,0,0,1,1,0,0,0,0,0,193,1),(194,0,0,1,1,0,0,0,0,0,194,1),(195,0,0,1,0,0,0,0,0,0,195,1),(196,0,0,0,1,0,0,0,0,0,196,1),(197,0,0,0,0,0,0,0,0,0,197,1),(198,0,0,0,0,0,0,0,0,0,198,1),(199,0,0,0,1,0,0,0,0,0,199,1),(200,0,0,1,1,0,0,0,0,0,200,1),(201,0,0,0,0,0,0,0,0,0,201,1),(202,0,0,1,1,0,0,0,0,0,202,1),(203,0,0,0,0,0,0,0,0,0,203,1),(204,0,0,0,0,0,0,0,0,0,204,1),(205,0,0,0,0,0,0,0,0,0,205,1),(206,0,0,0,0,0,0,0,0,0,206,1),(207,0,0,0,0,0,0,0,0,0,207,1),(209,0,0,0,0,0,0,0,0,0,209,1),(210,0,0,0,0,0,0,0,0,0,210,1),(211,0,0,0,0,0,0,0,0,0,211,1),(212,0,0,0,0,0,0,0,0,0,212,1),(213,0,0,0,0,0,0,0,0,0,213,1),(214,0,0,0,0,0,0,0,0,0,214,1),(215,0,0,0,0,0,0,0,0,0,215,1),(216,0,0,0,0,0,0,0,0,0,216,1),(217,0,0,0,0,0,0,0,0,0,217,1),(218,0,0,0,0,0,0,0,0,0,218,1),(219,0,0,0,0,0,0,0,0,0,219,1),(221,0,0,0,0,0,0,0,0,0,221,1),(223,0,0,0,1,0,0,0,0,0,223,1),(224,0,0,0,0,0,0,0,0,0,224,1),(225,0,0,0,0,0,0,0,0,0,225,1),(226,0,0,0,0,0,0,0,0,0,226,1),(227,0,0,0,0,0,0,0,0,0,227,1),(228,0,0,0,0,0,0,0,0,0,228,1),(229,0,0,0,0,0,0,0,0,0,229,1),(230,0,0,0,0,0,0,0,0,0,230,1),(231,0,0,0,0,0,0,0,0,0,231,1),(232,0,0,0,0,0,0,0,0,0,232,1),(233,0,0,0,1,0,0,0,0,0,233,1),(234,0,0,1,1,0,0,0,0,0,234,1),(235,0,0,0,0,0,0,0,0,0,235,1),(236,0,0,1,1,0,0,0,0,0,236,1),(237,0,0,0,0,0,0,0,0,0,237,1),(238,0,0,0,0,0,0,0,0,0,238,1),(239,0,0,0,0,0,0,0,0,0,239,1),(240,0,0,1,1,0,0,0,0,0,240,1),(241,0,0,0,0,0,0,0,0,0,241,1),(242,0,0,0,0,0,0,0,0,0,242,1),(243,0,0,0,0,0,0,0,0,0,243,1),(244,0,0,0,0,0,0,0,0,0,244,1),(245,0,0,0,0,0,0,0,0,0,245,1),(246,0,0,0,0,0,0,0,0,0,246,1),(247,0,0,0,0,0,0,0,0,0,247,1),(248,0,0,0,0,0,0,0,0,0,248,1),(249,0,0,1,1,0,0,0,0,0,249,1),(250,0,0,1,1,0,0,0,0,0,250,1),(251,0,0,1,1,0,0,0,0,0,251,1),(252,0,0,1,0,0,0,0,0,0,252,1),(253,0,0,0,0,0,0,0,0,0,253,1),(254,0,0,0,0,0,0,0,0,0,254,1),(255,0,0,0,0,0,0,0,0,0,255,1),(256,0,0,0,0,0,0,0,0,0,256,1),(257,0,0,0,0,0,0,0,0,0,257,1),(258,0,0,0,0,0,0,0,0,0,258,1),(259,0,0,0,0,0,0,0,0,0,259,1),(260,0,0,0,0,0,0,0,0,0,260,1),(261,0,0,0,0,0,0,0,0,0,261,1),(262,0,0,0,0,0,0,0,0,0,262,1),(263,0,0,0,0,0,0,0,0,0,263,1),(264,0,0,0,0,0,0,0,0,0,264,1),(265,0,0,0,1,0,0,0,0,0,265,1),(266,0,0,1,1,0,0,0,0,0,266,1),(267,0,0,1,1,0,0,0,0,0,267,1),(268,0,0,1,1,0,0,0,0,0,268,1),(269,0,0,1,1,0,0,0,0,0,269,1),(270,0,0,0,0,0,0,0,0,0,270,1),(271,0,0,0,0,0,0,0,0,0,271,1),(272,0,0,0,0,0,0,0,0,0,272,1),(273,0,0,0,0,0,0,0,0,0,273,1),(274,0,0,0,0,0,0,0,0,0,274,1),(275,0,0,0,0,0,0,0,0,0,275,1),(276,0,0,0,0,0,0,0,0,0,276,1),(277,0,0,1,0,0,0,0,0,0,277,1),(282,0,0,0,0,0,0,0,0,0,282,1),(283,0,0,0,0,0,0,0,0,0,283,1),(284,0,0,0,0,0,0,0,0,0,284,1),(285,0,0,0,0,0,0,0,0,0,285,1),(287,0,0,0,0,0,0,0,0,0,287,1),(288,0,0,0,0,0,0,0,0,0,288,1),(289,0,0,0,0,0,0,0,0,0,289,1),(290,0,0,0,0,0,0,0,0,0,290,1),(291,0,0,0,0,0,0,0,0,0,291,1),(292,0,0,0,0,0,0,0,0,0,292,1),(293,0,0,0,0,0,0,0,0,0,293,1),(294,0,0,0,0,0,0,0,0,0,294,1),(295,0,0,0,0,0,0,0,0,0,295,1),(296,0,0,0,0,0,0,0,0,0,296,1),(297,0,0,0,0,0,0,0,0,0,297,1),(298,0,0,0,0,0,0,0,0,0,298,1),(299,0,0,0,0,0,0,0,0,0,299,1),(301,0,0,1,1,0,0,0,0,0,301,1),(302,0,0,1,1,0,0,0,0,0,302,1),(303,0,0,1,1,0,0,0,0,0,303,1);
/*!40000 ALTER TABLE `automacao_rel_luminancia_inconsistencias` ENABLE KEYS */;
UNLOCK TABLES;

--
-- Table structure for table `automacao_rel_luminancia_posto`
--

DROP TABLE IF EXISTS `automacao_rel_luminancia_posto`;
/*!40101 SET @saved_cs_client     = @@character_set_client */;
/*!50503 SET character_set_client = utf8mb4 */;
CREATE TABLE `automacao_rel_luminancia_posto` (
  `id` bigint NOT NULL AUTO_INCREMENT,
  `local` varchar(50) DEFAULT NULL,
  `E_lux` int DEFAULT NULL,
  `E_lux_recomendado` int DEFAULT NULL,
  `superior` varchar(3) DEFAULT NULL,
  `conclusao` varchar(15) DEFAULT NULL,
  `avaliacao_id` bigint DEFAULT NULL,
  `inquilino_id` bigint NOT NULL,
  PRIMARY KEY (`id`),
  KEY `automacao_rel_luminancia_posto_avaliacao_id_id_ea6028ff` (`avaliacao_id`),
  KEY `automacao_rel_lumina_inquilino_id_a7c78604_fk_contas_in` (`inquilino_id`),
  CONSTRAINT `automacao_rel_lumina_avaliacao_id_id_ea6028ff_fk_automacao` FOREIGN KEY (`avaliacao_id`) REFERENCES `automacao_rel_luminancia_avaliacao` (`id`),
  CONSTRAINT `automacao_rel_lumina_inquilino_id_a7c78604_fk_contas_in` FOREIGN KEY (`inquilino_id`) REFERENCES `contas_inquilino` (`id`)
) ENGINE=InnoDB AUTO_INCREMENT=959 DEFAULT CHARSET=utf8mb3;
/*!40101 SET character_set_client = @saved_cs_client */;

--
-- Dumping data for table `automacao_rel_luminancia_posto`
--

LOCK TABLES `automacao_rel_luminancia_posto` WRITE;
/*!40000 ALTER TABLE `automacao_rel_luminancia_posto` DISABLE KEYS */;
INSERT INTO `automacao_rel_luminancia_posto` VALUES (1,'Posto 01',846,500,'Sim','Adequado',2,1),(2,'Posto 02',919,500,'Sim','Adequado',2,1),(3,'Posto 03',895,500,'Sim','Adequado',2,1),(4,'Posto 04',924,500,'Sim','Adequado',2,1),(5,'Posto 05',820,500,'Sim','Adequado',2,1),(6,'Posto 06',846,500,'Sim','Adequado',2,1),(7,'Posto 07',930,500,'Sim','Adequado',2,1),(8,'Posto 08',851,500,'Sim','Adequado',2,1),(9,'Posto 09',1005,500,'Sim','Adequado',2,1),(10,'Posto 10',821,500,'Sim','Adequado',2,1),(11,'Posto 11',617,500,'Sim','Adequado',2,1),(12,'Posto 12',691,500,'Sim','Adequado',2,1),(13,'Posto 13',546,500,'Sim','Adequado',2,1),(14,'Posto 14',655,500,'Sim','Adequado',2,1),(15,'Posto 15',825,500,'Sim','Adequado',2,1),(16,'Posto 16',845,500,'Sim','Adequado',2,1),(17,'Posto 17',705,500,'Sim','Adequado',2,1),(18,'Posto 18',697,500,'Sim','Adequado',2,1),(19,'Posto 19',773,500,'Sim','Adequado',2,1),(20,'Posto 20',807,500,'Sim','Adequado',2,1),(21,'Posto 01',593,500,'Sim','Adequado',3,1),(22,'Posto 02',608,500,'Sim','Adequado',3,1),(23,'Posto 03',641,500,'Sim','Adequado',3,1),(24,'Posto 04',651,500,'Sim','Adequado',3,1),(25,'Posto 05',617,500,'Sim','Adequado',3,1),(26,'Posto 06',636,500,'Sim','Adequado',3,1),(27,'Posto 01',657,500,'Sim','Adequado',4,1),(28,'Posto 01',248,500,'Não','Não atende',5,1),(29,'Posto 02',124,500,'Não','Crítico',5,1),(30,'Posto 01',469,500,'Sim','Adequado',6,1),(31,'Posto 02',337,500,'Não','Não atende',6,1),(32,'Posto 03',392,500,'Sim','Não atende',6,1),(33,'Posto 04',371,500,'Sim','Não atende',6,1),(34,'Posto 05',335,500,'Não','Não atende',6,1),(35,'Posto 06',465,500,'Sim','Adequado',6,1),(36,'Posto 07',491,500,'Sim','Adequado',6,1),(37,'Posto 08',283,500,'Não','Não atende',6,1),(54,'Posto 01',1038,500,'Sim','Adequado',10,1),(55,'Posto 02',1277,500,'Sim','Adequado',10,1),(56,'Posto 03',1271,500,'Sim','Adequado',10,1),(57,'Posto 04',1045,500,'Sim','Adequado',10,1),(58,'Posto 01',347,300,'Sim','Adequado',13,1),(59,'Posto ADM 01',347,300,'Sim','Adequado',13,1),(60,'Posto 01',616,500,'Sim','Adequado',15,1),(61,'Posto 02',794,500,'Sim','Adequado',15,1),(62,'Posto 03',861,500,'Sim','Adequado',15,1),(63,'Posto 04',612,500,'Sim','Adequado',15,1),(64,'Posto 05',858,500,'Sim','Adequado',15,1),(65,'Posto 06',803,500,'Sim','Adequado',15,1),(66,'Posto 03',869,500,'Sim','Adequado',16,1),(67,'Posto 04',882,500,'Sim','Adequado',16,1),(68,'Posto 05',851,500,'Sim','Adequado',16,1),(69,'Posto 06',872,500,'Sim','Adequado',16,1),(70,'Posto 07',903,500,'Sim','Adequado',16,1),(71,'Posto 08',997,500,'Sim','Adequado',16,1),(72,'Posto 09',804,500,'Sim','Adequado',16,1),(73,'Posto 10',853,500,'Sim','Adequado',16,1),(74,'Posto 11',740,500,'Sim','Adequado',16,1),(75,'Posto 12',758,500,'Sim','Adequado',16,1),(76,'Posto 13',746,500,'Sim','Adequado',16,1),(77,'Posto 14',728,500,'Sim','Adequado',16,1),(78,'Posto 15',738,500,'Sim','Adequado',16,1),(79,'Posto 16',757,500,'Sim','Adequado',16,1),(80,'Posto 17',804,500,'Sim','Adequado',16,1),(81,'Posto 18',873,500,'Sim','Adequado',16,1),(82,'Posto 19',873,500,'Sim','Adequado',16,1),(83,'Posto 20',798,500,'Sim','Adequado',16,1),(84,'Posto 21',695,500,'Sim','Adequado',16,1),(85,'Posto 22',722,500,'Sim','Adequado',16,1),(86,'Posto 23',735,500,'Sim','Adequado',16,1),(87,'Posto 24',768,500,'Sim','Adequado',16,1),(88,'Posto 25',860,500,'Sim','Adequado',16,1),(89,'Posto 26',909,500,'Sim','Adequado',16,1),(90,'Posto 27',755,500,'Sim','Adequado',16,1),(91,'Posto 28',765,500,'Sim','Adequado',16,1),(92,'Posto 29',645,500,'Sim','Adequado',16,1),(93,'Posto 30',751,500,'Sim','Adequado',16,1),(94,'Posto 31',813,500,'Sim','Adequado',16,1),(95,'Posto 32',705,500,'Sim','Adequado',16,1),(96,'Posto 33',730,500,'Sim','Adequado',16,1),(97,'Posto 34',788,500,'Sim','Adequado',16,1),(98,'Posto 35',826,500,'Sim','Adequado',16,1),(99,'Posto 36',801,500,'Sim','Adequado',16,1),(100,'Posto 37',834,500,'Sim','Adequado',16,1),(101,'Posto 38',753,500,'Sim','Adequado',16,1),(102,'Posto 39',654,500,'Sim','Adequado',16,1),(103,'Posto 40',704,500,'Sim','Adequado',16,1),(104,'Posto 41',743,500,'Sim','Adequado',16,1),(105,'Posto 42',801,500,'Sim','Adequado',16,1),(106,'Posto 43',622,500,'Sim','Adequado',16,1),(107,'Posto 44',713,500,'Sim','Adequado',16,1),(108,'Posto 45',709,500,'Sim','Adequado',16,1),(109,'Posto 46',712,500,'Sim','Adequado',16,1),(110,'Posto 47',623,500,'Sim','Adequado',16,1),(111,'Posto 48',764,500,'Sim','Adequado',16,1),(112,'Posto 49',679,500,'Sim','Adequado',16,1),(113,'Posto 50',657,500,'Sim','Adequado',16,1),(114,'Posto 51',760,500,'Sim','Adequado',16,1),(115,'Posto 52',781,500,'Sim','Adequado',16,1),(116,'Posto 53',744,500,'Sim','Adequado',16,1),(117,'Posto 54',728,500,'Sim','Adequado',16,1),(118,'Posto 55',791,500,'Sim','Adequado',16,1),(119,'Posto 56',693,500,'Sim','Adequado',16,1),(120,'Posto 57',677,500,'Sim','Adequado',16,1),(121,'Posto 58',698,500,'Sim','Adequado',16,1),(122,'Posto 59',698,500,'Sim','Adequado',16,1),(123,'Posto 60',703,500,'Sim','Adequado',16,1),(124,'Posto 61',648,500,'Sim','Adequado',16,1),(125,'Posto 62',459,500,'Sim','Adequado',16,1),(126,'Posto 63',719,500,'Sim','Adequado',16,1),(127,'Posto 64',665,500,'Sim','Adequado',16,1),(128,'Posto 65',653,500,'Sim','Adequado',16,1),(129,'Posto 66',674,500,'Sim','Adequado',16,1),(130,'Posto 67',692,500,'Sim','Adequado',16,1),(131,'Posto 68',624,500,'Sim','Adequado',16,1),(132,'Posto 69',577,500,'Sim','Adequado',16,1),(133,'Posto 70',718,500,'Sim','Adequado',16,1),(134,'Posto 71',702,500,'Sim','Adequado',16,1),(135,'Posto 72',567,500,'Sim','Adequado',16,1),(136,'Posto 73',677,500,'Sim','Adequado',16,1),(137,'Posto 74',756,500,'Sim','Adequado',16,1),(138,'Posto 75',557,500,'Sim','Adequado',16,1),(139,'Posto 76',654,500,'Sim','Adequado',16,1),(140,'Posto 77',501,500,'Sim','Adequado',16,1),(141,'Posto 78',487,500,'Sim','Adequado',16,1),(142,'Posto 79',597,500,'Sim','Adequado',16,1),(143,'Posto 80',500,500,'Sim','Adequado',16,1),(144,'Posto 81',636,500,'Sim','Adequado',16,1),(145,'Posto 82',589,500,'Sim','Adequado',16,1),(146,'Posto 83',728,500,'Sim','Adequado',16,1),(147,'Posto 84',695,500,'Sim','Adequado',16,1),(148,'Posto 85',754,500,'Sim','Adequado',16,1),(149,'Posto 86',716,500,'Sim','Adequado',16,1),(150,'Posto 87',691,500,'Sim','Adequado',16,1),(151,'Posto 888',668,500,'Sim','Adequado',16,1),(152,'Mesa de Reunião',525,500,'Sim','Adequado',17,1),(153,'Posto 02',673,500,'Sim','Adequado',18,1),(154,'Posto 03',632,500,'Sim','Adequado',18,1),(155,'Posto 04',552,500,'Sim','Adequado',18,1),(156,'Posto 01',522,500,'Sim','Adequado',18,1),(157,'Posto 05',627,500,'Sim','Adequado',18,1),(158,'Posto 06',577,500,'Sim','Adequado',18,1),(159,'Posto ADM',521,500,'Sim','Adequado',19,1),(160,'Mesa de reunião',521,500,'Sim','Adequado',19,1),(161,'Mesa de reunião',524,500,'Sim','Adequado',20,1),(162,'Posto ADM 01',574,300,'Sim','Adequado',23,1),(163,'Posto ADM 02',557,300,'Sim','Adequado',23,1),(173,'Posto de trabalho 1',343,150,'Sim','Adequado',26,1),(174,'Posto de trabalho 2',238,150,'Sim','Adequado',26,1),(175,'Posto de trabalho 3',313,150,'Sim','Adequado',26,1),(176,'Luiz',332,500,'Não','Não atende',27,1),(177,'Carol',390,500,'Sim','Não atende',27,1),(178,'Amanda Oliveira',411,500,'Sim','Não atende',27,1),(179,'Posto ADM Vazio',522,500,'Sim','Adequado',27,1),(180,'Wesley',436,500,'Sim','Não atende',27,1),(181,'Bruno',367,500,'Sim','Não atende',27,1),(182,'Alexandro',418,500,'Sim','Não atende',27,1),(183,'Tiago',505,500,'Sim','Adequado',27,1),(184,'Breno',409,500,'Sim','Não atende',27,1),(185,'Jaqueline',472,500,'Sim','Adequado',27,1),(186,'Érika Amorim',548,500,'Sim','Adequado',27,1),(187,'Filipe',650,500,'Sim','Adequado',27,1),(188,'Posto ADM Vazio',647,500,'Sim','Adequado',27,1),(189,'Christian',722,500,'Sim','Adequado',27,1),(190,'Camila',745,500,'Sim','Adequado',27,1),(191,'Gabriela',772,500,'Sim','Adequado',27,1),(192,'Geraldo',602,500,'Sim','Adequado',27,1),(193,'Posto 1',330,500,'Não','Não atende',28,1),(194,'Posto',342,500,'Não','Não atende',29,1),(195,'Posto',351,500,'Sim','Não atende',30,1),(196,'Posto 1',207,500,'Não','Não atende',31,1),(197,'Posto 1 próximo a porta',144,500,'Não','Crítico',33,1),(198,'Posto 2',156,500,'Não','Crítico',33,1),(199,'Computador',332,300,'Sim','Adequado',34,1),(200,'Contagem',383,300,'Sim','Adequado',34,1),(201,'Mesa Centro 01 início',418,300,'Sim','Adequado',34,1),(202,'Mesa Centro 01 final',350,300,'Sim','Adequado',34,1),(203,'Mesa Centro 02 início',315,300,'Sim','Adequado',34,1),(204,'Mesa Centro 02 final próximo ao portão',606,300,'Sim','Adequado',34,1),(205,'Mesa Centro 03 início',370,300,'Sim','Adequado',34,1),(206,'Mesa Centro 03 final próximo ao portão',640,300,'Sim','Adequado',34,1),(207,'Máquina 1',290,300,'Sim','Adequado',34,1),(208,'Máquina 2',370,300,'Sim','Adequado',34,1),(209,'Máquina 3',396,300,'Sim','Adequado',34,1),(210,'Máquina 4',349,300,'Sim','Adequado',34,1),(213,'Posto 1',410,500,'Sim','Não atende',41,1),(214,'Posto 2',514,500,'Sim','Adequado',41,1),(215,'Posto 3',451,500,'Sim','Adequado',41,1),(217,'Posto 1',645,500,'Sim','Adequado',43,1),(218,'Posto 2',409,500,'Sim','Não atende',43,1),(219,'Posto 1',609,500,'Sim','Adequado',44,1),(220,'Posto',577,500,'Sim','Adequado',44,1),(221,'Posto 1',486,500,'Sim','Adequado',45,1),(222,'Posto 2',292,500,'Não','Não atende',45,1),(223,'Posto 1',394,500,'Sim','Não atende',46,1),(224,'Posto 2',400,500,'Sim','Não atende',46,1),(225,'Posto 1',2234,500,'Sim','Atenção',47,1),(226,'Posto 2',499,500,'Sim','Adequado',47,1),(227,'Posto 1 Agrônomo',380,500,'Sim','Não atende',49,1),(228,'Posto 2 Topógrafo',312,500,'Não','Não atende',49,1),(229,'Posto 3 Agrônomo',333,500,'Não','Não atende',49,1),(230,'Posto 4 Analista de Controle',277,500,'Não','Não atende',49,1),(231,'Posto 5 Agrônomo',356,500,'Sim','Não atende',49,1),(232,'Posto 6 Engenheiro Ambiental',359,500,'Sim','Não atende',49,1),(233,'Posto 7 Encarregado Preparo',337,500,'Não','Não atende',49,1),(234,'Posto 8 Encarregado Colheita Mecanizada',384,500,'Sim','Não atende',49,1),(235,'Posto 9 Auxiliar Administrativo',267,500,'Não','Não atende',49,1),(236,'Posto 10 Analista Administrativo',336,500,'Não','Não atende',49,1),(238,'Posto Atendimento ao público',481,500,'Sim','Adequado',52,1),(239,'Posto 1 Aprendiz',520,500,'Sim','Adequado',52,1),(240,'Posto 3 Auxiliar DP',417,500,'Sim','Não atende',52,1),(241,'Posto 2 Gestão de Benefícios',463,500,'Sim','Adequado',52,1),(242,'Posto 4 Analista DP',447,500,'Sim','Não atende',52,1),(243,'Posto 5 Analista de DP',430,500,'Sim','Não atende',52,1),(244,'Posto 6 Analista de DP',444,500,'Sim','Não atende',52,1),(245,'2 Atendimento ao público',548,500,'Sim','Adequado',52,1),(246,'Posto Treinamento e Desenvolvimento',561,500,'Sim','Adequado',53,1),(247,'Posto jurídico',454,500,'Sim','Adequado',53,1),(248,'Atendimento',318,500,'Não','Não atende',54,1),(249,'Auxiliar de RH',440,500,'Sim','Não atende',55,1),(250,'Analista de RH',344,500,'Não','Não atende',55,1),(251,'Posto',520,500,'Sim','Adequado',57,1),(253,'Gerente',413,500,'Sim','Não atende',59,1),(254,'Coordenação',432,500,'Sim','Não atende',60,1),(255,'Posto 1 TEC enfermagem',263,500,'Não','Não atende',62,1),(256,'Posto 2 Tec Enfermagem',306,500,'Não','Não atende',62,1),(257,'Ponto de Curativo/ maca',612,300,'Sim','Adequado',63,1),(258,'Pia',714,300,'Sim','Adequado',64,1),(259,'Maca',836,300,'Sim','Adequado',64,1),(260,'Prateleira',631,100,'Sim','Adequado',65,1),(261,'Bancada de trabalho',494,300,'Sim','Adequado',66,1),(262,'Mesa atendimento',674,500,'Sim','Adequado',67,1),(263,'Mesa de trabalho',445,500,'Sim','Não atende',68,1),(264,'Porteiro',257,500,'Não','Não atende',69,1),(265,'Estação de Trabalho',296,500,'Não','Não atende',71,1),(266,'Supervisor Moto mecanização',424,500,'Sim','Não atende',72,1),(267,'Gerente Agrícola',335,500,'Não','Não atende',72,1),(268,'Posto 1',227,500,'Não','Não atende',74,1),(269,'Posto 2',177,500,'Não','Crítico',74,1),(270,'Estação auxiliar',470,500,'Sim','Adequado',75,1),(271,'Estação Supervisor',510,500,'Sim','Adequado',75,1),(272,'Posto 1 Recebimento',349,500,'Não','Não atende',76,1),(273,'Posto 2 Analista de Materiais',380,500,'Sim','Não atende',76,1),(274,'Posto 3  Recebimento',393,500,'Sim','Não atende',76,1),(275,'Posto 4 Inventário',452,500,'Sim','Adequado',76,1),(276,'Posto 5 Aprendiz',374,500,'Sim','Não atende',76,1),(277,'Posto 6 Analista de Logística',370,500,'Sim','Não atende',76,1),(278,'Posto 7 Insumos',416,500,'Sim','Não atende',76,1),(279,'Posto 8 Requisição de Compras',389,500,'Sim','Não atende',76,1),(280,'Posto 9 Serviços de Terceiros',341,500,'Não','Não atende',76,1),(281,'Posto 10  Analista de Materiais',307,500,'Não','Não atende',76,1),(282,'Mesa Supervisão',320,750,'Não','Não atende',77,1),(283,'Posto 1 Desenho Técnico',322,750,'Não','Não atende',77,1),(284,'Posto 2 Desenho Técnico',358,750,'Não','Não atende',77,1),(285,'Posto 3 Laboratório',434,750,'Não','Não atende',77,1),(286,'Posto 4 Laboratório Eletro eletrônico',359,750,'Não','Não atende',77,1),(287,'Posto 5 requisição de peças',432,750,'Não','Não atende',77,1),(288,'Posto 6 Servidor',355,750,'Não','Não atende',77,1),(289,'Posto ar condicionado',500,500,'Sim','Adequado',78,1),(290,'Bancada 1 motores',414,500,'Sim','Não atende',78,1),(291,'Bancada 2 motores',405,500,'Sim','Não atende',78,1),(292,'Bancada 3 morsa',353,500,'Sim','Não atende',78,1),(293,'Bancada parede ponto 1',205,500,'Não','Não atende',78,1),(294,'Bancada parede ponto 2',141,500,'Não','Crítico',78,1),(295,'Bancada 1',388,1000,'Não','Não atende',79,1),(296,'Bancada 2',365,1000,'Não','Não atende',79,1),(297,'Bancada 3',394,1000,'Não','Não atende',79,1),(298,'Bancada Mat Prev. Eletroeletrônica _ 01',288,1000,'Não','Não atende',79,1),(299,'Bancada Mat Prev. Eletroeletrônica _ 02',322,1000,'Não','Não atende',79,1),(300,'Bancada Mat Prev. Eletroeletrônica _ 03',427,1000,'Não','Não atende',79,1),(301,'Bancada Mat Prev. Eletroeletrônica _ 04',399,1000,'Não','Não atende',79,1),(302,'Bancada Mat Prev. Pneum. Calibração _ 1',422,1000,'Não','Não atende',79,1),(303,'Bancada Mat Prev. Pneum. Calibração _ 2',399,1000,'Não','Não atende',79,1),(304,'Bancada Mat Prev. Pneum. Calibração _ 3',471,1000,'Não','Não atende',79,1),(305,'Bancada Mat Prev. Pneum. Calibração _ 4',420,1000,'Não','Não atende',79,1),(306,'Bancada Mat Prev. Eletroeletrônica parede_ 1',331,1000,'Não','Não atende',79,1),(307,'Bancada Mat Prev. Eletroposicionadores',299,1000,'Não','Não atende',79,1),(308,'Supervisorio',419,750,'Não','Não atende',80,1),(309,'Mesa Encarregado',331,750,'Não','Não atende',80,1),(310,'Posto 1 Líder de Manutenção Mecânica',253,500,'Não','Não atende',82,1),(311,'Posto 2 Líder de Moenda',290,500,'Não','Não atende',82,1),(312,'Estação informatizada',206,300,'Não','Não atende',83,1),(313,'Torno Diplomat',641,750,'Sim','Não atende',85,1),(314,'Torno Nardini',431,750,'Não','Não atende',85,1),(315,'Furadeira Diplomat',301,750,'Não','Não atende',85,1),(316,'Plaina',300,750,'Não','Não atende',85,1),(317,'Bancada 1 parede',190,750,'Não','Crítico',85,1),(318,'Bancada 2',550,750,'Sim','Não atende',85,1),(319,'Bancada 3',501,750,'Não','Não atende',85,1),(320,'Bancada 4',396,750,'Não','Não atende',85,1),(321,'Bancada 5',388,750,'Não','Não atende',85,1),(322,'Bancada 6',451,750,'Não','Não atende',85,1),(323,'Esmeril',235,750,'Não','Não atende',85,1),(324,'Esmeril (torno)',335,750,'Não','Não atende',85,1),(325,'Ponto de abastecimento de lubrificante.',891,300,'Sim','Adequado',86,1),(326,'Fermentação e Destilaria',715,500,'Sim','Adequado',87,1),(327,'Tratamento de Caldo',620,500,'Sim','Adequado',87,1),(328,'Moenda',520,500,'Sim','Adequado',87,1),(329,'Geração de Energia',413,500,'Sim','Não atende',87,1),(330,'Caldeira',191,500,'Não','Crítico',87,1),(331,'Estação supervisão',399,500,'Sim','Não atende',87,1),(332,'Estação informatizada',581,500,'Sim','Adequado',88,1),(333,'Bancada do Acucar',875,500,'Sim','Adequado',89,1),(334,'Bancada Moenda e Tratamento de Caldo',878,500,'Sim','Adequado',89,1),(335,'Bancada Soluções e Análises Especiais',890,500,'Sim','Adequado',89,1),(336,'Bancada Fermentação',939,500,'Sim','Adequado',89,1),(337,'Bancada de Águas',1029,500,'Sim','Adequado',89,1),(338,'Estação informatizada',643,500,'Sim','Adequado',90,1),(339,'Posto 1',231,500,'Não','Não atende',91,1),(340,'Posto 2',259,500,'Não','Não atende',91,1),(341,'Posto 3 capela',225,500,'Não','Não atende',91,1),(342,'Capela',336,500,'Não','Não atende',93,1),(343,'Posto Gerente Industrial',341,500,'Não','Não atende',94,1),(344,'Posto Supervisor de Manutenção Mecânica',560,500,'Sim','Adequado',94,1),(345,'Posto Supervisor de Manutenção Elétrica',362,500,'Sim','Não atende',94,1),(346,'Posto Supervisor Automação',381,500,'Sim','Não atende',94,1),(347,'Posto Supervisor de Processos',586,500,'Sim','Adequado',94,1),(348,'Mesa de reunião',478,500,'Sim','Adequado',95,1),(349,'Estação informatizada',577,500,'Sim','Adequado',96,1),(350,'Bancada de analise',310,500,'Não','Não atende',96,1),(351,'Mesa do Lider',227,500,'Não','Não atende',97,1),(352,'Bancada de leitura do Sistema',165,500,'Não','Crítico',97,1),(353,'Posto Entrada',274,500,'Não','Não atende',98,1),(354,'Posto Saída',212,500,'Não','Não atende',98,1),(355,'Mesa Líder',212,500,'Não','Não atende',98,1),(356,'Posto 1 conferência',2035,100,'Sim','Atenção',99,1),(357,'Posto conferência 2',215,100,'Sim','Adequado',99,1),(358,'Posto 1 Analista de Controle Automotivo',207,500,'Não','Não atende',101,1),(359,'Posto 2 Encarregado de Manutenção',207,500,'Não','Não atende',101,1),(360,'Posto 3 Analista de Controle Automotivo',202,500,'Não','Não atende',101,1),(361,'Posto 4 Analista de Controle Automotivo',215,500,'Não','Não atende',101,1),(362,'Posto 5 Analista de Controle Automotivo',247,500,'Não','Não atende',101,1),(363,'Posto 6 Analista de Controle Automotivo',244,500,'Não','Não atende',101,1),(364,'Estação informatizada',185,500,'Não','Crítico',102,1),(365,'Estação informatizada',131,500,'Não','Crítico',103,1),(366,'Torno',619,500,'Sim','Adequado',104,1),(367,'Bancada',276,500,'Não','Não atende',104,1),(368,'Líder de Borracharia',300,500,'Não','Não atende',107,1),(369,'Líder de Manutenção Primária',190,500,'Não','Crítico',107,1),(370,'Posto 1',707,300,'Sim','Adequado',121,1),(371,'Posto 2',523,300,'Sim','Adequado',121,1),(372,'Posto 3',590,300,'Sim','Adequado',121,1),(373,'Bancada de seleção',271,500,'Não','Não atende',123,1),(374,'Forrageira',241,500,'Não','Não atende',123,1),(375,'Estação informatizada 1',280,500,'Não','Não atende',124,1),(376,'Estação informatizada 2',250,500,'Não','Não atende',124,1),(377,'Bancada balança',256,500,'Não','Não atende',124,1),(378,'Bancada refratômetro/ sacarimetro',218,500,'Não','Não atende',124,1),(379,'Bancada Titulação',366,500,'Sim','Não atende',124,1),(380,'Bancada Moinhos',471,500,'Sim','Adequado',125,1),(381,'Posto 1 Auxiliar de Expedição',71,500,'Não','Crítico',126,1),(382,'Posto 2 Lider',107,500,'Não','Crítico',126,1),(383,'Posto 3',106,500,'Não','Crítico',126,1),(384,'Posto Controlador de Trafego',133,500,'Não','Crítico',127,1),(385,'Posto Analista de Serviços Automotivos',146,500,'Não','Crítico',127,1),(387,'Posto',241,500,'Não','Não atende',51,1),(389,'Bancada',210,500,'Não','Não atende',48,1),(390,'Posto 1',543,500,'Sim','Adequado',130,1),(391,'Posto 2',529,500,'Sim','Adequado',130,1),(392,'Posto 3',329,500,'Não','Não atende',130,1),(393,'Posto 1',265,500,'Não','Não atende',132,1),(394,'Posto 2',429,500,'Sim','Não atende',132,1),(395,'Posto 3',525,500,'Sim','Adequado',132,1),(396,'Posto4',454,500,'Sim','Adequado',132,1),(397,'Posto 5',531,500,'Sim','Adequado',132,1),(398,'Posto 6',414,500,'Sim','Não atende',132,1),(399,'Posto 7',579,500,'Sim','Adequado',132,1),(400,'Posto 8',591,500,'Sim','Adequado',132,1),(401,'Posto 9',749,500,'Sim','Adequado',132,1),(402,'Posto 10',452,500,'Sim','Adequado',132,1),(403,'Posto 1',357,200,'Sim','Adequado',133,1),(404,'Posto 2',391,200,'Sim','Adequado',133,1),(405,'Posto 3',285,200,'Sim','Adequado',133,1),(407,'Luiz',371,500,'Sim','Não atende',135,1),(408,'Karol',521,500,'Sim','Adequado',135,1),(409,'Amanda',434,500,'Sim','Não atende',135,1),(410,'Wesley',586,500,'Sim','Adequado',135,1),(411,'Tailaine',565,500,'Sim','Adequado',135,1),(412,'Bruno',466,500,'Sim','Adequado',135,1),(413,'Alexsandro',451,500,'Sim','Adequado',135,1),(414,'Tiago',494,500,'Sim','Adequado',135,1),(415,'Breno',469,500,'Sim','Adequado',135,1),(416,'Jaqueline',556,500,'Sim','Adequado',135,1),(417,'Posto vazio',623,500,'Sim','Adequado',135,1),(418,'Filipe',668,500,'Sim','Adequado',135,1),(419,'Posto vazio',679,500,'Sim','Adequado',135,1),(420,'Camila',780,500,'Sim','Adequado',135,1),(421,'Christian',717,500,'Sim','Adequado',135,1),(422,'Gabriela',765,500,'Sim','Adequado',135,1),(423,'Geraldo',620,500,'Sim','Adequado',135,1),(424,'Posto vazio',760,500,'Sim','Adequado',135,1),(425,'Encarregado de TI',560,300,'Sim','Adequado',136,1),(426,'Analista de Suporte de TI',481,300,'Sim','Adequado',136,1),(427,'Estação Informatizada',202,300,'Não','Não atende',137,1),(428,'Posto 1',243,500,'Não','Não atende',138,1),(429,'Posto 2',338,500,'Não','Não atende',138,1),(430,'Bancada de montagem',483,300,'Sim','Adequado',139,1),(431,'Bancada de montagem',541,300,'Sim','Adequado',139,1),(432,'Bancada de montagem',490,300,'Sim','Adequado',139,1),(433,'Mesa de Teste',353,300,'Sim','Adequado',139,1),(434,'Mesa de Teste',732,300,'Sim','Adequado',139,1),(435,'Posto informatizado',505,100,'Sim','Adequado',140,1),(436,'Ensaque 1',135,300,'Não','Crítico',144,1),(437,'Costura 1',268,300,'Sim','Não atende',144,1),(438,'Ensaque 2',65,300,'Não','Crítico',144,1),(439,'Costurara 2',144,300,'Não','Crítico',144,1),(440,'Ensaque Bag LD',200,300,'Não','Não atende',144,1),(441,'Ensaque LE',84,300,'Não','Crítico',144,1),(442,'Posto informatizado',170,500,'Não','Crítico',145,1),(443,'Posto 01',487,500,'Sim','Adequado',146,1),(444,'Posto 02',515,500,'Sim','Adequado',146,1),(445,'Posto 03',521,500,'Sim','Adequado',146,1),(446,'Posto 04',509,500,'Sim','Adequado',146,1),(447,'Posto 05',495,500,'Sim','Adequado',146,1),(448,'Posto 06',547,500,'Sim','Adequado',146,1),(449,'Posto 07',544,500,'Sim','Adequado',146,1),(450,'Posto 08',562,500,'Sim','Adequado',146,1),(451,'Posto 09',517,500,'Sim','Adequado',146,1),(452,'Posto 10',532,500,'Sim','Adequado',146,1),(453,'Posto 11',517,500,'Sim','Adequado',146,1),(454,'Posto 12',503,500,'Sim','Adequado',146,1),(455,'Posto 01',482,500,'Sim','Adequado',147,1),(456,'Posto 02',487,500,'Sim','Adequado',147,1),(457,'Posto 03',462,500,'Sim','Adequado',147,1),(458,'Posto 04',477,500,'Sim','Adequado',147,1),(459,'Posto 05',493,500,'Sim','Adequado',147,1),(460,'Posto 01',453,500,'Sim','Adequado',148,1),(461,'Posto 01',559,500,'Sim','Adequado',150,1),(462,'Posto 02',667,500,'Sim','Adequado',150,1),(463,'Romilda',254,500,'Não','Não atende',151,1),(464,'Maria Emília',235,500,'Não','Não atende',151,1),(465,'POSTO 1 Sanivea',418,500,'Sim','Não atende',152,1),(466,'POSTO 2 Karine',366,500,'Sim','Não atende',152,1),(467,'POSTO 1 Edna',204,500,'Não','Não atende',153,1),(468,'POSTO 1 Julya',196,500,'Não','Crítico',154,1),(469,'POSTO 2 Marcio',166,500,'Não','Crítico',154,1),(470,'POSTO 3 Antonio',421,500,'Sim','Não atende',154,1),(471,'Alessandro - Posto 1',60,500,'Não','Crítico',162,1),(472,'Falquier - Posto 2',56,500,'Não','Crítico',162,1),(473,'Posto ADM Dhiosy',508,500,'Sim','Adequado',164,1),(474,'Posto ADM Kerlley',391,500,'Sim','Não atende',164,1),(475,'Posto ADM Kênia',309,500,'Não','Não atende',164,1),(476,'Posto ADM Andreza',179,500,'Não','Crítico',164,1),(477,'Posto ADM Kennedy',524,500,'Sim','Adequado',165,1),(478,'Posto ADM Dilsa',671,500,'Sim','Adequado',165,1),(480,'Área da bancada de trabalho',203,300,'Não','Não atende',170,1),(481,'Bancada Linha 01',229,300,'Sim','Não atende',181,1),(482,'Bancada Linha 02',123,300,'Não','Crítico',181,1),(483,'Bancada 01',294,300,'Sim','Adequado',182,1),(484,'Bancada 02',86,300,'Não','Crítico',182,1),(485,'Bancada 03',309,300,'Sim','Adequado',182,1),(486,'Posto Cesar',361,500,'Sim','Não atende',186,1),(487,'Posto 1 Hauwer',178,500,'Não','Crítico',187,1),(488,'Posto 2 Kellisson',220,500,'Não','Não atende',187,1),(489,'Posto 1 Thiago',218,500,'Não','Não atende',188,1),(490,'Posto 2 Kemily',150,500,'Não','Crítico',188,1),(491,'Posto 2 Israel',270,500,'Não','Não atende',186,1),(492,'Posto 1 Isabella',533,500,'Sim','Adequado',189,1),(493,'Posto 1 Carla',265,500,'Não','Não atende',190,1),(494,'Posto 2 Laura',318,500,'Não','Não atende',190,1),(495,'Posto 1 Lélia',530,500,'Sim','Adequado',191,1),(496,'Posto 2 Aline',549,500,'Sim','Adequado',191,1),(497,'Posto 1 Renata',374,500,'Sim','Não atende',192,1),(498,'Posto 1 Dayane',278,500,'Não','Não atende',193,1),(499,'POSTO 1 Silvana',386,500,'Sim','Não atende',194,1),(500,'POSTO 2 Jair',508,500,'Sim','Adequado',194,1),(501,'POSTO 1 Everton',1008,500,'Sim','Adequado',195,1),(502,'POSTO 2 Barbara',367,500,'Sim','Não atende',195,1),(503,'POSTO 1 Maria Eduarda',463,500,'Sim','Adequado',196,1),(504,'POSTO 2 Danilo',503,500,'Sim','Adequado',196,1),(505,'POSTO 3 Gabriela',584,500,'Sim','Adequado',196,1),(506,'POSTO 1 Natan',210,100,'Sim','Adequado',197,1),(507,'POSTO 2 Eliseu',153,100,'Sim','Adequado',197,1),(508,'André',613,500,'Sim','Adequado',201,1),(509,'Diego',491,500,'Sim','Adequado',201,1),(510,'Ailton',452,500,'Sim','Adequado',201,1),(511,'Emerson',655,500,'Sim','Adequado',201,1),(512,'Fernando',455,500,'Sim','Adequado',201,1),(513,'Denis',325,500,'Não','Não atende',202,1),(514,'Raíssa',271,500,'Não','Não atende',202,1),(515,'Luiz',454,500,'Sim','Adequado',203,1),(516,'Karol',695,500,'Sim','Adequado',203,1),(517,'Amanda',570,500,'Sim','Adequado',203,1),(518,'Wesley',875,500,'Sim','Adequado',203,1),(519,'Tailaine',657,500,'Sim','Adequado',203,1),(520,'Bruno',727,500,'Sim','Adequado',203,1),(521,'Alexsandro',559,500,'Sim','Adequado',203,1),(522,'Tiago',582,500,'Sim','Adequado',203,1),(523,'Breno',707,500,'Sim','Adequado',203,1),(524,'Jaqueline',884,500,'Sim','Adequado',203,1),(525,'Posto vazio',679,500,'Sim','Adequado',203,1),(526,'Filipe',584,500,'Sim','Adequado',203,1),(527,'Posto vazio',652,500,'Sim','Adequado',203,1),(528,'Camila',1179,500,'Sim','Adequado',203,1),(529,'Christian',779,500,'Sim','Adequado',203,1),(530,'Geraldo',646,500,'Sim','Adequado',203,1),(531,'Gabriela',1212,500,'Sim','Adequado',203,1),(532,'Posto vazio',845,500,'Sim','Adequado',203,1),(533,'Luana',458,500,'Sim','Adequado',205,1),(534,'Amanda',487,500,'Sim','Adequado',205,1),(535,'João Paulo',503,500,'Sim','Adequado',205,1),(536,'Milene',609,500,'Sim','Adequado',205,1),(537,'Samantha',618,500,'Sim','Adequado',206,1),(538,'Gustavo',659,500,'Sim','Adequado',206,1),(539,'Ana',452,500,'Sim','Adequado',206,1),(540,'Mesa centro',268,500,'Não','Não atende',207,1),(542,'Mesa',385,500,'Sim','Não atende',209,1),(543,'Cabeceira entrada',225,500,'Não','Não atende',211,1),(544,'Cabeceira fundo',221,500,'Não','Não atende',211,1),(545,'Lateral direita',230,500,'Não','Não atende',211,1),(546,'Lateral esquerda',232,500,'Não','Não atende',211,1),(547,'Posto 1 - Instrutor Máquinas Agrícolas',286,500,'Não','Não atende',213,1),(548,'Posto 2 - Inspetor de Transporte',263,500,'Não','Não atende',213,1),(549,'Posto 3 - Assistente Administrativo',190,500,'Não','Crítico',213,1),(550,'Posto 1 - Analista Controle Gerenciais',236,500,'Não','Não atende',214,1),(551,'Posto 2 - Analista de Controle Terceiros',254,500,'Não','Não atende',214,1),(552,'Posto 3 - Assistente Administrativo',236,500,'Não','Não atende',214,1),(553,'Posto 4 - Analista Controle Gerenciais',223,500,'Não','Não atende',214,1),(554,'Posto 5 - Jovem Aprendiz',242,500,'Não','Não atende',214,1),(555,'Posto 6',270,500,'Não','Não atende',214,1),(556,'Posto 7',260,500,'Não','Não atende',214,1),(557,'Posto 8',232,500,'Não','Não atende',214,1),(558,'Neila',585,500,'Sim','Adequado',215,1),(559,'Milene',585,500,'Sim','Adequado',215,1),(560,'Brendha',645,500,'Sim','Adequado',215,1),(561,'Elida',612,500,'Sim','Adequado',215,1),(562,'Rodrigo',711,500,'Sim','Adequado',216,1),(563,'Gustavo',565,500,'Sim','Adequado',216,1),(564,'Islei',533,500,'Sim','Adequado',216,1),(565,'Mariana',589,500,'Sim','Adequado',216,1),(566,'Posto 01 vazio',513,500,'Sim','Adequado',216,1),(567,'Posto 02 vazio',529,500,'Sim','Adequado',216,1),(568,'Fernanda',556,500,'Sim','Adequado',217,1),(569,'Iolanda',591,500,'Sim','Adequado',217,1),(570,'Ana Flávia',531,500,'Sim','Adequado',217,1),(571,'Elen',653,500,'Sim','Adequado',218,1),(572,'Vinicius',596,500,'Sim','Adequado',218,1),(573,'Douglas',621,500,'Sim','Adequado',218,1),(574,'Posto 01',459,500,'Sim','Adequado',219,1),(575,'Posto 02',496,500,'Sim','Adequado',219,1),(576,'Posto 03',493,500,'Sim','Adequado',219,1),(577,'Posto 04',557,500,'Sim','Adequado',219,1),(582,'Posto 01',499,500,'Sim','Adequado',221,1),(583,'Posto 02',554,500,'Sim','Adequado',221,1),(584,'Posto 03',599,500,'Sim','Adequado',221,1),(585,'Posto 04',561,500,'Sim','Adequado',221,1),(590,'Dartanha',464,500,'Sim','Adequado',224,1),(591,'KARINE',1330,500,'Sim','Adequado',225,1),(592,'SANIVIA',1477,500,'Sim','Adequado',225,1),(593,'ELI',1499,500,'Sim','Adequado',225,1),(594,'EDNA',538,500,'Sim','Adequado',226,1),(595,'POSTO',576,500,'Sim','Adequado',226,1),(596,'THAIS',890,500,'Sim','Adequado',227,1),(597,'ANTONIO',1144,500,'Sim','Adequado',227,1),(598,'MÁRCIO',1039,500,'Sim','Adequado',227,1),(600,'Posto 2 Kellisson',555,500,'Sim','Adequado',228,1),(601,'Posto 1 Hauwer',450,500,'Sim','Adequado',228,1),(602,'William',880,500,'Sim','Adequado',229,1),(603,'Daniela',860,500,'Sim','Adequado',229,1),(604,'Tâmera',628,500,'Sim','Adequado',229,1),(605,'Rodrigo',508,500,'Sim','Adequado',230,1),(606,'Dario',494,500,'Sim','Adequado',230,1),(607,'João',553,500,'Sim','Adequado',230,1),(608,'Alyne',450,500,'Sim','Adequado',230,1),(609,'Lauane',597,500,'Sim','Adequado',231,1),(610,'Josiane',756,500,'Sim','Adequado',232,1),(611,'Lazaro',484,500,'Sim','Adequado',232,1),(612,'Nilson',514,500,'Sim','Adequado',233,1),(613,'Waldemir',312,500,'Não','Não atende',234,1),(614,'Julho',255,500,'Não','Não atende',234,1),(615,'Antonio',399,500,'Sim','Não atende',234,1),(616,'Adelson',513,500,'Sim','Adequado',235,1),(617,'Waldir',483,500,'Sim','Adequado',235,1),(618,'Lucas',484,500,'Sim','Adequado',236,1),(619,'Jose',474,500,'Sim','Adequado',236,1),(620,'Victor',416,500,'Sim','Não atende',236,1),(621,'Miguel',357,100,'Sim','Adequado',237,1),(622,'Eduarda',307,100,'Sim','Adequado',237,1),(623,'Gustavo',621,500,'Sim','Adequado',238,1),(624,'João',1122,500,'Sim','Adequado',239,1),(625,'Murilo',727,500,'Sim','Adequado',239,1),(626,'Jonathan',297,500,'Não','Não atende',240,1),(627,'Junior',659,500,'Sim','Adequado',241,1),(628,'Donizete',573,500,'Sim','Adequado',241,1),(629,'Gabriel Henrique',901,500,'Sim','Adequado',242,1),(630,'Vitor',872,500,'Sim','Adequado',242,1),(631,'Cesar',781,500,'Sim','Adequado',243,1),(632,'Israel',572,500,'Sim','Adequado',243,1),(633,'Alessandra',496,500,'Sim','Adequado',244,1),(634,'Laura',560,500,'Sim','Adequado',244,1),(635,'Kemily',775,500,'Sim','Adequado',245,1),(636,'João Pedro',676,500,'Sim','Adequado',245,1),(637,'Posto ADM 01',561,500,'Sim','Adequado',247,1),(638,'Posto ADM 02',838,500,'Sim','Adequado',247,1),(639,'Posto ADM 03',795,500,'Sim','Adequado',247,1),(640,'Posto ADM 04',771,500,'Sim','Adequado',247,1),(641,'Posto ADM 05',831,500,'Sim','Adequado',247,1),(642,'Posto ADM 06',638,500,'Sim','Adequado',247,1),(643,'Posto ADM 01',690,500,'Sim','Adequado',248,1),(644,'Posto ADM 01',239,500,'Não','Não atende',249,1),(645,'Posto ADM 02',135,500,'Não','Crítico',249,1),(646,'Posto ADM 01',435,500,'Sim','Não atende',250,1),(647,'Posto ADM 02',340,500,'Não','Não atende',250,1),(648,'Posto ADM 03',372,500,'Sim','Não atende',250,1),(649,'Posto ADM 04',381,500,'Sim','Não atende',250,1),(650,'Posto ADM 04',365,500,'Sim','Não atende',250,1),(651,'Posto ADM 05',451,500,'Sim','Adequado',250,1),(652,'Posto ADM 06',488,500,'Sim','Adequado',250,1),(653,'Posto ADM 07',326,500,'Não','Não atende',250,1),(654,'Posto ADM 08',390,500,'Sim','Não atende',250,1),(655,'Posto ADM 01',152,500,'Não','Crítico',252,1),(656,'Posto ADM 02',157,500,'Não','Crítico',252,1),(657,'Posto ADM 03',223,500,'Não','Não atende',252,1),(658,'Posto ADM 04',264,500,'Não','Não atende',252,1),(659,'Posto ADM 05',317,500,'Não','Não atende',252,1),(660,'Posto ADM 06',339,500,'Não','Não atende',252,1),(661,'Posto ADM 07',274,500,'Não','Não atende',252,1),(662,'Posto ADM 08',279,500,'Não','Não atende',252,1),(663,'Posto ADM 09',349,500,'Não','Não atende',252,1),(664,'Posto ADM 10',420,500,'Sim','Não atende',252,1),(665,'Posto ADM 11',335,500,'Não','Não atende',252,1),(666,'Posto ADM 01',675,500,'Sim','Adequado',260,1),(667,'Posto ADM 02',621,500,'Sim','Adequado',260,1),(668,'Posto ADM 03',691,500,'Sim','Adequado',260,1),(669,'Posto ADM 04',735,500,'Sim','Adequado',260,1),(670,'Posto ADM 05',702,500,'Sim','Adequado',260,1),(671,'Posto ADM 06',707,500,'Sim','Adequado',260,1),(672,'Posto ADM 07',739,500,'Sim','Adequado',260,1),(673,'Posto ADM 08',684,500,'Sim','Adequado',260,1),(674,'Posto ADM 09',623,500,'Sim','Adequado',260,1),(675,'Posto ADM 10',681,500,'Sim','Adequado',260,1),(676,'Posto ADM 11',512,500,'Sim','Adequado',260,1),(677,'Posto ADM 12',588,500,'Sim','Adequado',260,1),(678,'Posto ADM 13',717,500,'Sim','Adequado',260,1),(679,'Posto ADM 14',706,500,'Sim','Adequado',260,1),(680,'Posto ADM 15',624,500,'Sim','Adequado',260,1),(681,'Posto ADM 16',623,500,'Sim','Adequado',260,1),(682,'Posto ADM 17',745,500,'Sim','Adequado',260,1),(683,'Posto ADM 18',817,500,'Sim','Adequado',260,1),(684,'Posto ADM 19',706,500,'Sim','Adequado',260,1),(685,'Posto ADM 20',736,500,'Sim','Adequado',260,1),(686,'Posto ADM 21',609,500,'Sim','Adequado',260,1),(687,'Posto ADM 22',593,500,'Sim','Adequado',260,1),(688,'Posto ADM 23',665,500,'Sim','Adequado',260,1),(689,'Posto ADM 24',699,500,'Sim','Adequado',260,1),(690,'Posto ADM 25',711,500,'Sim','Adequado',260,1),(691,'Posto ADM 26',754,500,'Sim','Adequado',260,1),(692,'Posto ADM 27',643,500,'Sim','Adequado',260,1),(693,'Posto ADM 28',667,500,'Sim','Adequado',260,1),(694,'Posto ADM 29',657,500,'Sim','Adequado',260,1),(695,'Posto ADM 30',630,500,'Sim','Adequado',260,1),(696,'Posto ADM 31',609,500,'Sim','Adequado',260,1),(697,'Posto ADM 32',617,500,'Sim','Adequado',260,1),(698,'Posto ADM 33',668,500,'Sim','Adequado',260,1),(699,'Posto ADM 34',678,500,'Sim','Adequado',260,1),(700,'Posto ADM 35',545,500,'Sim','Adequado',260,1),(701,'Posto ADM 36',584,500,'Sim','Adequado',260,1),(702,'Posto ADM 37',702,500,'Sim','Adequado',260,1),(703,'Posto ADM 38',704,500,'Sim','Adequado',260,1),(704,'Posto ADM 39',611,500,'Sim','Adequado',260,1),(705,'Posto ADM 40',549,500,'Sim','Adequado',260,1),(706,'Posto ADM 41',639,500,'Sim','Adequado',260,1),(707,'Posto ADM 42',689,500,'Sim','Adequado',260,1),(708,'Posto ADM 43',654,500,'Sim','Adequado',260,1),(709,'Posto ADM 44',650,500,'Sim','Adequado',260,1),(710,'Posto ADM 45',572,500,'Sim','Adequado',260,1),(711,'Posto ADM 46',617,500,'Sim','Adequado',260,1),(712,'Posto ADM 47',568,500,'Sim','Adequado',260,1),(713,'Posto ADM 48',607,500,'Sim','Adequado',260,1),(714,'Posto ADM 49',610,500,'Sim','Adequado',260,1),(715,'Posto ADM 50',588,500,'Sim','Adequado',260,1),(716,'Posto ADM 51',654,500,'Sim','Adequado',260,1),(717,'Posto ADM 52',653,500,'Sim','Adequado',260,1),(718,'Posto ADM 53',655,500,'Sim','Adequado',260,1),(719,'Posto ADM 54',728,500,'Sim','Adequado',260,1),(720,'Posto ADM 55',674,500,'Sim','Adequado',260,1),(721,'Posto ADM 56',654,500,'Sim','Adequado',260,1),(722,'Posto ADM 57',690,500,'Sim','Adequado',260,1),(723,'Posto ADM 58',741,500,'Sim','Adequado',260,1),(724,'Posto ADM 59',689,500,'Sim','Adequado',260,1),(725,'Posto ADM 60',619,500,'Sim','Adequado',260,1),(726,'Posto ADM 61',452,500,'Sim','Adequado',260,1),(727,'Posto ADM 62',533,500,'Sim','Adequado',260,1),(728,'Posto ADM 63',587,500,'Sim','Adequado',260,1),(729,'Posto ADM 65',559,500,'Sim','Adequado',260,1),(730,'Posto ADM 66',590,500,'Sim','Adequado',260,1),(731,'Posto ADM 67',638,500,'Sim','Adequado',260,1),(732,'Posto ADM 68',662,500,'Sim','Adequado',260,1),(733,'Posto ADM 69',564,500,'Sim','Adequado',260,1),(734,'Posto ADM 70',663,500,'Sim','Adequado',260,1),(735,'Posto ADM 71',539,500,'Sim','Adequado',260,1),(736,'Posto ADM 72',623,500,'Sim','Adequado',260,1),(737,'Posto ADM 73',504,500,'Sim','Adequado',260,1),(738,'Posto ADM 74',531,500,'Sim','Adequado',260,1),(739,'Posto ADM 75',671,500,'Sim','Adequado',260,1),(740,'Posto ADM 76',475,500,'Sim','Adequado',260,1),(741,'Posto ADM 77',536,500,'Sim','Adequado',260,1),(742,'Posto ADM 78',679,500,'Sim','Adequado',260,1),(743,'Posto ADM 79',671,500,'Sim','Adequado',260,1),(744,'Posto ADM 80',675,500,'Sim','Adequado',260,1),(745,'Posto ADM 81',584,500,'Sim','Adequado',260,1),(746,'Posto ADM 82',623,500,'Sim','Adequado',260,1),(747,'Posto ADM 83',503,500,'Sim','Adequado',260,1),(748,'Posto ADM 84',642,500,'Sim','Adequado',260,1),(749,'Posto ADM 85',582,500,'Sim','Adequado',260,1),(750,'Posto ADM 86',627,500,'Sim','Adequado',260,1),(751,'Posto ADM 87',703,500,'Sim','Adequado',260,1),(752,'Posto ADM 88',626,500,'Sim','Adequado',260,1),(753,'Posto ADM 89',564,500,'Sim','Adequado',260,1),(754,'Mesa de Reunião',476,500,'Sim','Adequado',261,1),(755,'Mesa de Reunião',511,500,'Sim','Adequado',262,1),(756,'Mesa de Reunião',515,500,'Sim','Adequado',263,1),(757,'Mesa de Reunião',581,500,'Sim','Adequado',264,1),(758,'Posto ADM',275,300,'Sim','Adequado',265,1),(759,'Posto 1',369,500,'Sim','Não atende',266,1),(760,'Posto 2',221,500,'Não','Não atende',266,1),(761,'Posto 3',242,500,'Não','Não atende',266,1),(762,'Posto 1',130,500,'Não','Crítico',267,1),(763,'Posto 2',152,500,'Não','Crítico',267,1),(764,'Posto 1',328,500,'Não','Não atende',268,1),(765,'Posto 2',256,500,'Não','Não atende',268,1),(766,'Posto 3',188,500,'Não','Crítico',268,1),(767,'Posto 4',209,500,'Não','Não atende',268,1),(768,'Posto 1',312,500,'Não','Não atende',269,1),(769,'Posto 2',287,500,'Não','Não atende',269,1),(770,'Posto 3',441,500,'Sim','Não atende',269,1),(771,'Posto ADM 01',662,500,'Sim','Adequado',270,1),(772,'Posto ADM 02',633,500,'Sim','Adequado',270,1),(773,'Posto ADM 03',631,500,'Sim','Adequado',270,1),(774,'Posto ADM 04',635,500,'Sim','Adequado',270,1),(775,'Posto ADM 05',608,500,'Sim','Adequado',270,1),(776,'Posto ADM 06',652,500,'Sim','Adequado',270,1),(777,'Posto ADM 01',662,500,'Sim','Adequado',271,1),(778,'Posto ADM 02',633,500,'Sim','Adequado',271,1),(779,'Posto ADM 03',631,500,'Sim','Adequado',271,1),(780,'Posto ADM 04',635,500,'Sim','Adequado',271,1),(781,'Posto ADM 05',608,500,'Sim','Adequado',271,1),(782,'Posto ADM 06',652,500,'Sim','Adequado',271,1),(783,'Mesa de reunião',585,500,'Sim','Adequado',272,1),(784,'Posto ADM 01',784,500,'Sim','Adequado',273,1),(785,'Posto ADM 02',682,500,'Sim','Adequado',273,1),(786,'Posto ADM 03',767,500,'Sim','Adequado',273,1),(787,'Posto ADM 04',885,500,'Sim','Adequado',273,1),(788,'Posto ADM 05',679,500,'Sim','Adequado',273,1),(789,'Posto ADM 06',637,500,'Sim','Adequado',273,1),(790,'Posto ADM 07',756,500,'Sim','Adequado',273,1),(791,'Posto ADM 08',871,500,'Sim','Adequado',273,1),(792,'Posto ADM 09',861,500,'Sim','Adequado',273,1),(793,'Posto ADM 10',805,500,'Sim','Adequado',273,1),(794,'Posto ADM 11',679,500,'Sim','Adequado',273,1),(795,'Posto ADM 12',835,500,'Sim','Adequado',273,1),(796,'Posto ADM 13',693,500,'Sim','Adequado',273,1),(797,'Posto ADM 14',688,500,'Sim','Adequado',273,1),(798,'Posto ADM 15',596,500,'Sim','Adequado',273,1),(799,'Posto ADM 16',709,500,'Sim','Adequado',273,1),(800,'Posto ADM 17',689,500,'Sim','Adequado',273,1),(801,'Posto ADM 18',751,500,'Sim','Adequado',273,1),(802,'Posto ADM 19',722,500,'Sim','Adequado',273,1),(803,'Posto ADM 20',631,500,'Sim','Adequado',273,1),(804,'Posto ADM 01',546,500,'Sim','Adequado',274,1),(805,'Posto ADM 02',583,500,'Sim','Adequado',274,1),(806,'Posto ADM 03',498,500,'Sim','Adequado',274,1),(807,'Posto ADM 04',501,500,'Sim','Adequado',274,1),(808,'Posto ADM 05',505,500,'Sim','Adequado',274,1),(809,'Posto ADM 06',508,500,'Sim','Adequado',274,1),(810,'Posto ADM 01',742,500,'Sim','Adequado',276,1),(811,'Posto ADM 02',958,500,'Sim','Adequado',276,1),(812,'Posto ADM 03',966,500,'Sim','Adequado',276,1),(813,'Posto ADM 04',770,500,'Sim','Adequado',276,1),(814,'Posto ADM 01',841,100,'Sim','Adequado',277,1),(815,'Corredor 01',390,100,'Sim','Adequado',277,1),(816,'Corredor 02',51,100,'Não','Não atende',277,1),(817,'Corredor 03',313,100,'Sim','Adequado',277,1),(834,'Katia',1104,500,'Sim','Adequado',283,1),(835,'Bruna',1174,500,'Sim','Adequado',283,1),(836,'Leandro',1617,500,'Sim','Atenção',283,1),(837,'André',1561,500,'Sim','Atenção',283,1),(838,'Rafael',1425,500,'Sim','Adequado',283,1),(839,'Ricardo',1236,500,'Sim','Adequado',283,1),(840,'Larissa',1397,500,'Sim','Adequado',284,1),(841,'Paulo',992,500,'Sim','Adequado',284,1),(842,'Ester',1758,500,'Sim','Atenção',284,1),(843,'Claudio',2020,500,'Sim','Atenção',284,1),(844,'João Pedro',1688,500,'Sim','Atenção',284,1),(845,'Matheus',1335,500,'Sim','Adequado',284,1),(848,'sad',123,100,'Sim','Adequado',288,1),(849,'123',123,100,'Sim','Adequado',288,1),(850,'3123',3123,100,'Sim','Atenção',288,1),(851,'12312',32,100,'Não','Não atende',288,1),(852,'5',123,100,'Sim','Adequado',288,1),(853,'qweqw',32,100,'Não','Não atende',288,1),(854,'4354',3243,100,'Sim','Atenção',288,1),(855,'8',123123,100,'Sim','Atenção',288,1),(856,'9',123,100,'Sim','Adequado',288,1),(857,'10',123,100,'Sim','Adequado',288,1),(858,'11',233,100,'Sim','Adequado',288,1),(859,'12',3231,100,'Sim','Atenção',288,1),(860,'13',133,100,'Sim','Adequado',288,1),(861,'14',123,100,'Sim','Adequado',288,1),(862,'15',12343,100,'Sim','Atenção',288,1),(863,'16',324,100,'Sim','Adequado',288,1),(864,'17',322,100,'Sim','Adequado',288,1),(865,'18',183,100,'Sim','Adequado',288,1),(866,'19',123,100,'Sim','Adequado',288,1),(867,'20',3123,100,'Sim','Atenção',288,1),(868,'Qualidade Assegurada - Gisele',1688,500,'Sim','Atenção',287,1),(869,'Qualidade Assegurada - Ana Laura',1807,500,'Sim','Atenção',287,1),(870,'Qualidade Assegurada - Vinicius',1294,500,'Sim','Adequado',287,1),(871,'Qualidade Assegurada - Milena',1302,500,'Sim','Adequado',287,1),(872,'Compras - Edvaldo',1650,500,'Sim','Atenção',287,1),(873,'Compras - Luis',1787,500,'Sim','Atenção',287,1),(874,'Compras - Flávia',1254,500,'Sim','Adequado',287,1),(875,'Compras - Caique',1391,500,'Sim','Adequado',287,1),(876,'Controladoria - Rodrigo',1844,500,'Sim','Atenção',287,1),(877,'Controladoria - Gabriela',1883,500,'Sim','Atenção',287,1),(878,'Logística / TI - Edgar',1207,500,'Sim','Adequado',287,1),(879,'RH - Ana Paula',1901,500,'Sim','Atenção',287,1),(880,'RH - Maria Eduarda',1627,500,'Sim','Atenção',287,1),(881,'Produção - Maick',1659,500,'Sim','Atenção',287,1),(882,'Produção - Marco',1614,500,'Sim','Atenção',287,1),(883,'Produção - Ana Júlia',1664,500,'Sim','Atenção',287,1),(884,'Qualidade Assegurada - Gisele',1688,500,'Sim','Atenção',287,1),(885,'Qualidade Assegurada - Ana Laura',1807,500,'Sim','Atenção',287,1),(886,'Qualidade Assegurada - Vinicius',1294,500,'Sim','Adequado',287,1),(887,'Qualidade Assegurada - Milena',1302,500,'Sim','Adequado',287,1),(888,'Compras - Edvaldo',1650,500,'Sim','Atenção',287,1),(889,'Compras - Luis',1787,500,'Sim','Atenção',287,1),(890,'Compras - Flávia',1254,500,'Sim','Adequado',287,1),(891,'Compras - Caique',1391,500,'Sim','Adequado',287,1),(892,'Controladoria - Rodrigo',1844,500,'Sim','Atenção',287,1),(893,'Controladoria - Gabriela',1883,500,'Sim','Atenção',287,1),(894,'Logística / TI - Edgar',1207,500,'Sim','Adequado',287,1),(895,'RH - Ana Paula',1901,500,'Sim','Atenção',287,1),(896,'RH - Maria Eduarda',1627,500,'Sim','Atenção',287,1),(897,'Produção - Maick',1659,500,'Sim','Atenção',287,1),(898,'Produção - Marco',1614,500,'Sim','Atenção',287,1),(899,'Produção - Ana Júlia',1664,500,'Sim','Atenção',287,1),(900,'Bancada 1',1323,500,'Sim','Adequado',290,1),(901,'Bancada 2',1487,500,'Sim','Adequado',290,1),(902,'Bancada 3',1437,500,'Sim','Adequado',290,1),(903,'Computador 1',674,500,'Sim','Adequado',290,1),(904,'Computador 2',561,500,'Sim','Adequado',290,1),(905,'Ronaldo',889,500,'Sim','Adequado',291,1),(906,'Gabrieli',601,500,'Sim','Adequado',291,1),(907,'Ana',623,500,'Sim','Adequado',291,1),(908,'Maria Eduarda',987,500,'Sim','Adequado',291,1),(909,'Gabriela',975,500,'Sim','Adequado',291,1),(910,'Mara Eduarda Bistochi',541,500,'Sim','Adequado',291,1),(911,'Lucas',451,500,'Sim','Adequado',291,1),(912,'Joyce',667,500,'Sim','Adequado',291,1),(913,'Lúzio',459,500,'Sim','Adequado',291,1),(914,'Angela',582,500,'Sim','Adequado',291,1),(915,'Ronaldo',889,500,'Sim','Adequado',292,1),(916,'Gabrieli',601,500,'Sim','Adequado',292,1),(917,'Ana',623,500,'Sim','Adequado',292,1),(918,'Maria Eduarda',987,500,'Sim','Adequado',292,1),(919,'Gabriela',975,500,'Sim','Adequado',292,1),(920,'Mara Eduarda Bistochi',541,500,'Sim','Adequado',292,1),(921,'Lucas',451,500,'Sim','Adequado',292,1),(922,'Joyce',667,500,'Sim','Adequado',292,1),(923,'Lúzio',459,500,'Sim','Adequado',292,1),(924,'Angela',582,500,'Sim','Adequado',292,1),(925,'Computador 1',1226,500,'Sim','Adequado',293,1),(926,'Computador 2',915,500,'Sim','Adequado',293,1),(927,'Computador 1',804,500,'Sim','Adequado',295,1),(928,'Computador 2',721,500,'Sim','Adequado',295,1),(929,'Luiz',745,500,'Sim','Adequado',297,1),(930,'Maria',832,500,'Sim','Adequado',299,1),(931,'William',565,500,'Sim','Adequado',299,1),(932,'Leticia',876,500,'Sim','Adequado',299,1),(933,'Gustavo',570,500,'Sim','Adequado',299,1),(938,'Letícia de Araújo Barros',218,500,'Não','Não atende',301,1),(939,'Ricardo Henrique',436,500,'Sim','Não atende',301,1),(940,'Vitória',385,500,'Sim','Não atende',301,1),(941,'Leonardo Oliveira',318,500,'Não','Não atende',301,1),(942,'Bruno',247,500,'Não','Não atende',301,1),(943,'Rafael',198,500,'Não','Crítico',301,1),(944,'Mayra',359,500,'Sim','Não atende',301,1),(945,'Gabriela',270,500,'Não','Não atende',301,1),(946,'Nicolas',345,500,'Não','Não atende',301,1),(947,'Jader',236,500,'Não','Não atende',301,1),(948,'Douglas Cesar',894,500,'Sim','Adequado',302,1),(949,'André',571,500,'Sim','Adequado',302,1),(950,'Yan',708,500,'Sim','Adequado',302,1),(951,'Mariane',513,500,'Sim','Adequado',302,1),(952,'Leonardo',576,500,'Sim','Adequado',302,1),(953,'Rodrigo',354,500,'Sim','Não atende',302,1),(954,'Letícia',853,500,'Sim','Adequado',302,1),(955,'Julia',536,500,'Sim','Adequado',302,1),(956,'Mesa operador',803,500,'Sim','Adequado',302,1),(957,'Erick',450,500,'Sim','Adequado',302,1),(958,'Robson',307,500,'Não','Não atende',303,1);
/*!40000 ALTER TABLE `automacao_rel_luminancia_posto` ENABLE KEYS */;
UNLOCK TABLES;

--
-- Table structure for table `automacao_rel_luminancia_relatorioluminancia`
--

DROP TABLE IF EXISTS `automacao_rel_luminancia_relatorioluminancia`;
/*!40101 SET @saved_cs_client     = @@character_set_client */;
/*!50503 SET character_set_client = utf8mb4 */;
CREATE TABLE `automacao_rel_luminancia_relatorioluminancia` (
  `id` bigint NOT NULL AUTO_INCREMENT,
  `data_elaboracao` date NOT NULL,
  `data_criacao` date NOT NULL,
  `equipamento_id` bigint DEFAULT NULL,
  `cliente_id` bigint NOT NULL,
  `inquilino_id` bigint NOT NULL,
  `user_criador_id` int NOT NULL,
  `user_modificador_id` int DEFAULT NULL,
  `data_modificacao` date NOT NULL,
  `gestor_nome` varchar(255) DEFAULT NULL,
  `gestor_email` varchar(255) DEFAULT NULL,
  `gestor_cargo` varchar(255) DEFAULT NULL,
  PRIMARY KEY (`id`),
  KEY `automacao_rel_lumina_cliente_id_fdb25925_fk_clientes_` (`cliente_id`),
  KEY `automacao_rel_lumina_inquilino_id_04f29740_fk_contas_in` (`inquilino_id`),
  KEY `automacao_rel_lumina_user_criador_id_c848e0eb_fk_auth_user` (`user_criador_id`),
  KEY `automacao_rel_lumina_equipamento_id_0f50004d_fk_equipamen` (`equipamento_id`),
  KEY `automacao_rel_lumina_user_modificador_id_21e40060_fk_auth_user` (`user_modificador_id`),
  CONSTRAINT `automacao_rel_lumina_cliente_id_fdb25925_fk_clientes_` FOREIGN KEY (`cliente_id`) REFERENCES `clientes_cliente` (`id`),
  CONSTRAINT `automacao_rel_lumina_equipamento_id_0f50004d_fk_equipamen` FOREIGN KEY (`equipamento_id`) REFERENCES `equipamentos_equipamento` (`id`),
  CONSTRAINT `automacao_rel_lumina_inquilino_id_04f29740_fk_contas_in` FOREIGN KEY (`inquilino_id`) REFERENCES `contas_inquilino` (`id`),
  CONSTRAINT `automacao_rel_lumina_user_criador_id_c848e0eb_fk_auth_user` FOREIGN KEY (`user_criador_id`) REFERENCES `auth_user` (`id`),
  CONSTRAINT `automacao_rel_lumina_user_modificador_id_21e40060_fk_auth_user` FOREIGN KEY (`user_modificador_id`) REFERENCES `auth_user` (`id`)
) ENGINE=InnoDB AUTO_INCREMENT=38 DEFAULT CHARSET=utf8mb3;
/*!40101 SET character_set_client = @saved_cs_client */;

--
-- Dumping data for table `automacao_rel_luminancia_relatorioluminancia`
--

LOCK TABLES `automacao_rel_luminancia_relatorioluminancia` WRITE;
/*!40000 ALTER TABLE `automacao_rel_luminancia_relatorioluminancia` DISABLE KEYS */;
INSERT INTO `automacao_rel_luminancia_relatorioluminancia` VALUES (2,'2024-11-01','2025-02-12',2,4,1,2,2,'2025-07-15',NULL,NULL,NULL),(4,'2025-01-13','2025-02-12',2,5,1,2,NULL,'2025-07-15',NULL,NULL,NULL),(5,'2024-10-30','2025-02-12',2,3,1,2,2,'2025-07-17',NULL,NULL,NULL),(7,'2025-02-18','2025-02-18',NULL,7,5,8,NULL,'2025-05-06',NULL,NULL,NULL),(10,'2025-02-27','2025-02-27',2,6,1,3,NULL,'2025-08-20',NULL,NULL,NULL),(12,'2025-03-18','2025-03-18',1,8,1,9,2,'2025-07-15',NULL,NULL,NULL),(13,'2025-04-10','2025-04-10',1,10,1,3,3,'2025-07-16',NULL,NULL,NULL),(15,'2025-05-12','2025-05-12',2,5,1,2,NULL,'2025-07-15',NULL,NULL,NULL),(16,'2025-05-17','2025-05-17',1,16,1,2,2,'2025-07-15',NULL,NULL,NULL),(17,'2025-05-22','2025-05-22',2,12,1,2,3,'2025-07-16',NULL,NULL,NULL),(18,'2025-05-22','2025-05-22',2,13,1,3,3,'2025-07-16',NULL,NULL,NULL),(19,'2025-06-03','2025-06-03',2,17,1,3,NULL,'2025-07-16',NULL,NULL,NULL),(22,'2025-06-12','2025-06-12',1,4,1,2,2,'2025-06-16',NULL,NULL,NULL),(24,'2025-06-24','2025-06-24',2,18,1,3,3,'2025-07-16',NULL,NULL,NULL),(25,'2025-06-26','2025-06-26',2,19,1,3,3,'2025-07-16',NULL,NULL,NULL),(26,'2025-06-30','2025-06-30',2,5,1,2,2,'2025-07-15',NULL,NULL,NULL),(27,'2025-07-14','2025-07-14',2,5,1,2,2,'2025-07-15',NULL,NULL,NULL),(28,'2025-07-16','2025-07-16',1,13,1,3,3,'2025-07-29',NULL,NULL,NULL),(29,'2025-05-08','2025-07-25',1,16,1,2,2,'2025-07-25',NULL,NULL,NULL),(30,'2025-07-29','2025-07-29',1,18,1,3,3,'2025-08-29',NULL,NULL,NULL),(31,'2025-08-11','2025-08-11',1,20,1,3,3,'2025-08-20',NULL,NULL,NULL),(32,'2025-08-28','2025-08-28',1,18,1,3,3,'2025-08-29',NULL,NULL,NULL),(33,'2025-09-05','2025-09-05',1,18,1,3,3,'2025-09-11',NULL,NULL,NULL),(34,'2025-09-11','2025-09-11',2,4,1,2,2,'2025-09-18',NULL,NULL,NULL),(35,'2025-09-11','2025-09-11',1,22,1,3,3,'2025-09-11',NULL,NULL,NULL),(36,'2025-09-30','2025-09-29',1,21,1,3,3,'2025-09-30',NULL,NULL,NULL),(37,'2025-10-13','2025-10-13',1,23,1,3,3,'2025-10-13',NULL,NULL,NULL);
/*!40000 ALTER TABLE `automacao_rel_luminancia_relatorioluminancia` ENABLE KEYS */;
UNLOCK TABLES;

--
-- Table structure for table `automacao_rel_luminancia_tipoambiente`
--

DROP TABLE IF EXISTS `automacao_rel_luminancia_tipoambiente`;
/*!40101 SET @saved_cs_client     = @@character_set_client */;
/*!50503 SET character_set_client = utf8mb4 */;
CREATE TABLE `automacao_rel_luminancia_tipoambiente` (
  `id` bigint NOT NULL AUTO_INCREMENT,
  `tipo_ambiente` varchar(255) DEFAULT NULL,
  `E_lux` int DEFAULT NULL,
  `IRC_RA` int DEFAULT NULL,
  `observacao` longtext NOT NULL,
  PRIMARY KEY (`id`)
) ENGINE=InnoDB AUTO_INCREMENT=229 DEFAULT CHARSET=utf8mb3;
/*!40101 SET character_set_client = @saved_cs_client */;

--
-- Dumping data for table `automacao_rel_luminancia_tipoambiente`
--

LOCK TABLES `automacao_rel_luminancia_tipoambiente` WRITE;
/*!40000 ALTER TABLE `automacao_rel_luminancia_tipoambiente` DISABLE KEYS */;
INSERT INTO `automacao_rel_luminancia_tipoambiente` VALUES (1,'1. Áreas gerais da edificação: Saguão de entrada',100,60,''),(2,'1. Áreas gerais da edificação: Sala de espera',200,80,''),(3,'1. Áreas gerais da edificação: Área de circulação e corredor',100,40,'Nas entradas e saídas, estabelecer uma zona de transição para evitar mudanças bruscas.'),(4,'1. Áreas gerais da edificação: Escada, escada rolante e esteira rolante',150,40,''),(5,'1. Áreas gerais da edificação: Rampa de carregamento',150,40,''),(6,'1. Áreas gerais da edificação: Refeitório e cantina',200,80,''),(7,'1. Áreas gerais da edificação: Sala de descanso',100,80,''),(8,'1. Áreas gerais da edificação: Sala para exercícios físicos',300,80,''),(9,'1. Áreas gerais da edificação: Vestiário, banheiro e toalete',200,80,''),(10,'1. Áreas gerais da edificação: Enfermaria',500,80,''),(11,'1. Áreas gerais da edificação: Sala para atendimento médico',500,90,'Tcp mínimo de 4.000 K.'),(12,'1. Áreas gerais da edificação: Estufa e sala dos disjuntores',200,60,''),(13,'1. Áreas gerais da edificação: Correios e quadro de distribuição',500,80,''),(14,'1. Áreas gerais da edificação: Depósito, estoque e câmara fria',100,60,'200 lux se forem continuamente ocupados.'),(15,'1. Áreas gerais da edificação: Expedição',300,60,''),(16,'1. Áreas gerais da edificação: Estação de controle',150,60,'200 lux se forem continuamente ocupados.'),(17,'2. Edificações na agricultura: Carregamento e operação de mercadorias, equipamentos de manuseio e máquinas',200,80,''),(18,'2. Edificações na agricultura: Estábulo',50,40,''),(19,'2. Edificações na agricultura: Cercado para animais doentes e baia para parto de animais',200,80,''),(20,'2. Edificações na agricultura: Preparação de alimentos, leiteira e lavagem de utensílios',200,80,''),(21,'3. Padarias: Preparação e fornada',300,80,''),(22,'3. Padarias: Acabamento e decoração',500,80,''),(23,'4. Cimento, concreto e indústria de tijolos: Secagem',50,20,'As cores de segurança devem ser reconhecíveis.'),(24,'4. Cimento, concreto e indústria de tijolos: Preparação dos materiais, trabalhos nos fornos e misturadores',200,40,''),(25,'4. Cimento, concreto e indústria de tijolos: Trabalhos em máquinas em geral',300,80,'Vide nota 1.'),(26,'4. Cimento, concreto e indústria de tijolos: Formas brutas',300,80,'Vide nota 1.'),(27,'5. Indústrias de cerâmica e vidro: Secagem',50,20,''),(28,'5. Indústrias de cerâmica e vidro: Preparação e trabalho em máquinas em geral',300,80,'Vide nota 1.'),(29,'5. Indústrias de cerâmica e vidro: Esmaltagem, laminação, compressão, moldagem de peças simples, vitrificação e sopragem do vidro',300,80,'Vide nota 1.'),(30,'5. Indústrias de cerâmica e vidro: Polimento, moagem, gravação, polimento do vidro, moldagem de peças de precisão e fabricação de instrumentos de vidro',750,80,'Vide nota 1.'),(31,'5. Indústrias de cerâmica e vidro: Trabalho decorativo',500,80,''),(32,'5. Indústrias de cerâmica e vidro: Polimento de vidro ótico, polimento manual e gravação de cristais e trabalho em mercadorias comuns',750,80,''),(33,'5. Indústrias de cerâmica e vidro: Trabalho de precisão (por exemplo, polimento decorativo e pintura à mão)',1000,90,'Tcp mínimo de 4.000 K.'),(34,'5. Indústrias de cerâmica e vidro: Fabricação de pedras preciosas sintéticas',1500,90,'Tcp mínimo de 4.000 K.'),(35,'6. Indústrias de borracha, plástica e química: Instalação de processamento operada remotamente',50,20,'As cores de segurança devem ser reconhecíveis.'),(36,'6. Indústrias de borracha, plástica e química: Instalação de processamento com intervenção manual limitada',150,40,''),(37,'6. Indústrias de borracha, plástica e química: Instalação de processamento com trabalho manual constante',300,80,''),(38,'6. Indústrias de borracha, plástica e química: Metrologias e laboratórios',500,80,''),(39,'6. Indústrias de borracha, plástica e química: Produção farmacêutica',500,80,''),(40,'6. Indústrias de borracha, plástica e química: Produção de pneus',500,80,''),(41,'6. Indústrias de borracha, plástica e química: Inspeção de cor',1000,90,'Tcp mínimo de 6.500 K.'),(42,'6. Indústrias de borracha, plástica e química: Corte, acabamento e inspeção',750,80,''),(43,'7. Indústrias de elétrica: Fabricação de cabos e fios',300,80,'Vide nota 1.'),(44,'7. Indústrias de elétrica: Bobinagem - bobinas grandes',300,80,'Vide nota 1.'),(45,'7. Indústrias de elétrica: Bobinagem - bobinas médias',500,80,'Vide nota 1.'),(46,'7. Indústrias de elétrica: Bobinagem - bobinas pequenas',750,80,'Vide nota 1.'),(47,'7. Indústrias de elétrica: Impregnação de bobinas',300,80,'Vide nota 1.'),(48,'7. Indústrias de elétrica: Galvanoplastia',300,80,'Vide nota 1.'),(49,'7. Indústrias de elétrica: Montagem - bruta (por exemplo, grandes transformadores)',300,80,'Vide nota 1.'),(50,'7. Indústrias de elétrica: Montagem - média (por exemplo, quadros de distribuição)',500,80,''),(51,'7. Indústrias de elétrica: Montagem - fina (por exemplo, telefone)',750,80,''),(52,'7. Indústrias de elétrica: Montagem - de precisão (por exemplo, equipamentos de medição)',1000,80,''),(53,'7. Indústrias de elétrica: Oficina eletrônica, ensaio e ajuste',1500,80,''),(54,'8. Indústrias de alimentos: Locais de trabalho e zonas em cervejarias, maltagem, lavagem, enchimento de barris, limpeza, peneiração, descascamento, alimentos em conserva, fábricas de chocolate, locais de trabalho e zonas em fábricas de açúcar, para secage',200,80,''),(55,'8. Indústrias de alimentos: Triagem e lavagem de produtos, moagem, mistura e embalagem',300,80,''),(56,'8. Indústrias de alimentos: Locais de trabalho e zonas para abatedouros, açougues, leiteiras, áreas de filtragem e em refinarias de açúcar',500,80,''),(57,'8. Indústrias de alimentos: Corte e triagem de frutas e vegetais',300,80,''),(58,'8. Indústrias de alimentos: Fabricação de alimentos finos e cozinha',500,80,''),(59,'8. Indústrias de alimentos: Fabricação de charutos e cigarros',500,80,''),(60,'8. Indústrias de alimentos: Inspeção de vidros e garrafas, controle do produto, ornamentação e triagem na decoração',500,80,''),(61,'8. Indústrias de alimentos: Laboratórios',500,80,''),(62,'8. Indústrias de alimentos: Inspeção de cor',1000,90,'Tcp mínimo de 4.000 K.'),(63,'9. Fundições e plantas de fundição de metal: Túnel do tamanho de um homem sob o piso, porão etc.',50,20,'As cores de segurança devem ser reconhecíveis.'),(64,'9. Fundições e plantas de fundição de metal: Plataforma',100,40,''),(65,'9. Fundições e plantas de fundição de metal: Preparação da areia',200,80,'Vide nota 1.'),(66,'9. Fundições e plantas de fundição de metal: Vestiário',200,80,'Vide nota 1.'),(67,'9. Fundições e plantas de fundição de metal: Trabalho nos cadinhos e misturadores',200,80,'Vide nota 1.'),(68,'9. Fundições e plantas de fundição de metal: Baia da fundição',200,80,'Vide nota 1.'),(69,'9. Fundições e plantas de fundição de metal: Área dos vibradores',200,80,'Vide nota 1.'),(70,'9. Fundições e plantas de fundição de metal: Máquina de moldagem',200,80,'Vide nota 1.'),(71,'9. Fundições e plantas de fundição de metal: Moldagem central e auxiliar',300,80,'Vide nota 1.'),(72,'9. Fundições e plantas de fundição de metal: Fundição',300,80,'Vide nota 1.'),(73,'9. Fundições e plantas de fundição de metal: Construção de modelos',500,80,'Vide nota 1.'),(74,'10. Cabeleireiros: Cabeleireiro',500,90,''),(75,'11. Fabricação de joias: Trabalho com pedras preciosas',1500,90,'Tcp mínimo de 4.000 K.'),(76,'11. Fabricação de joias: Fabricação de joias',1000,90,''),(77,'11. Fabricação de joias: Relojoaria (manual)',1500,80,''),(78,'11. Fabricação de joias: Relojoaria (automática)',500,80,''),(79,'12. Lavanderias e limpeza a seco: Entrada de mercadorias, marcação e distribuição',300,80,''),(80,'12. Lavanderias e limpeza a seco: Lavagem e limpeza a seco',300,80,''),(81,'12. Lavanderias e limpeza a seco: Área para passar roupas',300,80,''),(82,'12. Lavanderias e limpeza a seco: Inspeção e reparos',750,80,''),(83,'13. Indústrias de couro: Trabalho em cubas, barris e tanques',200,40,''),(84,'13. Indústrias de couro: Descarnar, aparar, esfregar e tombar peles',300,80,''),(85,'13. Indústrias de couro: Trabalho em selas, fábricas de sapatos, costura, polimento, modelagem, corte e puncionamento',500,80,''),(86,'13. Indústrias de couro: Triagem',500,90,'Tcp mínimo de 4.000 K.'),(87,'13. Indústrias de couro: Tingimento de couro (máquina)',500,80,''),(88,'13. Indústrias de couro: Controle de qualidade',1000,80,''),(89,'13. Indústrias de couro: Inspeção de cor',1000,90,'Tcp mínimo de 4.000 K.'),(90,'13. Indústrias de couro: Fabricação de sapatos',500,80,''),(91,'13. Indústrias de couro: Fabricação de luvas',500,80,''),(92,'14. Trabalho e processamento em metal: Forjamento de molde aberto',200,60,''),(93,'14. Trabalho e processamento em metal: Forjamento por derramamento, soldagem e moldagem a frio',300,60,''),(94,'14. Trabalho e processamento em metal: Usinagem grosseira e média (Tolerâncias > 0,1 mm)',300,60,''),(95,'14. Trabalho e processamento em metal: Usinagem de precisão: retificação (Tolerâncias > 0,1 mm)',500,60,''),(96,'14. Trabalho e processamento em metal: Gravação: inspeção',750,60,''),(97,'14. Trabalho e processamento em metal: Desenho de formas de fio e tubo',300,60,''),(98,'14. Trabalho e processamento em metal: Usinagem de placa ≥ 5 mm',200,60,''),(99,'14. Trabalho e processamento em metal: Trabalho em folha de metal < 5 mm',300,60,''),(100,'14. Trabalho e processamento em metal: Ferramentaria e fabricação de equipamentos de corte',750,60,''),(101,'14. Trabalho e processamento em metal: Montagem - bruta',200,80,'Vide nota 1.'),(102,'14. Trabalho e processamento em metal: Montagem - média',300,80,'Vide nota 1.'),(103,'14. Trabalho e processamento em metal: Montagem - fina',500,80,'Vide nota 1.'),(104,'14. Trabalho e processamento em metal: Montagem - de precisão',750,80,'Vide nota 1.'),(105,'14. Trabalho e processamento em metal: Galvanoplastia',300,80,'Vide nota 1.'),(106,'14. Trabalho e processamento em metal: Pintura e preparação de superfícies',750,80,''),(107,'14. Trabalho e processamento em metal: Confecção de ferramentas, modelo e dispositivo, mecânica de precisão e micromecânica',1000,80,''),(108,'15. Indústrias de papel: Processamento de madeira ou fibra e moagem',200,80,'Vide nota 1.'),(109,'15. Indústrias de papel: Processo e fabricação de papel, máquinas de papel, papel canelado e fábrica de papelão',300,80,'Vide nota 1.'),(110,'15. Indústrias de papel: Trabalho de encadernação de livros padrões (por exemplo, dobra, triagem, colagem, corte, gravação em relevo e costura)',500,60,''),(111,'16. Subestações: Instalação de abastecimento de combustíveis',50,20,'As cores de segurança devem ser reconhecíveis.'),(112,'16. Subestações: Casa da caldeira',100,40,''),(113,'16. Subestações: Sala de máquinas',200,80,'Vide nota 1.'),(114,'16. Subestações: Sala auxiliar (por exemplo, sala das bombas, sala dos capacitores, quadro de chave de distribuição etc.)',200,60,''),(115,'16. Subestações: Sala de controle',500,80,'Os painéis de controle frequentemente estão na vertical; dimerização pode ser necessária; Vide nota 2.'),(116,'17. Gráficas: Corte, douração, gravação em relevo, gravura em bloco, trabalho em pedras e placas, impressoras e matriciais',500,80,''),(117,'17. Gráficas: Triagem de papel e impressão manual',500,80,''),(118,'17. Gráficas: Configuração de tipo, retoque e litografia',1000,80,''),(119,'17. Gráficas: Inspeção de cor em impressão multicolorida',1500,90,'Tcp mínimo de 5.000 K.'),(120,'17. Gráficas: Gravação em aço e cobre',2000,80,'A iluminação em direção específica pode ser utilizada para revelar detalhes da tarefa e aumentar sua visibilidade.'),(121,'18. Trabalhos em ferro e aço: Instalação de produção sem intervenção manual',50,20,'As cores de segurança devem ser reconhecíveis.'),(122,'18. Trabalhos em ferro e aço: Instalação de produção com operação manual ocasional',150,40,''),(123,'18. Trabalhos em ferro e aço: Instalação de produção com operação manual contínua',200,80,'Vide nota 1.'),(124,'18. Trabalhos em ferro e aço: Depósito de chapas',50,20,'As cores de segurança devem ser reconhecíveis.'),(125,'18. Trabalhos em ferro e aço: Forno',200,20,'As cores de segurança devem ser reconhecíveis.'),(126,'18. Trabalhos em ferro e aço: Usinagem, bobinadeira e linha de corte',300,40,''),(127,'18. Trabalhos em ferro e aço: Plataforma de controle e painéis de controle',300,80,''),(128,'18. Trabalhos em ferro e aço: Ensaio, medição e inspeção',500,80,''),(129,'18. Trabalhos em ferro e aço: Túnel do tamanho de um homem sob o piso, porões etc.',50,20,'As cores de segurança devem ser reconhecíveis.'),(130,'19. Indústria têxtil: Local de trabalho, zona de banhos e abertura de fardos',200,60,''),(131,'19. Indústria têxtil: Cardar, lavar, passar, extrair, pentear, dimensionar, cortar a carda, pré-fiação, juta e fiação de linho',300,80,''),(132,'19. Indústria têxtil: Fiação e para encordoar, bobinar, enrolar, urdir, tecer, trançar e trabalhar em malha',500,80,'Prevenir contra os efeitos estroboscópicos.'),(133,'19. Indústria têxtil: Costurar, trabalho fino em malha e atividade de prender pontos',750,90,''),(134,'19. Indústria têxtil: Projeto manual e desenho de padrões',750,90,'Tcp mínimo de 4.000 K.'),(135,'19. Indústria têxtil: Acabamento e tingimento',500,80,''),(136,'19. Indústria têxtil: Sala de secagem',100,60,''),(137,'19. Indústria têxtil: Estampagem automática',500,80,''),(138,'19. Indústria têxtil: Extrair, selecionar e aparar',1000,80,''),(139,'19. Indústria têxtil: Inspeção de cor e controle do tecido',1000,90,'Tcp mínimo de 4.000 K.'),(140,'19. Indústria têxtil: Reparo invisível',1500,90,'Tcp mínimo de 4.000 K.'),(141,'19. Indústria têxtil: Fabricação de chapéu',500,80,''),(142,'20. Construção de veículos: Trabalho no chassi e na montagem',500,80,''),(143,'20. Construção de veículos: Pintura, câmara de pulverização e câmara de polimento',750,80,''),(144,'20. Construção de veículos: Pintura: retoque e inspeção',1000,90,'Tcp mínimo de 4.000 K.'),(145,'20. Construção de veículos: Fabricação de estofamento (manuseamento)',1000,80,''),(146,'20. Construção de veículos: Inspeção final',1000,80,''),(147,'21. Marcenaria e indústrias de móveis: Processo automático (por exemplo, secagem na fabricação de madeira compensada)',50,40,''),(148,'21. Marcenaria e indústrias de móveis: Poço de vapor',150,40,''),(149,'21. Marcenaria e indústrias de móveis: Sistema de serras',300,60,'Prevenir contra os efeitos estroboscópicos.'),(150,'21. Marcenaria e indústrias de móveis: Trabalho de marceneiro em bancos de carpintaria, colagem e montagem',300,80,''),(151,'21. Marcenaria e indústrias de móveis: Polimento, pintura e marcenaria de acabamento',750,80,''),(152,'21. Marcenaria e indústrias de móveis: Trabalho em máquinas de marcenaria (por exemplo, tornear, acanelar, desempenar, rebaixar, chanfrar, cortar e serrar afundar)',500,80,'Prevenir contra os efeitos estroboscópicos.'),(153,'21. Marcenaria e indústrias de móveis: Seleção de madeira folheada, marchetaria e trabalhos de embutir',750,90,'Tcp mínimo de 4.000 K.'),(154,'21. Marcenaria e indústrias de móveis: Controle de qualidade',1000,90,'Tcp mínimo de 4.000 K.'),(155,'22. Escritórios: Arquivamento, cópia, circulação etc.',300,80,''),(156,'22. Escritórios: Escrever, teclar, ler e processar dados',500,80,'Vide nota 2.'),(157,'22. Escritórios: Desenho técnico',750,80,''),(158,'22. Escritórios: Estação de projeto assistido por computador',500,80,'Vide nota 2.'),(159,'22. Escritórios: Sala de reunião e conferência',500,80,'Recomenda-se que a iluminação seja controlável.'),(160,'22. Escritórios: Recepção',300,80,''),(161,'22. Escritórios: Arquivo',200,80,''),(162,'23. Varejo: Área de vendas pequena',300,80,''),(163,'23. Varejo: Área de vendas grande',500,80,''),(164,'23. Varejo: Área da caixa registradora',500,80,''),(165,'23. Varejo: Mesa do empacotador',500,80,''),(166,'24. Restaurantes e hotéis: Recepção, caixa e portaria',300,80,''),(167,'24. Restaurantes e hotéis: Cozinha',500,80,''),(168,'24. Restaurantes e hotéis: Restaurante, sala de jantar e sala de eventos',200,80,'Recomenda-se que a iluminação seja projetada para criar um ambiente íntimo.'),(169,'24. Restaurantes e hotéis: Restaurante self-service',200,80,''),(170,'24. Restaurantes e hotéis: Bufê',300,80,''),(171,'24. Restaurantes e hotéis: Sala de conferência',500,80,'Recomenda-se que a iluminação seja controlável.'),(172,'24. Restaurantes e hotéis: Corredor',100,80,'Durante o período da noite são aceitáveis baixos níveis de iluminação.'),(173,'25. Locais de entretenimento: Teatro e sala de concerto',200,80,''),(174,'25. Locais de entretenimento: Sala multiuso',300,80,''),(175,'25. Locais de entretenimento: Sala de ensaio e camarim',300,80,'É necessário que a iluminação do espelho seja isenta de ofuscamento para a maquiagem.'),(176,'25. Locais de entretenimento: Museu (em geral)',300,80,'Iluminação adequada para atender aos requisitos de exibição e proteção contra os efeitos de radiação.'),(177,'26. Bibliotecas: Estante',200,80,''),(178,'26. Bibliotecas: Área de leitura',500,80,''),(179,'26. Bibliotecas: Bibliotecárias',500,80,''),(180,'27. Estacionamentos públicos (internos): Rampa de entrada e saída (durante o dia)',300,40,'As cores de segurança devem ser reconhecíveis.'),(181,'27. Estacionamentos públicos (internos): Rampa de entrada e saída (durante a noite)',75,40,'As cores de segurança devem ser reconhecíveis.'),(182,'27. Estacionamentos públicos (internos): Pista de tráfego',75,40,'As cores de segurança devem ser reconhecíveis.'),(183,'27. Estacionamentos públicos (internos): Estacionamento',75,40,'Uma iluminância vertical elevada aumenta o reconhecimento facial das pessoas e, por essa razão, a sensação de segurança.'),(184,'27. Estacionamentos públicos (internos): Guichê',300,80,'Evitar reflexões nas janelas; Prevenir ofuscamento oriundo do lado externo.'),(185,'28. Construções educacionais: Brinquedoteca',300,80,''),(186,'28. Construções educacionais: Berçário',300,80,''),(187,'28. Construções educacionais: Sala dos profissionais do berçário',300,80,''),(188,'28. Construções educacionais: Sala de aulas e sala de aulas particulares',300,80,'Recomenda-se que a iluminação seja controlável.'),(189,'28. Construções educacionais: Sala de aulas noturnas, classes e educação de adultos',500,80,''),(190,'28. Construções educacionais: Sala de leitura',500,80,'Recomenda-se que a iluminação seja controlável.'),(191,'28. Construções educacionais: Quadro negro',500,80,'Prevenir reflexões especulares.'),(192,'28. Construções educacionais: Mesa de demonstração',500,80,'Em salas de leitura, 750 lux.'),(193,'28. Construções educacionais: Sala de arte em artesanato',500,80,''),(194,'28. Construções educacionais: Sala de arte em escolas de arte',750,90,'Tcp > 5.000 K.'),(195,'28. Construções educacionais: Sala de desenho técnico',750,80,''),(196,'28. Construções educacionais: Sala de aplicação e laboratórios',500,80,''),(197,'28. Construções educacionais: Oficina de ensino',500,80,''),(198,'28. Construções educacionais: Sala de ensino de música',300,80,''),(199,'28. Construções educacionais: Sala de ensino de computador',500,80,'Vide nota 2.'),(200,'28. Construções educacionais: Laboratório linguístico',300,80,''),(201,'28. Construções educacionais: Sala de preparação e oficinas',500,80,''),(202,'28. Construções educacionais: Sala comum de estudantes e sala de reunião',200,80,''),(203,'28. Construções educacionais: Sala dos professores',300,80,''),(204,'28. Construções educacionais: Sala de esportes, ginásio e piscina',300,80,'Para as instalações do acesso público, ver CIE 58, de 1983, e CIE 62, de 1984.'),(205,'29. Locais de assistência médica: Sala de espera',200,80,'Iluminância no nível do piso.'),(206,'29. Locais de assistência médica: Corredor durante o dia',200,80,'Iluminância no nível do piso.'),(207,'29. Locais de assistência médica: Corredor durante a noite',50,80,'Iluminância no nível do piso.'),(208,'29. Locais de assistência médica: Quarto com claridade',200,80,'Iluminância no nível do piso.'),(209,'29. Locais de assistência médica: Escritório dos funcionários',500,80,''),(210,'29. Locais de assistência médica: Sala dos funcionários',300,80,''),(211,'29. Locais de assistência médica: Enfermaria (iluminação geral)',100,80,'Iluminância no nível do piso.'),(212,'29. Locais de assistência médica: Iluminação de leitura',300,80,''),(213,'29. Locais de assistência médica: Exame simples',300,80,''),(214,'29. Locais de assistência médica: Exame e tratamento',1000,90,''),(215,'29. Locais de assistência médica: Iluminação noturna e iluminação de observação',5,80,''),(216,'30. Aeroportos: Saguão de embarque e desembarque e área de entrega da bagagem',200,80,'Vide nota 1.'),(217,'30. Aeroportos: Área de conexão, escada rolante e esteira rolante',150,80,''),(218,'30. Aeroportos: Balcão de informações e check-in',500,80,'Vide nota 2.'),(219,'30. Aeroportos: Alfândega e balcão de controle de passaportes',500,80,'Importante a iluminância vertical.'),(220,'30. Aeroportos: Sala de espera',200,80,''),(221,'30. Aeroportos: Local de armazenamento de bagagens',200,80,''),(222,'30. Aeroportos: Área de verificação de segurança',300,80,'Vide nota 2.'),(223,'30. Aeroportos: Torre de controle de tráfego aéreo',500,80,'Recomenda-se que a iluminação seja dimerizável; Vide nota 2; Recomenda-se que seja evitado o ofuscamento oriundo da luz natural.'),(224,'30. Aeroportos: Hangar de reparos e testes',500,80,'Vide nota 1.'),(225,'30. Aeroportos: Plataforma e passagem subterrânea para passageiros',50,40,''),(226,'30. Aeroportos: Saguão de compra de passagens e grandes espaços abertos para circulação de multidões',200,40,''),(227,'31. Locais para celebrações e cultos religiosos: Corpo do local',100,80,''),(228,'31. Locais para celebrações e cultos religiosos: Cadeira, altar e púlpito',300,80,'');
/*!40000 ALTER TABLE `automacao_rel_luminancia_tipoambiente` ENABLE KEYS */;
UNLOCK TABLES;

--
-- Table structure for table `clientes_cliente`
--

DROP TABLE IF EXISTS `clientes_cliente`;
/*!40101 SET @saved_cs_client     = @@character_set_client */;
/*!50503 SET character_set_client = utf8mb4 */;
CREATE TABLE `clientes_cliente` (
  `id` bigint NOT NULL AUTO_INCREMENT,
  `nome` varchar(100) NOT NULL,
  `tipo_inscricao` varchar(10) NOT NULL,
  `numero_inscricao` varchar(30) NOT NULL,
  `ramo_atividade` varchar(100) NOT NULL,
  `cnae` varchar(20) DEFAULT NULL,
  `grau_risco` varchar(8) NOT NULL,
  `rua` varchar(100) DEFAULT NULL,
  `numero` varchar(5) DEFAULT NULL,
  `bairro` varchar(50) DEFAULT NULL,
  `cep` varchar(50) DEFAULT NULL,
  `cidade` varchar(50) DEFAULT NULL,
  `uf` varchar(2) DEFAULT NULL,
  `logo` varchar(100) DEFAULT NULL,
  `data_criacao` datetime(6) NOT NULL,
  `ativo` tinyint(1) NOT NULL DEFAULT '1',
  `matriz_id` bigint DEFAULT NULL,
  `user_criador_id` int DEFAULT NULL,
  `inscricao_estadual` varchar(30) DEFAULT NULL,
  `inquilino_id` bigint NOT NULL,
  `data_modificacao` datetime(6) NOT NULL,
  `user_modificador_id` int DEFAULT NULL,
  `email_institucional` varchar(254) NOT NULL,
  `telefone_institucional` varchar(20) NOT NULL,
  PRIMARY KEY (`id`),
  KEY `clientes_cliente_matriz_id_5421d57f_fk_clientes_cliente_id` (`matriz_id`),
  KEY `clientes_cliente_user_criador_id_b72ffc63_fk_auth_user_id` (`user_criador_id`),
  KEY `clientes_cliente_inquilino_id_c0348bb8_fk_contas_inquilino_id` (`inquilino_id`),
  KEY `clientes_cliente_user_modificador_id_875e3901_fk_auth_user_id` (`user_modificador_id`),
  CONSTRAINT `clientes_cliente_inquilino_id_c0348bb8_fk_contas_inquilino_id` FOREIGN KEY (`inquilino_id`) REFERENCES `contas_inquilino` (`id`),
  CONSTRAINT `clientes_cliente_matriz_id_5421d57f_fk_clientes_cliente_id` FOREIGN KEY (`matriz_id`) REFERENCES `clientes_cliente` (`id`),
  CONSTRAINT `clientes_cliente_user_criador_id_b72ffc63_fk_auth_user_id` FOREIGN KEY (`user_criador_id`) REFERENCES `auth_user` (`id`),
  CONSTRAINT `clientes_cliente_user_modificador_id_875e3901_fk_auth_user_id` FOREIGN KEY (`user_modificador_id`) REFERENCES `auth_user` (`id`)
) ENGINE=InnoDB AUTO_INCREMENT=24 DEFAULT CHARSET=utf8mb3;
/*!40101 SET character_set_client = @saved_cs_client */;

--
-- Dumping data for table `clientes_cliente`
--

LOCK TABLES `clientes_cliente` WRITE;
/*!40000 ALTER TABLE `clientes_cliente` DISABLE KEYS */;
INSERT INTO `clientes_cliente` VALUES (1,'ADVANTA COMERCIO DE SEMENTES LTDA','cnpj','10922107000906','Produção de sementes certificadas, exceto de forrageiras para pasto','01.41-5-01','grau_3','Av. Bélgica','1120','Tibery','38405-030','Uberlândia','MG','','2025-02-11 00:00:00.000000',1,NULL,1,NULL,1,'2025-07-14 18:18:49.631763',NULL,'34991339412','contato@gmail.com'),(2,'BLACK & DECKER DO BRASIL LTDA','cnpj','53296273000191','Fabricação de outros aparelhos eletrodomésticos não especificados anteriormente, peças e acessórios.','27.59-7-99','grau_3','ROD BR 050, KM 167, LO 05 PARTE Q1','1','Distrito Industrial II','38064-75',NULL,'MG','','2025-02-11 00:00:00.000000',1,NULL,1,NULL,1,'2025-07-14 18:18:49.631763',NULL,'34991339412','contato@gmail.com'),(3,'ADVANTA COMÉRICIO DE SEMENTES LTDA','cnpj','10922107000493','Testes e análises técnicas','71.20-1-00','grau_2','ROD MG 29','34','Zona Rural','38490-00','Indianópolis','MG','','2025-02-11 00:00:00.000000',1,NULL,1,NULL,1,'2025-07-14 18:18:49.631763',NULL,'34991339412','contato@gmail.com'),(4,'UBY AGROQUÍMICA S.A','cnpj','21320221000117','Fabricação de adubos e fertilizantes organo-minerais','20.13-4-01','grau_3','Rua Arnaldo Afolso Melo','101','Distrito Industrial II','38060-200','Uberaba','MG','logos_clientes/logo-ubyfol.png','2025-02-11 00:00:00.000000',1,NULL,1,NULL,1,'2025-07-14 18:18:49.631763',NULL,'34991339412','contato@gmail.com'),(5,'COMIPA – COMPANHIA MINERADORA DO PIROCLORO DE ARAXÁ','cnpj','17806779000130','Extração de outros minerais metálicos não ferrosos','729404','grau_4','Fazenda Córrego da Mata','0','Fazenda Córrego da Mata s/n',NULL,'Araxá','MG','logos_clientes/logo_comipa.jpg','2025-02-11 00:00:00.000000',1,NULL,1,'040.112.092.004',1,'2025-07-14 18:18:49.631763',NULL,'34991339412','contato@gmail.com'),(6,'RENTAL Y INDUSTRIA E COMERCIO LTDA','cnpj','22102046000154','FABRICAÇÃO DE COSMÉTICOS, PRODUTOS DE PERFUMARIA E HIGIENE PESSOAL','20.63-1-00','grau_2','AV. WAGNER SCHRODEN','338','PARQUE HILEIA','38.055-030','UBERABA','MG','','2025-02-17 00:00:00.000000',1,NULL,3,'002529720.00-32',1,'2025-07-14 18:18:49.631763',NULL,'34991339412','contato@gmail.com'),(7,'CM Saúde Corporativa e Ergonomia','cpf','03930762374','Saúde',NULL,'grau_1',NULL,NULL,'Itararé','64077-340','Teresina','PI','','2025-02-18 00:00:00.000000',1,NULL,8,NULL,5,'2025-07-14 18:18:49.631763',NULL,'34991339412','contato@gmail.com'),(8,'Central Energética Morrinhos','cnpj','07130855000186','Fabricação de álcool','1931400','grau_4','Rodovia BR 153 KM 646 A Esquerda segue + 800 mt','S/N','Zona rural','75.650-000','Morrinhos','GO','logos_clientes/logo-cem._.jpg','2025-03-18 00:00:00.000000',1,NULL,9,'103988211',1,'2025-07-14 18:18:49.631763',NULL,'34991339412','contato@gmail.com'),(9,'UPL DO BRASIL INDÚSTRIA E COMÉRCIO DE INSUMOS AGROPECUÁRIOS S.A.','cnpj','02974733000748','Comércio atacadista de mercadorias em geral, com predominância de insumos agropecuários','48.92-3-00','grau_4','Rua José Geraldo Ferreira','105','Notre Dame','13.092-807','Campinas','SP','logos_clientes/upl-logo-2-scaled.jpg','2025-04-09 00:00:00.000000',1,NULL,1,NULL,1,'2025-07-14 18:18:49.631763',NULL,'34991339412','contato@gmail.com'),(10,'TOTAL METAL INDÚSTRIA E COMÉRCIO DE METAIS LTDA','cnpj','37852278000105','Fabricação de outros produtos de metal não especificados anteriormente','25.99-3-99','grau_3','Avenida Barão do Rio Branco','1855','São Benedito','38020-300','Uberaba','MG','logos_clientes/1ad338c6-85f2-4e7e-890d-2dfbdc80f705.jpeg','2025-04-10 00:00:00.000000',1,NULL,3,'37915860089',1,'2025-07-14 18:18:49.631763',NULL,'34991339412','contato@gmail.com'),(11,'ADVANTA COMERCIO DE SEMENTES LTDA.','cnpj','10922107000302','Produção de sementes certificadas, exceto de forrageiras para pasto','01.41-5-01','grau_3','ROD MG 29 KM 34 A ESQUERDA',NULL,'ZONA RURAL','38.490-000','INDIANÓPOLIS','MG','','2025-04-10 00:00:00.000000',1,NULL,3,'19867340019',1,'2025-07-14 18:18:49.631763',NULL,'34991339412','contato@gmail.com'),(12,'MANDIOCA SERTANEJA LTDA','cnpj','08290604000121','Fabricação de outros produtos alimentícios não especificados anteriormente','10.99-6-99','grau_3','AV PADRE EDDIE BERNARDES SILVA','1686','LOURDES','38.035-230','UBERABA','MG','logos_clientes/Imagem1.png','2025-05-07 00:00:00.000000',1,NULL,3,'001016730.00-32',1,'2025-07-14 18:18:49.631763',NULL,'34991339412','contato@gmail.com'),(13,'SERTANITOS INDUSTRIA E COMERCIO DE MANDIOCA LTDA','cnpj','26236140000157','Fabricação de outros produtos alimentícios não especificados anteriormente','10.99-6-99','grau_3','AV PADRE EDDIE BERNARDES SILVA','1686','LOURDES','38.035-230','UBERABA','MG','logos_clientes/Imagem1_CyxstyP.png','2025-05-07 00:00:00.000000',1,NULL,3,'002836503.00-12',1,'2025-07-14 18:18:49.631763',NULL,'34991339412','contato@gmail.com'),(14,'Mandioca Sertaneja Ltda','cnpj','08290604000393','Cultivo de Mandioca','01.19-9-06','grau_3','Rodovia BR 262','S/N','ZONA RURAL DE UBERABA','38.037-262','UBERABA','MG','logos_clientes/Imagem1_dCc6Sls.png','2025-05-07 00:00:00.000000',1,NULL,3,'001016730.02-96',1,'2025-07-14 18:18:49.631763',NULL,'34991339412','contato@gmail.com'),(15,'Açúcar e Álcool Oswaldo Ribeiro de Mendonça S/A.','cnpj','51990778000126','Fabricação de álcool','19.31-4-00','grau_4','Fazenda São José da Glória - Rodovia SP 425 KM 47','S/N','Rural','14.790-000','Guaíra','SP','logos_clientes/Logomarca.png','2025-05-17 00:00:00.000000',1,NULL,2,'322.009.110.112',1,'2025-07-24 17:26:53.038472',NULL,'grupocolorado@colorado.com.br','(17) 3330-3377'),(16,'Açúcar e Álcool Oswaldo Ribeiro de Mendonça S/A.','cnpj','51990778000126','Fabricação de álcool','19.31-4-00','grau_4','Fazenda São José da Glória - Rodovia SP 425 KM 47','S/N','Rural','14.790-000','Guaíra','SP','logos_clientes/Logomarca_fA0Wkna.png','2025-05-17 00:00:00.000000',1,NULL,2,'322.009.110.112',1,'2025-07-24 17:26:47.865535',NULL,'grupocolorado@colorado.com.br','(17) 3330-3377'),(17,'Refrigeração Cruvinel LTDA','cnpj','25260423000171','Comércio varejista especializado de peças e acessórios para aparelhos eletroeletrônicos para uso dom','47.57-1-00','grau_1','Avenida Coronel Joaquim De Oliveira Prata','375','Bom Retiro','38.022-290','Uberaba','MG','','2025-06-03 00:00:00.000000',1,NULL,2,'7015822140050',1,'2025-07-14 18:18:49.631763',NULL,'34991339412','contato@gmail.com'),(18,'USITÉCNICA INDÚSTRIA E COMERCIO LTDA','cnpj','08648962000163','Fabricação de máquinas e equipamentos para uso industrial específico não especificados anteriormente','2869-1','grau_3','Avenida das Toldas','969','Desmembramento Recanto do Parque','38040-732','Uberaba','MG','logos_clientes/WhatsApp_Image_2025-07-29_at_16.47.04.jpeg','2025-06-23 00:00:00.000000',1,NULL,3,'001504201.00-41',1,'2025-07-29 19:53:42.514593',NULL,'adm@usitecnica.ind.br','(34) 3322-3373'),(19,'FBS CONSTRUÇÃO CIVIL E PAVIMENTAÇÃO S.A','cnpj','66806555000133','Serviços de operação, manutenção e transporte','42.11-1-01','grau_3','Avenida Ruth Cardoso','4777','Jardim Universidade Pinheiros','05.477-903','São Paulo','SP','logos_clientes/fbslog.png','2025-06-26 00:00:00.000000',1,NULL,3,'113.406.697.117',1,'2025-07-15 16:18:56.221408',NULL,'contato@gmail.com','34991339412'),(20,'CONSUBE AGROPECUARIA LTDA','cnpj','71337976000100','Fabricação de adubos e fertilizantes, exceto organo-minerais','20.13-4-02','grau_3','AV ANTONIO CARLOS GUILLAUMON','950','DISTRITO INDUSTRIAL III','38044760','UBERABA','MG','logos_clientes/WhatsApp_Image_2025-08-20_at_12.12.02.jpeg','2025-08-11 11:21:55.133966',1,NULL,3,'7019225850078',1,'2025-08-20 15:12:24.773254',11,'machado@consube.com.br','(34) 3334-7800'),(21,'UPL do Brasil Industria e Comercio de Insumos Agropecuários S.A. (Ituverava)','cnpj','02974733000314','Fabricação de defensivos agrícolas','20.51-7-00','grau_3','Avenida Maeda','S/N','Distrito Industrial','14500000','Ituverava','SP','logos_clientes/logomarca.png','2025-09-08 11:05:04.218765',1,9,2,'389.102.627.118',1,'2025-09-29 11:48:50.595226',3,'uplbr.controladoria@uniphos.com','1638299200'),(22,'ETC EMPREENDIMENTOS E TECNOLOGIA EM CONSTRUÇÕES LTDA','cnpj','03193191000134','ADMINISTRAÇÃO DE OBRAS','43.99-1-01','grau_3','R. VOLTA GRANDE','951','Distrito Industrial III','38044765','UBERABA','MG','logos_clientes/logo_GbL8TJB.png','2025-09-11 16:23:09.720191',1,NULL,3,'003279341.00-98',1,'2025-09-11 20:31:34.425569',3,'diego.texeira@etcterra.com.br','3133724399'),(23,'UPL DO BRASIL INDÚSTRIA E COMÉRCIO DE INSUMOS AGROPECUÁRIOS S.A. (Salto)','cnpj','02974633001043','Fabricacao de defensivos agrícolas','20.51-7-00','grau_3','Rod Sorocaba-Pilar do Sul, S/N - KM 122','S/N','Industrial','18160000','Salto de Pirapora','SP','','2025-10-13 13:56:41.680511',1,NULL,3,'Isento',1,'2025-10-13 13:58:34.831683',3,'gabriel.almeida@upl-ltd.com','1534919900');
/*!40000 ALTER TABLE `clientes_cliente` ENABLE KEYS */;
UNLOCK TABLES;

--
-- Table structure for table `contas_inquilino`
--

DROP TABLE IF EXISTS `contas_inquilino`;
/*!40101 SET @saved_cs_client     = @@character_set_client */;
/*!50503 SET character_set_client = utf8mb4 */;
CREATE TABLE `contas_inquilino` (
  `id` bigint NOT NULL AUTO_INCREMENT,
  `nome` varchar(100) NOT NULL,
  `cnpj_cpf` varchar(18) NOT NULL,
  `telefone` varchar(15) DEFAULT NULL,
  `bairro` varchar(50) DEFAULT NULL,
  `cep` varchar(15) DEFAULT NULL,
  `cidade` varchar(50) DEFAULT NULL,
  `data_criacao` date NOT NULL,
  `inscricao_estadual` varchar(20) DEFAULT NULL,
  `logo` varchar(100) DEFAULT NULL,
  `numero` int DEFAULT NULL,
  `rua` varchar(100) DEFAULT NULL,
  `uf` varchar(2) DEFAULT NULL,
  `plano_id` bigint DEFAULT NULL,
  `id_cobranca` varchar(50) DEFAULT NULL,
  `id_cliente_assas` varchar(50) DEFAULT NULL,
  `invoice_url` varchar(500) DEFAULT NULL,
  `status_pagamento` varchar(1) DEFAULT NULL,
  `data_ultima_alteracao` date NOT NULL,
  `email` varchar(254) NOT NULL,
  PRIMARY KEY (`id`),
  KEY `contas_inquilino_plano_id_221e508d_fk_planos_plano_id` (`plano_id`),
  CONSTRAINT `contas_inquilino_plano_id_221e508d_fk_planos_plano_id` FOREIGN KEY (`plano_id`) REFERENCES `planos_plano` (`id`)
) ENGINE=InnoDB AUTO_INCREMENT=6 DEFAULT CHARSET=utf8mb3;
/*!40101 SET character_set_client = @saved_cs_client */;

--
-- Dumping data for table `contas_inquilino`
--

LOCK TABLES `contas_inquilino` WRITE;
/*!40000 ALTER TABLE `contas_inquilino` DISABLE KEYS */;
INSERT INTO `contas_inquilino` VALUES (1,'Ergogroup Segurança do Trabalho LTDA.','21.135.906/0001-93','343333-9987','Centro','38010-160','Uberaba','2025-02-11','ISENTO','logos_inquilinos/logo.jpg',145,'Rua Santo Antônio','MG',NULL,NULL,NULL,NULL,'2','2025-05-12','contato@ergogroup.com.br'),(2,'Claudio Noronha Vaz de Melo','055.178.077-04','21995008393','Freguesia- Jacarepaguá','22750-012','Rio de Janeiro','2025-02-18',NULL,'',721,'Rua. Estrada do Bananal','RJ',NULL,NULL,NULL,NULL,'2','2025-03-10',''),(3,'EMED ENGENHARIA E MEDICINA DO TRABALHO LTDA','26.255.564/0001-69','05198447617','Oriental','95880-000','Estrela','2025-02-18',NULL,'',922,'AV. RIO BRANCO','MG',NULL,NULL,NULL,NULL,'2','2025-03-10',''),(4,'NOMOS Comsultoria Ltda','07.015.913/00001-2','28999656772','Bairro Praia do Morro','29216-080','Cidade Guarapari','2025-02-18','ISENTO','logos_inquilinos/Imagem_do_WhatsApp_de_2025-02-18_às_10.27.24_28263a40.jpg',1100,'Avenida Oceânica','ES',NULL,NULL,NULL,NULL,'2','2025-03-10',''),(5,'CARINA S MOURA LTDA','41.726.108/0001-43','86988506532','Itararé','64077340','Teresina','2025-02-18',NULL,'',18,'Quadra 112','PI',NULL,NULL,NULL,NULL,'2','2025-03-10','');
/*!40000 ALTER TABLE `contas_inquilino` ENABLE KEYS */;
UNLOCK TABLES;

--
-- Table structure for table `contas_perfil`
--

DROP TABLE IF EXISTS `contas_perfil`;
/*!40101 SET @saved_cs_client     = @@character_set_client */;
/*!50503 SET character_set_client = utf8mb4 */;
CREATE TABLE `contas_perfil` (
  `id` bigint NOT NULL AUTO_INCREMENT,
  `nome_completo` varchar(50) NOT NULL,
  `user_id` int NOT NULL,
  `administrador_inquilino` tinyint(1) NOT NULL,
  `cpf` varchar(14) DEFAULT NULL,
  `foto_perfil` varchar(100) DEFAULT NULL,
  `especialidade` varchar(50) DEFAULT NULL,
  `nome_formacao` varchar(100) DEFAULT NULL,
  `registro` varchar(30) DEFAULT NULL,
  `inquilino_id` bigint DEFAULT NULL,
  PRIMARY KEY (`id`),
  UNIQUE KEY `user_id` (`user_id`),
  UNIQUE KEY `cpf` (`cpf`),
  KEY `contas_perfil_inquilino_id_11daaa79_fk_contas_inquilino_id` (`inquilino_id`),
  CONSTRAINT `contas_perfil_inquilino_id_11daaa79_fk_contas_inquilino_id` FOREIGN KEY (`inquilino_id`) REFERENCES `contas_inquilino` (`id`),
  CONSTRAINT `contas_perfil_user_id_7a959777_fk_auth_user_id` FOREIGN KEY (`user_id`) REFERENCES `auth_user` (`id`)
) ENGINE=InnoDB AUTO_INCREMENT=12 DEFAULT CHARSET=utf8mb3;
/*!40101 SET character_set_client = @saved_cs_client */;

--
-- Dumping data for table `contas_perfil`
--

LOCK TABLES `contas_perfil` WRITE;
/*!40000 ALTER TABLE `contas_perfil` DISABLE KEYS */;
INSERT INTO `contas_perfil` VALUES (1,'Victor Programador',1,1,'145.835.406-71','','Desenvolvimento Web e Ciência de Dados','Análise e Desenvolvimento de Sistemas','NA',1),(2,'Amanda Viviane Muniz Rodrigues',2,1,'076.437.446-02','','Ergonomista','Fisioterapeuta','Crefito 4/127866F',1),(3,'Sofia Junqueira Garcia',3,0,'076.366.656-46','','Ergonomista','Fisioterapeuta','CREFITO4/318553-F',1),(4,'Mariana Souza Costa',4,0,'089.638.246-08','','Engenharia de Segurança do Trabalho','Arquitetura','CAU A1880470',1),(5,'Claudio Noronha Vaz de Melo',5,1,'055.178.077-04','','Ergodesign','Design de Produto/ Ergonomia e Fatores Humanos','Certificado ABERGO n. 136',2),(6,'Débora Abigail da Luz',6,1,'032.347.690-28','','SST e Ergonomia','Técnica em Segurança do Trabalho','MTE 0024933/RS',3),(7,'Camila Alves Silva do Amaral',7,1,'088.395.827-97','','Ergonomia','Fisioterapeuta','CREFITO 15 56.409',4),(8,'Carina Silva Moura',8,1,'039.307.623-74','','Ergonomia','Fisioterapeuta','210464- F CREFITO 14',5),(9,'Marilene de Resende',9,0,'02524076601','','Segundo grau Técnico','Técnico em segurança do trabalho','MTE 31.222',1),(10,'Sabrina Santos Vaz',10,0,'16174438678','',NULL,'Técnica em segurança do trabalho','0066432',1),(11,'Victor Reginaldo Silva e Silva',11,1,'14583540671','fotos_perfis/go_lang.png','Engenharia de Software','Análise e Desenvolvimento de Sistemas','NA',1);
/*!40000 ALTER TABLE `contas_perfil` ENABLE KEYS */;
UNLOCK TABLES;

--
-- Table structure for table `contas_quantidadedownloads`
--

DROP TABLE IF EXISTS `contas_quantidadedownloads`;
/*!40101 SET @saved_cs_client     = @@character_set_client */;
/*!50503 SET character_set_client = utf8mb4 */;
CREATE TABLE `contas_quantidadedownloads` (
  `id` bigint NOT NULL AUTO_INCREMENT,
  `data_download` datetime(6) NOT NULL,
  `tipo_documento` varchar(50) DEFAULT NULL,
  `inquilino_id` bigint NOT NULL,
  PRIMARY KEY (`id`),
  KEY `contas_relatoriolumi_inquilino_id_80d62084_fk_contas_in` (`inquilino_id`),
  CONSTRAINT `contas_relatoriolumi_inquilino_id_80d62084_fk_contas_in` FOREIGN KEY (`inquilino_id`) REFERENCES `contas_inquilino` (`id`)
) ENGINE=InnoDB AUTO_INCREMENT=8 DEFAULT CHARSET=utf8mb3;
/*!40101 SET character_set_client = @saved_cs_client */;

--
-- Dumping data for table `contas_quantidadedownloads`
--

LOCK TABLES `contas_quantidadedownloads` WRITE;
/*!40000 ALTER TABLE `contas_quantidadedownloads` DISABLE KEYS */;
INSERT INTO `contas_quantidadedownloads` VALUES (1,'2025-03-11 12:15:17.832668','Relatório de Luminância',1),(2,'2025-03-26 13:53:52.545436','Relatório de Luminância',1),(3,'2025-03-28 15:30:38.460316','Relatório de Luminância',1),(4,'2025-03-31 10:44:11.760401','Relatório de Luminância',1),(5,'2025-04-28 17:57:12.144619','Relatório de Luminância',1),(6,'2025-04-28 18:00:27.188443','Relatório de Luminância',1),(7,'2025-04-28 18:04:56.050637','Relatório de Luminância',1);
/*!40000 ALTER TABLE `contas_quantidadedownloads` ENABLE KEYS */;
UNLOCK TABLES;

--
-- Table structure for table `django_admin_log`
--

DROP TABLE IF EXISTS `django_admin_log`;
/*!40101 SET @saved_cs_client     = @@character_set_client */;
/*!50503 SET character_set_client = utf8mb4 */;
CREATE TABLE `django_admin_log` (
  `id` int NOT NULL AUTO_INCREMENT,
  `action_time` datetime(6) NOT NULL,
  `object_id` longtext,
  `object_repr` varchar(200) NOT NULL,
  `action_flag` smallint unsigned NOT NULL,
  `change_message` longtext NOT NULL,
  `content_type_id` int DEFAULT NULL,
  `user_id` int NOT NULL,
  PRIMARY KEY (`id`),
  KEY `django_admin_log_content_type_id_c4bce8eb_fk_django_co` (`content_type_id`),
  KEY `django_admin_log_user_id_c564eba6_fk_auth_user_id` (`user_id`),
  CONSTRAINT `django_admin_log_content_type_id_c4bce8eb_fk_django_co` FOREIGN KEY (`content_type_id`) REFERENCES `django_content_type` (`id`),
  CONSTRAINT `django_admin_log_user_id_c564eba6_fk_auth_user_id` FOREIGN KEY (`user_id`) REFERENCES `auth_user` (`id`),
  CONSTRAINT `django_admin_log_chk_1` CHECK ((`action_flag` >= 0))
) ENGINE=InnoDB AUTO_INCREMENT=133 DEFAULT CHARSET=utf8mb3;
/*!40101 SET character_set_client = @saved_cs_client */;

--
-- Dumping data for table `django_admin_log`
--

LOCK TABLES `django_admin_log` WRITE;
/*!40000 ALTER TABLE `django_admin_log` DISABLE KEYS */;
INSERT INTO `django_admin_log` VALUES (1,'2025-02-11 13:32:01.553748','1','Ergogroup Segurança do Trabalho LTDA.',1,'[{\"added\": {}}]',30,1),(2,'2025-02-11 13:33:00.168895','1','Victor Desenvolvimento',1,'[{\"added\": {}}]',29,1),(3,'2025-02-11 13:33:28.077950','1','Victor Programador',2,'[{\"changed\": {\"fields\": [\"Nome completo\", \"Especialidade\", \"Registro\", \"Administrador inquilino\", \"Responsavel tecnico\"]}}]',29,1),(4,'2025-02-11 13:33:53.750035','2','Amanda',1,'[{\"added\": {}}]',4,1),(5,'2025-02-11 13:35:33.334279','2','Amanda Viviane Muniz',1,'[{\"added\": {}}]',29,1),(6,'2025-02-11 13:35:41.989524','2','Amanda Viviane Muniz Rodrigues',2,'[{\"changed\": {\"fields\": [\"Nome completo\"]}}]',29,1),(7,'2025-02-11 17:10:07.984816','3','Sofia',1,'[{\"added\": {}}]',4,1),(8,'2025-02-11 17:11:54.327673','3','Sofia Junqueira Garcia',1,'[{\"added\": {}}]',29,1),(9,'2025-02-11 17:53:44.884542','4','Mariana',1,'[{\"added\": {}}]',4,1),(10,'2025-02-11 17:54:30.844608','4','Mariana Souza Costa',1,'[{\"added\": {}}]',29,1),(11,'2025-02-18 16:23:57.930879','2','Claudio Noronha Vaz de Melo',1,'[{\"added\": {}}]',30,1),(12,'2025-02-18 16:25:30.700298','5','Cludio_Vaz',1,'[{\"added\": {}}]',4,1),(13,'2025-02-18 16:27:07.113225','5','Claudio Noronha Vaz de Melo',1,'[{\"added\": {}}]',29,1),(14,'2025-02-18 16:48:54.109526','3','EMED ENGENHARIA E MEDICINA DO TRABALHO LTDA',1,'[{\"added\": {}}]',30,1),(15,'2025-02-18 16:50:29.308989','6','Debora_Abigail',1,'[{\"added\": {}}]',4,1),(16,'2025-02-18 16:51:53.017336','6','Débora Abigail da Luz',1,'[{\"added\": {}}]',29,1),(17,'2025-02-18 16:56:29.675681','4','NOMOS Comsultoria Ltda',1,'[{\"added\": {}}]',30,1),(18,'2025-02-18 16:57:03.781997','7','Camila_Alves',1,'[{\"added\": {}}]',4,1),(19,'2025-02-18 16:57:46.295698','7','Camila Alves Silva do Amaral',1,'[{\"added\": {}}]',29,1),(20,'2025-02-18 16:59:41.764798','5','CARINA S MOURA LTDA',1,'[{\"added\": {}}]',30,1),(21,'2025-02-18 16:59:55.217209','5','CARINA S MOURA LTDA',2,'[]',30,1),(22,'2025-02-18 17:00:01.403179','4','NOMOS Comsultoria Ltda',2,'[]',30,1),(23,'2025-02-18 17:00:07.825584','3','EMED ENGENHARIA E MEDICINA DO TRABALHO LTDA',2,'[]',30,1),(24,'2025-02-18 17:00:12.454425','2','Claudio Noronha Vaz de Melo',2,'[]',30,1),(25,'2025-02-18 17:00:16.997544','1','Ergogroup Segurança do Trabalho LTDA.',2,'[]',30,1),(26,'2025-02-18 17:01:11.681951','8','Carina_Moura',1,'[{\"added\": {}}]',4,1),(27,'2025-02-18 17:02:20.458448','8','Carina Silva Moura',1,'[{\"added\": {}}]',29,1),(28,'2025-02-20 11:19:11.928343','1','Ergogroup Segurança do Trabalho LTDA.',2,'[{\"changed\": {\"fields\": [\"Logo\"]}}]',30,1),(29,'2025-02-20 11:24:40.550324','5','COMIPA – COMPANHIA MINERADORA DO PIROCLORO DE ARAX',2,'[{\"changed\": {\"fields\": [\"Logo\"]}}]',24,1),(30,'2025-02-27 11:38:35.463986','8','ADVANTA COMERCIO DE SEMENTES LTDA',3,'',20,1),(31,'2025-03-17 22:04:13.438387','9','Marilene.ergo',1,'[{\"added\": {}}]',4,1),(32,'2025-03-17 22:05:07.478312','9','Marilene de Resende',1,'[{\"added\": {}}]',29,1),(33,'2025-03-25 15:11:50.877787','9','Marilene.ergo',2,'[{\"changed\": {\"fields\": [\"Superuser status\"]}}]',4,1),(34,'2025-03-25 15:15:28.638377','9','Marilene.ergo',2,'[]',4,1),(35,'2025-03-25 15:15:37.023858','9','Marilene.ergo',2,'[{\"changed\": {\"fields\": [\"Staff status\"]}}]',4,1),(36,'2025-03-25 15:21:25.871676','128','Central Energética Morrinhos - Controle de Serviços Portaria - Portaria 2',3,'',16,9),(37,'2025-03-25 15:22:45.353733','122','Central Energética Morrinhos - AA - Teste - AA - Teste',3,'',16,9),(38,'2025-03-25 15:22:45.353799','58','Central Energética Morrinhos - Gestão de Recursos humanos - Copa',3,'',16,9),(39,'2025-03-25 15:22:45.353855','50','Central Energética Morrinhos - Administrativo Agrícola - Copa',3,'',16,9),(40,'2025-03-26 13:55:29.565112','1','Ergogroup Segurança do Trabalho LTDA.',2,'[{\"changed\": {\"fields\": [\"Logo\"]}}]',30,1),(41,'2025-03-26 14:03:50.605268','4','UBY AGROQUÍMICA S.A',2,'[{\"changed\": {\"fields\": [\"Logo\"]}}]',24,1),(42,'2025-03-26 17:24:50.464582','388','Central Energética Morrinhos - TI Tecnologia da Informação - Sala TI- Manutenção e estoque',3,'',19,9),(43,'2025-04-09 16:35:43.636971','4','UBY AGROQUÍMICA S.A',2,'[{\"changed\": {\"fields\": [\"Logo\"]}}]',24,1),(44,'2025-04-28 17:25:16.563635','1','Ergogroup Segurança do Trabalho LTDA.',2,'[{\"changed\": {\"fields\": [\"Logo\"]}}]',30,1),(45,'2025-04-28 17:45:11.524931','1','MEDIDOR DE LUZ VISÍVEL - LUXÍMETRO',2,'[{\"changed\": {\"fields\": [\"Certificado\"]}}]',32,1),(46,'2025-04-28 17:45:24.313502','1','MEDIDOR DE LUZ VISÍVEL - LUXÍMETRO',2,'[{\"changed\": {\"fields\": [\"Certificado\"]}}]',32,1),(47,'2025-04-28 17:45:33.009100','1','MEDIDOR DE LUZ VISÍVEL - LUXÍMETRO',2,'[{\"changed\": {\"fields\": [\"Certificado\"]}}]',32,1),(48,'2025-05-06 15:13:57.416439','1','Victor',2,'[{\"changed\": {\"fields\": [\"Email address\"]}}]',4,1),(49,'2025-05-06 19:22:22.863682','2','Amanda',2,'[{\"changed\": {\"fields\": [\"Email address\"]}}]',4,1),(50,'2025-05-06 19:22:51.478233','4','Mariana',2,'[{\"changed\": {\"fields\": [\"Email address\"]}}]',4,1),(51,'2025-05-06 19:23:13.837414','3','Sofia',2,'[{\"changed\": {\"fields\": [\"Email address\"]}}]',4,1),(52,'2025-05-06 19:23:36.446671','9','Marilene.ergo',2,'[{\"changed\": {\"fields\": [\"Email address\"]}}]',4,1),(53,'2025-05-16 14:12:05.486839','2','Dor/desconforto muscular ou articular na coluna lombar',3,'',37,1),(54,'2025-05-22 11:58:33.641529','13','MANDIOCA SERTANEJA LTDA',1,'[{\"added\": {}}]',23,1),(55,'2025-06-04 18:51:29.089633','11','ADVANTA COMERCIO DE SEMENTES LTDA.',2,'[{\"changed\": {\"fields\": [\"Logo\"]}}]',24,1),(56,'2025-06-04 18:51:57.753515','3','ADVANTA COMÉRICIO DE SEMENTES LTDA',2,'[{\"changed\": {\"fields\": [\"Logo\"]}}]',24,1),(57,'2025-06-04 18:52:09.282753','1','ADVANTA COMERCIO DE SEMENTES LTDA',2,'[{\"changed\": {\"fields\": [\"Logo\"]}}]',24,1),(58,'2025-06-04 18:52:23.666495','2','BLACK & DECKER DO BRASIL LTDA',2,'[{\"changed\": {\"fields\": [\"Logo\"]}}]',24,1),(59,'2025-06-04 18:52:43.963598','17','Refrigeração Cruvinel LTDA',2,'[{\"changed\": {\"fields\": [\"Logo\"]}}]',24,1),(60,'2025-06-04 18:52:59.003013','6','RENTAL Y INDUSTRIA E COMERCIO LTDA',2,'[{\"changed\": {\"fields\": [\"Logo\"]}}]',24,1),(61,'2025-06-11 18:14:26.795910','1','VictorDev',2,'[{\"changed\": {\"fields\": [\"Username\"]}}]',4,1),(62,'2025-06-11 18:14:34.668796','1','VictorDev',2,'[{\"changed\": {\"fields\": [\"Email address\"]}}]',4,1),(63,'2025-06-11 18:15:02.498758','11','Victor.ergo',1,'[{\"added\": {}}]',4,1),(64,'2025-06-11 18:15:58.720697','11','VICTOR REGINALDO SILVA E SILVA',1,'[{\"added\": {}}]',29,1),(65,'2025-06-11 18:16:52.476972','11','Victor.ergo',2,'[{\"changed\": {\"fields\": [\"Email address\"]}}]',4,1),(66,'2025-06-11 18:16:54.835302','11','VICTOR REGINALDO SILVA E SILVA',2,'[]',29,1),(67,'2025-06-11 18:18:39.510480','11','VICTOR REGINALDO SILVA E SILVA',2,'[{\"changed\": {\"fields\": [\"Administrador inquilino\"]}}]',29,1),(68,'2025-06-11 18:36:37.361092','3','ADVANTA COMÉRICIO DE SEMENTES LTDA',2,'[]',24,1),(69,'2025-06-11 18:36:52.636424','11','ADVANTA COMERCIO DE SEMENTES LTDA.',2,'[{\"changed\": {\"fields\": [\"Logo\"]}}]',24,1),(70,'2025-06-11 18:37:09.387362','3','ADVANTA COMÉRICIO DE SEMENTES LTDA',2,'[]',24,1),(71,'2025-06-11 18:37:17.699041','1','ADVANTA COMERCIO DE SEMENTES LTDA',2,'[]',24,1),(72,'2025-06-11 18:38:01.737918','11','ADVANTA COMERCIO DE SEMENTES LTDA.',2,'[{\"changed\": {\"fields\": [\"Logo\"]}}]',24,1),(73,'2025-06-11 18:38:18.441281','11','ADVANTA COMERCIO DE SEMENTES LTDA.',2,'[{\"changed\": {\"fields\": [\"Logo\"]}}]',24,1),(74,'2025-06-11 18:38:44.880544','1','ADVANTA COMERCIO DE SEMENTES LTDA',2,'[{\"changed\": {\"fields\": [\"Logo\"]}}]',24,1),(75,'2025-06-11 18:39:03.648550','3','ADVANTA COMÉRICIO DE SEMENTES LTDA',2,'[{\"changed\": {\"fields\": [\"Logo\"]}}]',24,1),(76,'2025-06-11 18:39:56.455565','1','ADVANTA COMERCIO DE SEMENTES LTDA',2,'[{\"changed\": {\"fields\": [\"Logo\"]}}]',24,1),(77,'2025-06-11 18:40:06.374927','3','ADVANTA COMÉRICIO DE SEMENTES LTDA',2,'[{\"changed\": {\"fields\": [\"Logo\"]}}]',24,1),(78,'2025-06-11 19:05:45.758788','2','AMANDA VIVIANE MUNIZ RODRIGUES',2,'[{\"changed\": {\"fields\": [\"Especialidade\"]}}]',29,1),(79,'2025-06-27 14:08:07.944537','3','SOFIA JUNQUEIRA GARCIA',2,'[{\"changed\": {\"fields\": [\"Nome formacao\"]}}]',29,1),(80,'2025-06-27 14:08:26.209285','2','AMANDA VIVIANE MUNIZ RODRIGUES',2,'[{\"changed\": {\"fields\": [\"Nome formacao\"]}}]',29,1),(81,'2025-07-14 14:59:52.636959','9','Marilene.ergo',2,'[{\"changed\": {\"fields\": [\"password\"]}}]',4,1),(82,'2025-07-14 18:08:58.163232','18','USITÉCNICA INDÚSTRIA E COMERCIO LTDA',2,'[{\"changed\": {\"fields\": [\"Logo\"]}}]',24,1),(83,'2025-07-14 19:16:58.253290','1','Gestão de Ordens de Serviço',1,'[{\"added\": {}}]',42,1),(84,'2025-07-14 19:17:37.351366','2','Avaliação Ergonômica Preliminar (AEP)',1,'[{\"added\": {}}]',42,1),(85,'2025-07-14 19:17:52.231705','3','Relatórios de Luminância (NHO-11)',1,'[{\"added\": {}}]',42,1),(86,'2025-07-14 19:17:58.291384','3','Relatórios de Luminância (NHO-11)',2,'[{\"changed\": {\"fields\": [\"Codigo\"]}}]',42,1),(87,'2025-07-14 19:20:34.528102','3','Relatórios de Luminância (NHO-11)',2,'[{\"changed\": {\"fields\": [\"Imagem\"]}}]',42,1),(88,'2025-07-14 19:21:22.826709','3','Relatórios de Luminância (NHO-11)',2,'[{\"changed\": {\"fields\": [\"Imagem\"]}}]',42,1),(89,'2025-07-14 19:22:14.232252','2','Avaliação Ergonômica Preliminar (AEP)',2,'[{\"changed\": {\"fields\": [\"Imagem\"]}}]',42,1),(90,'2025-07-14 19:25:34.596206','1','Gestão de Ordens de Serviço',2,'[{\"changed\": {\"fields\": [\"Imagem\"]}}]',42,1),(91,'2025-07-14 19:38:49.391201','11','VICTOR REGINALDO SILVA E SILVA',2,'[{\"changed\": {\"fields\": [\"Foto perfil\"]}}]',29,1),(92,'2025-07-15 16:15:26.444985','16','Açúcar e Álcool Oswaldo Ribeiro de Mendonça Ltda',2,'[{\"changed\": {\"fields\": [\"User modificador\"]}}]',20,1),(93,'2025-07-15 16:18:31.659265','19','FBS CONSTRUÇÃO CIVIL E PAVIMENTAÇÃO S.A',2,'[{\"changed\": {\"fields\": [\"Telefone institucional\", \"Email institucional\"]}}]',24,1),(94,'2025-07-15 16:18:56.224811','19','FBS CONSTRUÇÃO CIVIL E PAVIMENTAÇÃO S.A',2,'[{\"changed\": {\"fields\": [\"Logo\"]}}]',24,1),(96,'2025-07-15 16:21:21.932517','5','ADVANTA COMÉRICIO DE SEMENTES LTDA',2,'[{\"changed\": {\"fields\": [\"User criador\", \"User modificador\"]}}]',20,1),(97,'2025-07-15 16:30:20.198722','4','COMIPA – COMPANHIA MINERADORA DO PIROCLORO DE ARAXÁ',2,'[{\"changed\": {\"fields\": [\"User criador\"]}}]',20,1),(98,'2025-07-15 16:31:46.911150','2','UBY AGROQUÍMICA S.A',2,'[{\"changed\": {\"fields\": [\"User criador\"]}}]',20,1),(99,'2025-07-15 16:31:56.385159','4','COMIPA – COMPANHIA MINERADORA DO PIROCLORO DE ARAXÁ',2,'[]',20,1),(100,'2025-07-15 16:32:10.091640','2','UBY AGROQUÍMICA S.A',2,'[{\"changed\": {\"fields\": [\"User modificador\"]}}]',20,1),(101,'2025-07-15 18:32:58.977006','11','VICTOR REGINALDO SILVA E SILVA',2,'[{\"changed\": {\"fields\": [\"Foto perfil\"]}}]',29,1),(102,'2025-07-15 18:37:02.250016','1','MEDIDOR DE LUZ VISÍVEL - LUXÍMETRO',2,'[{\"changed\": {\"fields\": [\"Certificado\"]}}]',32,1),(103,'2025-07-15 18:37:13.145355','2','LUXÍMETRO HT620L',2,'[{\"changed\": {\"fields\": [\"Certificado\"]}}]',32,1),(104,'2025-07-24 17:25:45.329398','16','AÇÚCAR E ÁLCOOL OSWALDO RIBEIRO DE MENDONÇA S/A',2,'[{\"changed\": {\"fields\": [\"Nome\", \"Telefone institucional\", \"Email institucional\"]}}]',24,1),(105,'2025-07-24 17:26:34.812840','15','AÇÚCAR E ÁLCOOL OSWALDO RIBEIRO DE MENDONÇA S/A.',2,'[{\"changed\": {\"fields\": [\"Nome\", \"Telefone institucional\", \"Email institucional\"]}}]',24,1),(106,'2025-07-24 17:26:47.870576','16','AÇÚCAR E ÁLCOOL OSWALDO RIBEIRO DE MENDONÇA S/A.',2,'[{\"changed\": {\"fields\": [\"Nome\"]}}]',24,1),(107,'2025-07-24 17:26:53.041049','15','AÇÚCAR E ÁLCOOL OSWALDO RIBEIRO DE MENDONÇA S/A.',2,'[]',24,1),(108,'2025-07-28 13:57:38.819284','6','AMANDA VIVIANE MUNIZ RODRIGUES - Açúcar e Álcool Oswaldo Ribeiro de Mendonça S/A.',3,'',36,1),(109,'2025-07-28 13:58:20.905582','5','SOFIA JUNQUEIRA GARCIA - MANDIOCA SERTANEJA LTDA',3,'',36,1),(110,'2025-07-28 13:58:20.905668','3','SOFIA JUNQUEIRA GARCIA - SERTANITOS INDUSTRIA E COMERCIO DE MANDIOCA LTDA',3,'',36,1),(111,'2025-07-28 13:58:20.905701','2','AMANDA VIVIANE MUNIZ RODRIGUES - SERTANITOS INDUSTRIA E COMERCIO DE MANDIOCA LTDA',3,'',36,1),(112,'2025-07-29 18:50:52.338811','18','USITÉCNICA INDÚSTRIA E COMERCIO LTDA',2,'[{\"changed\": {\"fields\": [\"Logo\", \"Telefone institucional\", \"Email institucional\"]}}]',24,1),(113,'2025-07-29 18:55:16.924582','18','USITÉCNICA INDÚSTRIA E COMERCIO LTDA',2,'[{\"changed\": {\"fields\": [\"Logo\", \"Telefone institucional\", \"Email institucional\"]}}]',24,1),(114,'2025-07-29 19:53:42.517612','18','USITÉCNICA INDÚSTRIA E COMERCIO LTDA',2,'[{\"changed\": {\"fields\": [\"Logo\"]}}]',24,1),(117,'2025-09-25 14:09:31.695663','281','UBY AGROQUÍMICA S.A - Almoxarifado - Almoxarifado / Administrativo',3,'',16,1),(118,'2025-09-25 14:09:31.845670','280','UBY AGROQUÍMICA S.A - Almoxarifado - Almoxarifado / Administrativo',3,'',16,1),(119,'2025-09-25 14:09:31.995090','279','UBY AGROQUÍMICA S.A - Almoxarifado - Almoxarifado / Administrativo',3,'',16,1),(120,'2025-09-25 14:09:32.144939','278','UBY AGROQUÍMICA S.A - Almoxarifado - Almoxarifado / Administrativo',3,'',16,1),(121,'2025-09-29 12:00:22.172240','3','Sofia',2,'[{\"changed\": {\"fields\": [\"password\"]}}]',4,1),(122,'2025-09-30 14:46:03.277919','286','Açúcar e Álcool Oswaldo Ribeiro de Mendonça S/A. - Desenvolvimento - AA - Teste',3,'',16,1),(123,'2025-10-09 06:58:04.258222','11','contato.victordev02@gmail.com',2,'[{\"changed\": {\"fields\": [\"Username\"]}}]',4,1),(124,'2025-10-09 07:00:28.761099','1','Relatórios De Luminância - Premium',1,'[{\"added\": {}}]',46,1),(125,'2025-10-09 07:00:58.648481','2','Avaliação Ergonômica Preliminar - Premium',1,'[{\"added\": {}}]',46,1),(126,'2025-10-09 07:01:19.098485','1','Ergogroup Segurança do Trabalho LTDA. - Premium (Ativa)',1,'[{\"added\": {}}]',47,1),(127,'2025-10-09 15:29:36.430584','2','amanda.muniz@ergogroup.com.br',2,'[{\"changed\": {\"fields\": [\"Username\"]}}]',4,1),(128,'2025-10-09 15:29:56.397557','3','sofia.junqueira@ergogroup.com.br',2,'[{\"changed\": {\"fields\": [\"Username\"]}}]',4,1),(129,'2025-10-09 15:30:08.887172','10','sabrina.vaz@ergogroup.com.br',2,'[{\"changed\": {\"fields\": [\"Username\"]}}]',4,1),(130,'2025-10-09 15:30:23.280812','4','mariana.costa@ergogroup.com.br',2,'[{\"changed\": {\"fields\": [\"Username\"]}}]',4,1),(131,'2025-10-09 15:30:53.882335','13','Victor',3,'',4,1),(132,'2025-10-09 15:30:53.888115','12','VictorDev_2',3,'',4,1);
/*!40000 ALTER TABLE `django_admin_log` ENABLE KEYS */;
UNLOCK TABLES;

--
-- Table structure for table `django_content_type`
--

DROP TABLE IF EXISTS `django_content_type`;
/*!40101 SET @saved_cs_client     = @@character_set_client */;
/*!50503 SET character_set_client = utf8mb4 */;
CREATE TABLE `django_content_type` (
  `id` int NOT NULL AUTO_INCREMENT,
  `app_label` varchar(100) NOT NULL,
  `model` varchar(100) NOT NULL,
  PRIMARY KEY (`id`),
  UNIQUE KEY `django_content_type_app_label_model_76bd3d3b_uniq` (`app_label`,`model`)
) ENGINE=InnoDB AUTO_INCREMENT=50 DEFAULT CHARSET=utf8mb3;
/*!40101 SET character_set_client = @saved_cs_client */;

--
-- Dumping data for table `django_content_type`
--

LOCK TABLES `django_content_type` WRITE;
/*!40000 ALTER TABLE `django_content_type` DISABLE KEYS */;
INSERT INTO `django_content_type` VALUES (1,'admin','logentry'),(3,'auth','group'),(2,'auth','permission'),(4,'auth','user'),(7,'automacao_aep','aep'),(8,'automacao_aep','avaliacao'),(37,'automacao_aep','circunstanciariscoergonomico'),(43,'automacao_aep','colaborador'),(38,'automacao_aep','fonteriscoergonomico'),(9,'automacao_aep','historicorevisoes'),(39,'automacao_aep','lesaoagravo'),(10,'automacao_aep','medidacontroleengenharia'),(11,'automacao_aep','medidacontroleindividual'),(12,'automacao_aep','medidacontroleorganizacional'),(36,'automacao_aep','perfilrelacionado'),(14,'automacao_aep','situacaorisco'),(13,'automacao_aep','sugestaorecomendacao'),(21,'automacao_rel_luminancia','ambiente'),(16,'automacao_rel_luminancia','avaliacao'),(44,'automacao_rel_luminancia','colaborador'),(17,'automacao_rel_luminancia','descricao'),(22,'automacao_rel_luminancia','historicorevisoes'),(18,'automacao_rel_luminancia','inconsistencias'),(23,'automacao_rel_luminancia','perfilrelacionado'),(19,'automacao_rel_luminancia','posto'),(20,'automacao_rel_luminancia','relatorioluminancia'),(15,'automacao_rel_luminancia','tipoambiente'),(28,'clientes','ambiente'),(26,'clientes','atividade'),(24,'clientes','cliente'),(40,'clientes','contato'),(41,'clientes','dadoscontrato'),(25,'clientes','funcao'),(27,'clientes','setor'),(31,'contas','funcao'),(30,'contas','inquilino'),(29,'contas','perfil'),(35,'contas','quantidadedownloads'),(5,'contenttypes','contenttype'),(32,'equipamentos','equipamento'),(47,'financeiro','assinatura'),(48,'financeiro','beneficio'),(46,'financeiro','plano'),(49,'financeiro','produto'),(45,'financeiro','usomensal'),(33,'planos','modulo'),(34,'planos','plano'),(42,'produtos','produto'),(6,'sessions','session');
/*!40000 ALTER TABLE `django_content_type` ENABLE KEYS */;
UNLOCK TABLES;

--
-- Table structure for table `django_migrations`
--

DROP TABLE IF EXISTS `django_migrations`;
/*!40101 SET @saved_cs_client     = @@character_set_client */;
/*!50503 SET character_set_client = utf8mb4 */;
CREATE TABLE `django_migrations` (
  `id` bigint NOT NULL AUTO_INCREMENT,
  `app` varchar(255) NOT NULL,
  `name` varchar(255) NOT NULL,
  `applied` datetime(6) NOT NULL,
  PRIMARY KEY (`id`)
) ENGINE=InnoDB AUTO_INCREMENT=178 DEFAULT CHARSET=utf8mb3;
/*!40101 SET character_set_client = @saved_cs_client */;

--
-- Dumping data for table `django_migrations`
--

LOCK TABLES `django_migrations` WRITE;
/*!40000 ALTER TABLE `django_migrations` DISABLE KEYS */;
INSERT INTO `django_migrations` VALUES (1,'contenttypes','0001_initial','2025-02-11 13:17:51.686414'),(2,'auth','0001_initial','2025-02-11 13:17:53.662874'),(3,'admin','0001_initial','2025-02-11 13:17:54.302760'),(4,'admin','0002_logentry_remove_auto_add','2025-02-11 13:17:54.333359'),(5,'admin','0003_logentry_add_action_flag_choices','2025-02-11 13:17:54.353113'),(6,'contenttypes','0002_remove_content_type_name','2025-02-11 13:17:54.721225'),(7,'auth','0002_alter_permission_name_max_length','2025-02-11 13:17:54.986856'),(8,'auth','0003_alter_user_email_max_length','2025-02-11 13:17:55.242220'),(9,'auth','0004_alter_user_username_opts','2025-02-11 13:17:55.272805'),(10,'auth','0005_alter_user_last_login_null','2025-02-11 13:17:55.531805'),(11,'auth','0006_require_contenttypes_0002','2025-02-11 13:17:55.549244'),(12,'auth','0007_alter_validators_add_error_messages','2025-02-11 13:17:55.579685'),(13,'auth','0008_alter_user_username_max_length','2025-02-11 13:17:55.877941'),(14,'auth','0009_alter_user_last_name_max_length','2025-02-11 13:17:56.123836'),(15,'auth','0010_alter_group_name_max_length','2025-02-11 13:17:56.370786'),(16,'auth','0011_update_proxy_permissions','2025-02-11 13:17:56.412747'),(17,'auth','0012_alter_user_first_name_max_length','2025-02-11 13:17:56.663628'),(18,'contas','0001_initial','2025-02-11 13:17:57.354447'),(19,'contas','0002_inquilino_bairro_inquilino_cep_inquilino_cidade_and_more','2025-02-11 13:17:58.599462'),(20,'contas','0003_formacao_funcao_perfil_administrador_inquilino_and_more','2025-02-11 13:18:00.147129'),(21,'contas','0004_remove_perfil_formacao_perfil_especialidade_and_more','2025-02-11 13:18:01.068948'),(22,'contas','0005_alter_perfil_foto_perfil_remove_perfil_funcao_and_more','2025-02-11 13:18:01.998338'),(23,'contas','0006_alter_perfil_funcao','2025-02-11 13:18:02.027910'),(24,'contas','0007_alter_perfil_cpf','2025-02-11 13:18:02.052182'),(25,'clientes','0001_initial','2025-02-11 13:18:03.266626'),(27,'automacao_aep','0002_medidacontroleengenharia_medidacontroleindividual_and_more','2025-02-11 13:18:07.474581'),(28,'automacao_aep','0003_remove_avaliacao_aspectos_ergonomicos_and_more','2025-02-11 13:18:10.730941'),(29,'automacao_aep','0004_situacaorisco','2025-02-11 13:18:12.232576'),(30,'automacao_aep','0005_avaliacao_periodo_avaliacao','2025-02-11 13:18:12.449992'),(31,'automacao_aep','0006_aep_inquilino','2025-02-11 13:18:12.864313'),(32,'automacao_aep','0007_rename_perigos_externo_situacaorisco_perigos_externos','2025-02-11 13:18:12.974670'),(33,'automacao_aep','0008_remove_avaliacao_registro_fotografico_and_more','2025-02-11 13:18:13.239746'),(34,'automacao_aep','0009_remove_situacaorisco_perigo_fator_risco','2025-02-11 13:18:13.345412'),(35,'automacao_aep','0010_situacaorisco_perigo_fator_risco','2025-02-11 13:18:13.483817'),(36,'automacao_aep','0011_aep_responsaveis_tecnicos_and_more','2025-02-11 13:18:14.399822'),(37,'planos','0001_initial','2025-02-11 13:18:15.063682'),(38,'planos','0002_remove_plano_inquilino','2025-02-11 13:18:15.374424'),(39,'planos','0003_alter_modulo_descricao','2025-02-11 13:18:15.524521'),(40,'planos','0004_plano_nome_plano_valor','2025-02-11 13:18:15.765950'),(41,'contas','0008_perfil_inquilo','2025-02-11 13:18:16.222112'),(42,'contas','0009_rename_inquilo_perfil_inquilino','2025-02-11 13:18:16.826338'),(43,'contas','0010_remove_inquilino_user_criador','2025-02-11 13:18:17.203591'),(44,'contas','0011_inquilino_plano','2025-02-11 13:18:17.558689'),(45,'contas','0012_alter_inquilino_plano','2025-02-11 13:18:18.482880'),(46,'contas','0013_inquilino_id_assinatura_inquilino_id_cliente_assas','2025-02-11 13:18:18.764904'),(47,'contas','0014_rename_id_assinatura_inquilino_id_cobranca','2025-02-11 13:18:18.905309'),(48,'contas','0015_inquilino_invoice_url','2025-02-11 13:18:19.015651'),(49,'contas','0016_inquilino_status_pagamento','2025-02-11 13:18:19.187158'),(50,'contas','0017_alter_inquilino_status_pagamento','2025-02-11 13:18:19.366017'),(51,'contas','0018_alter_inquilino_status_pagamento','2025-02-11 13:18:19.388783'),(52,'contas','0019_alter_inquilino_inscricao_estadual_and_more','2025-02-11 13:18:20.214314'),(53,'equipamentos','0001_initial','2025-02-11 13:18:20.309282'),(54,'clientes','0002_alter_cliente_user_criador','2025-02-11 13:18:21.057518'),(55,'clientes','0003_cliente_inscricao_estadual','2025-02-11 13:18:21.256292'),(56,'clientes','0004_cliente_email_cliente_telefone','2025-02-11 13:18:21.493196'),(57,'clientes','0005_cliente_email_gestor_contrato_and_more','2025-02-11 13:18:21.875278'),(58,'clientes','0006_cliente_cargo_gestor_contrato','2025-02-11 13:18:22.007708'),(59,'clientes','0007_alter_atividade_funcao','2025-02-11 13:18:22.046429'),(60,'automacao_rel_luminancia','0001_initial','2025-02-11 13:18:26.179550'),(61,'automacao_rel_luminancia','0002_rename_hitoricorevisoes_historicorevisoes','2025-02-11 13:18:26.304773'),(62,'automacao_rel_luminancia','0003_alter_posto_avaliacao_id','2025-02-11 13:18:26.742854'),(63,'automacao_rel_luminancia','0004_relatorioluminancia_inquilino','2025-02-11 13:18:27.190873'),(64,'automacao_rel_luminancia','0005_alter_avaliacao_relatorio_luminancia_id','2025-02-11 13:18:27.240836'),(65,'automacao_rel_luminancia','0006_ambiente_inquilino_avaliacao_inquilino_and_more','2025-02-11 13:18:29.240174'),(66,'automacao_rel_luminancia','0007_alter_avaliacao_ambiente_alter_avaliacao_setor','2025-02-11 13:18:31.607035'),(67,'automacao_rel_luminancia','0008_remove_relatorioluminancia_emissao_and_more','2025-02-11 13:18:32.090243'),(68,'automacao_rel_luminancia','0009_perfilrelacionado','2025-02-11 13:18:32.707035'),(69,'automacao_rel_luminancia','0010_remove_relatorioluminancia_perfis_relacionados','2025-02-11 13:18:32.821931'),(70,'clientes','0008_ambiente_inquilino_atividade_inquilino_and_more','2025-02-11 13:18:34.378226'),(71,'clientes','0009_alter_cliente_nome','2025-02-11 13:18:34.554985'),(72,'clientes','0010_alter_cliente_email_alter_cliente_grau_risco_and_more','2025-02-11 13:18:36.675441'),(73,'equipamentos','0002_alter_equipamento_certificado_and_more','2025-02-11 13:18:36.709739'),(74,'equipamentos','0003_equipamento_inquilino','2025-02-11 13:18:37.112480'),(75,'sessions','0001_initial','2025-02-11 13:18:37.282225'),(76,'automacao_rel_luminancia','0011_relatorioluminancia_user_criador','2025-02-18 16:21:04.135860'),(77,'contas','0020_alter_inquilino_telefone','2025-03-10 14:22:51.029996'),(78,'contas','0021_alter_inquilino_bairro_alter_inquilino_cidade_and_more','2025-03-10 14:22:52.791426'),(79,'contas','0022_remove_inquilino_administrador_and_more','2025-03-10 14:22:53.205996'),(80,'contas','0023_remove_inquilino_email','2025-03-10 14:22:53.279870'),(81,'contas','0024_inquilino_email','2025-03-10 14:22:53.391984'),(82,'contas','0025_remove_perfil_funcao_delete_funcao','2025-03-10 14:22:53.471947'),(83,'contas','0026_remove_perfil_responsavel_tecnico','2025-03-10 14:22:53.590415'),(84,'contas','0027_relatorioluminanciadownload','2025-03-10 14:22:53.741096'),(85,'contas','0028_rename_relatorioluminanciadownload_quantidadedownloads','2025-03-10 14:22:53.943505'),(86,'equipamentos','0004_alter_equipamento_data_calibracao_and_more','2025-03-10 14:22:54.856669'),(87,'planos','0005_alter_plano_valor','2025-03-10 14:22:54.930396'),(88,'planos','0006_plano_limite_downloads','2025-03-10 14:22:55.015195'),(89,'automacao_aep','0012_rename_data_elaboracao_aep_data_criacao_and_more','2025-04-09 15:33:37.355164'),(90,'automacao_aep','0013_historicorevisoes_usuario','2025-04-09 15:33:37.502357'),(91,'automacao_aep','0014_alter_historicorevisoes_descricao_and_more','2025-04-09 15:33:37.747349'),(92,'automacao_aep','0015_perfilrelacionado','2025-04-09 15:33:37.960817'),(93,'automacao_aep','0016_alter_avaliacao_ambiente_alter_avaliacao_atividade_and_more','2025-04-09 15:33:38.745687'),(94,'automacao_aep','0017_rename_jonada_trabalho_avaliacao_jornada_trabalho','2025-04-09 15:33:38.790900'),(95,'automacao_aep','0018_alter_situacaorisco_medida_controle_engenharia_and_more','2025-04-09 15:33:39.414147'),(96,'automacao_aep','0019_alter_situacaorisco_clas_risco_probabilidade_and_more','2025-04-09 15:33:39.633648'),(97,'automacao_aep','0020_alter_situacaorisco_classificacao_risco','2025-04-09 15:33:39.718029'),(98,'automacao_aep','0021_alter_situacaorisco_registro_fotografico','2025-04-09 15:33:39.794360'),(99,'automacao_rel_luminancia','0012_rename_equipamento_relatorioluminancia_equipamento','2025-04-09 15:33:40.054879'),(100,'automacao_rel_luminancia','0013_alter_descricao_foto_iluminacao','2025-04-09 19:12:34.864823'),(101,'automacao_aep','0022_rename_fim_vigencia_aep_data_criacao_manual_and_more','2025-04-10 18:06:30.222284'),(102,'automacao_aep','0023_rename_ambiente_avaliacao_area_avaliada_and_more','2025-04-10 18:06:30.983589'),(103,'automacao_aep','0024_alter_situacaorisco_medida_controle_individual_and_more','2025-04-10 18:06:31.004508'),(104,'automacao_aep','0025_alter_situacaorisco_options_and_more','2025-04-10 18:06:31.051092'),(105,'automacao_aep','0026_alter_situacaorisco_perigo_fator_risco','2025-05-06 15:22:57.562065'),(106,'automacao_rel_luminancia','0014_alter_avaliacao_relatorio_luminancia_id_and_more','2025-05-06 15:22:57.714234'),(107,'automacao_rel_luminancia','0015_alter_historicorevisoes_relatorio_luminancia_id_and_more','2025-05-06 15:22:57.827298'),(108,'automacao_rel_luminancia','0016_relatorioluminancia_user_modificador','2025-05-06 15:22:58.205526'),(109,'automacao_rel_luminancia','0017_alter_relatorioluminancia_user_modificador','2025-05-06 15:22:58.245553'),(110,'automacao_rel_luminancia','0018_relatorioluminancia_data_modificacao','2025-05-06 15:22:58.403807'),(111,'automacao_rel_luminancia','0019_relatorioluminancia_qtd_avaliacoes','2025-05-06 15:22:58.542882'),(112,'automacao_rel_luminancia','0020_atualiza_qtd_avaliacoes','2025-05-06 15:22:58.703051'),(113,'automacao_aep','0002_alter_fonteriscoergonomico_aspectos_ergonomicos','2025-05-10 13:03:59.362340'),(114,'automacao_aep','0003_alter_fonteriscoergonomico_descricao','2025-05-10 13:03:59.412203'),(115,'automacao_aep','0004_alter_circunstanciariscoergonomico_descricao','2025-05-10 13:03:59.458348'),(116,'automacao_aep','0001_initial','2025-05-10 13:29:37.343224'),(117,'automacao_rel_luminancia','0021_rename_relatorio_luminancia_id_perfilrelacionado_relatorio_luminancia','2025-05-14 18:35:37.921266'),(118,'automacao_rel_luminancia','0022_rename_relatorio_luminancia_perfilrelacionado_relatorio_luminancia_id','2025-05-14 18:35:38.188364'),(119,'equipamentos','0005_equipamento_luximetro','2025-05-14 18:35:38.329484'),(120,'equipamentos','0006_equipamento_data_criacao_and_more','2025-05-14 18:35:38.938309'),(121,'automacao_aep','0002_alter_situacaorisco_classificacao_risco_and_more','2025-06-04 18:49:05.701584'),(122,'automacao_rel_luminancia','0023_update_qtd_avaliacoes','2025-06-04 18:49:05.816609'),(123,'automacao_rel_luminancia','0024_perfilrelacionado_status','2025-06-04 18:49:05.954763'),(124,'automacao_rel_luminancia','0025_relatorioluminancia_status','2025-06-04 18:49:06.176762'),(125,'automacao_rel_luminancia','0026_remove_relatorioluminancia_criador','2025-06-04 18:49:06.272234'),(126,'automacao_rel_luminancia','0027_avaliacao_data_criacao_avaliacao_data_modificacao_and_more','2025-06-04 18:49:07.166398'),(127,'automacao_rel_luminancia','0028_perfilrelacionado_data_criacao_and_more','2025-06-04 18:49:07.977268'),(128,'automacao_rel_luminancia','0029_remove_perfilrelacionado_data_modificacao_and_more','2025-06-04 18:49:08.304028'),(129,'automacao_rel_luminancia','0030_delete_historicorevisoes','2025-06-04 18:49:08.371604'),(130,'clientes','0011_remove_atividade_funcao_remove_atividade_inquilino_and_more','2025-07-14 18:18:48.840975'),(131,'clientes','0012_rename_cnae_cliente_cnae_and_more','2025-07-14 18:18:51.307177'),(132,'clientes','0013_alter_dadoscontrato_cliente','2025-07-14 18:18:51.377584'),(133,'clientes','0014_rename_inicio_contrato_dadoscontrato_data_inicio_contrato_and_more','2025-07-14 18:18:51.541566'),(134,'clientes','0015_alter_dadoscontrato_cliente','2025-07-14 18:18:51.873416'),(135,'clientes','0016_alter_dadoscontrato_status_vencimento','2025-07-14 18:18:52.068741'),(136,'clientes','0017_remove_cliente_filial_and_more','2025-07-14 18:18:52.442681'),(137,'clientes','0018_alter_cliente_options','2025-07-14 18:18:52.474630'),(138,'clientes','0019_cliente_email_institucional_and_more','2025-07-14 18:18:52.627118'),(139,'clientes','0020_alter_cliente_email_institucional_and_more','2025-07-14 18:18:53.140915'),(140,'automacao_aep','0003_alter_avaliacao_periodo_avaliacao_and_more','2025-07-14 18:18:53.204104'),(141,'automacao_aep','0004_delete_historicorevisoes','2025-07-14 18:18:53.250388'),(142,'automacao_aep','0005_perfilrelacionado_data_criacao_and_more','2025-07-14 18:18:53.555589'),(143,'automacao_aep','0006_aep_gestor_contrato_aep_qtd_avaliacoes_aep_status','2025-07-14 18:18:53.976972'),(144,'automacao_rel_luminancia','0031_relatorioluminancia_gestor_contrato','2025-07-14 18:18:54.219993'),(145,'automacao_rel_luminancia','0032_alter_relatorioluminancia_gestor_contrato','2025-07-14 18:18:54.262963'),(146,'produtos','0001_initial','2025-07-14 18:18:54.322811'),(147,'produtos','0002_produto_codigo','2025-07-14 18:18:54.415383'),(148,'produtos','0003_produto_posicao','2025-07-14 18:18:54.503118'),(149,'produtos','0004_remove_produto_posicao_alter_produto_codigo','2025-07-14 18:18:54.721480'),(150,'produtos','0005_alter_produto_codigo','2025-07-14 18:18:54.730031'),(151,'automacao_aep','0007_aep_perfis','2025-07-30 15:32:18.987273'),(152,'automacao_aep','0008_remove_aep_qtd_avaliacoes_remove_aep_status','2025-07-30 15:32:19.373236'),(153,'automacao_aep','0009_auto_20250727_1919','2025-07-30 15:32:19.445770'),(154,'automacao_aep','0010_alter_situacaorisco_classificacao_risco','2025-07-30 15:32:19.467759'),(155,'automacao_aep','0011_aep_quantidade_avaliacoes','2025-07-30 15:32:19.778356'),(156,'automacao_aep','0012_aep_status','2025-07-30 15:32:19.943623'),(157,'clientes','0021_auto_20250730_0033','2025-07-30 15:32:19.996181'),(158,'automacao_aep','0002_adjust_legacy_table_structure','2025-09-19 13:52:13.908545'),(159,'automacao_aep','0003_remove_legacy_fields','2025-09-19 13:52:17.689875'),(160,'automacao_aep','0004_align_all_tables_with_current_models','2025-09-19 13:52:30.129289'),(161,'automacao_aep','0005_adicionar_coluna_inquilino_avaliacao','2025-09-19 13:52:30.932596'),(162,'automacao_rel_luminancia','0002_alinhar_banco_com_models','2025-09-19 13:52:37.164982'),(163,'automacao_rel_luminancia','0003_criar_tabela_colaborador','2025-09-19 13:52:39.786440'),(164,'automacao_rel_luminancia','0004_alter_colaborador_managers_alter_colaborador_table','2025-09-19 13:52:40.034019'),(165,'automacao_rel_luminancia','0005_adicionar_campos_gestor','2025-09-19 13:52:41.039009'),(166,'automacao_rel_luminancia','0006_renomear_coluna_relatorio_luminancia','2025-09-19 13:52:41.469312'),(167,'automacao_rel_luminancia','0007_corrigir_coluna_avaliacao_ambiente','2025-09-19 13:52:42.017642'),(168,'automacao_rel_luminancia','0008_corrigir_colunas_avaliacao_posto_inconsistencias_descricao','2025-09-19 13:52:43.263366'),(169,'clientes','0002_remover_tabelas_orfas','2025-09-19 13:52:43.696343'),(170,'clientes','0003_alinhar_banco_legacy','2025-09-19 13:52:46.555132'),(171,'contas','0002_alinhar_banco_legacy','2025-09-19 13:52:49.182120'),(172,'equipamentos','0002_alinhar_banco_legacy','2025-09-19 13:52:50.196769'),(173,'clientes','0004_delete_contato','2025-09-22 11:05:48.998458'),(174,'financeiro','0001_initial','2025-09-22 11:05:55.248013'),(175,'automacao_aep','0006_alter_situacaorisco_classificacao_risco_and_more','2025-10-09 04:11:24.563925'),(176,'contas','0003_fix_inquilino_nullable','2025-10-09 04:11:24.677937'),(177,'financeiro','0002_plano_limite_usuarios','2025-10-09 04:11:24.738930');
/*!40000 ALTER TABLE `django_migrations` ENABLE KEYS */;
UNLOCK TABLES;

--
-- Table structure for table `django_session`
--

DROP TABLE IF EXISTS `django_session`;
/*!40101 SET @saved_cs_client     = @@character_set_client */;
/*!50503 SET character_set_client = utf8mb4 */;
CREATE TABLE `django_session` (
  `session_key` varchar(40) NOT NULL,
  `session_data` longtext NOT NULL,
  `expire_date` datetime(6) NOT NULL,
  PRIMARY KEY (`session_key`),
  KEY `django_session_expire_date_a5c62663` (`expire_date`)
) ENGINE=InnoDB DEFAULT CHARSET=utf8mb3;
/*!40101 SET character_set_client = @saved_cs_client */;

--
-- Dumping data for table `django_session`
--

LOCK TABLES `django_session` WRITE;
/*!40000 ALTER TABLE `django_session` DISABLE KEYS */;
INSERT INTO `django_session` VALUES ('0h3nzeq9deact7rjf360e0gm7ehrz9jc','.eJxVjDsOwyAQBe9CHSFsWGBTpvcZEMsnOIlAMnYV5e6xJRdJ-2bmvZnz21rc1tPi5siuDNnldyMfnqkeID58vTceWl2Xmfih8JN2PrWYXrfT_Tsovpe91gaVQrJCA4RMI4EZMISUVRB-UMJQloCWVJJJAqhRA-WYI8q91BbY5wvWmjdt:1uFv24:fIVs9vxnbImwZ5eKqV_N51WPWq_wib7z6YzGa8FT-N0','2025-05-30 13:23:24.569685'),('0sgmhpkfq6qxx59csmb62kmntc08p08o','.eJxVjMsOgjAUBf-la9NcKLbVpXu-gdxXBTVtQmFl_HchYaHbMzPnbQZcl3FYq87DJOZqojn9boT81LwDeWC-F8slL_NEdlfsQavti-jrdrh_ByPWcasRfOOUfMeRkzsHgCZIi60oYXKBIhFE6RgEYmw8ECRlCJvJnVwwmc8X73s4TQ:1tkR9h:43ntZdG7g0FvoXnI0C5pvfnPcr7WTVKM6qAJQdStkBU','2025-03-04 17:13:09.495320'),('0vuszcdizal5eowwhiodvt4svdtaah9f','.eJxVjEEOwiAQRe_C2pABpgFcuvcMZGCmUjU0Ke3KeHdt0oVu_3vvv1Siba1p67KkidVZOXX63TKVh7Qd8J3abdZlbusyZb0r-qBdX2eW5-Vw_w4q9fqti3fRGLRAbHBkHIoDwcCRLYkBGxCyjxgieQuYSXhwMJIt4jmQR_X-AMwQN5I:1tncl7:A6YwusSH7z1ZKMduD5SvdTgZD0W34dKvH94pj8QbLhY','2025-03-13 12:12:57.350685'),('0y0tz8vlu082hclbepavhptzd3rg8lxh','.eJxVjMsOwiAQRf-FtSEwyMul-34DGQaQqoGktCvjv2uTLnR7zzn3xQJuaw3byEuYE7swKdnpd4xIj9x2ku7Ybp1Tb-syR74r_KCDTz3l5_Vw_w4qjvqtnS5UUAKREhbRFwUWkjYSotQCqGgDmhza5C3Fs8mIyoN31rooRSzs_QEKMTgB:1umBtw:5vthr47ex6Ck6UM0JxKCpX9FpbtGSCxP1GGavAniELc','2025-08-27 13:52:24.185296'),('14mj4qjzets48q5n3fqbdmwh3ir8ul33','.eJxVjDsOwjAQBe_iGll48QdT0nOGaHe9xgFkS3FSIe5OIqWA9s3Me6sBl7kMS5dpGJO6KKMOvxshP6VuID2w3pvmVudpJL0peqdd31qS13V3_w4K9rLWaLw7czSZjuQdRSdg4ZRD8IYhM3tJYgUkRcuAjgN4MFZWGSJSJPX5Aui4OC8:1uEzH6:NbJPCAoTKWc6JGWFshIC_5DFlnuYakul-sqJ3ZcsbqI','2025-05-27 23:43:04.262526'),('1dql31jocdovu2enxs3dj2855tzwnknn','.eJxVjMsOwiAQRf-FtSFTxvJw6b7fQAYYpGogKe3K-O_apAvd3nPOfQlP21r81nnxcxIXgeL0uwWKD647SHeqtyZjq-syB7kr8qBdTi3x83q4fweFevnWyoFTQ9bOGavZgKIcIZHNo1M5RGBGByORVhbMcE5kGINhjRrAIIJ4fwDNgTcW:1v3aBD:B_OoCKuwej_R30Incynptc7HYmSI4TIscjYSpiH6BuU','2025-09-30 14:14:07.789638'),('1rwjdn2iros07juwfjtawdnv68ujln2y','.eJxVjDsOwyAQBe9CHSFsWGBTpvcZEMsnOIlAMnYV5e6xJRdJ-2bmvZnz21rc1tPi5siuDNnldyMfnqkeID58vTceWl2Xmfih8JN2PrWYXrfT_Tsovpe91gaVQrJCA4RMI4EZMISUVRB-UMJQloCWVJJJAqhRA-WYI8q91BbY5wvWmjdt:1u4IVH:HZ0dDW_C1tSLkyTj-Fqu6VMc7ehMqx6I7i6Nu007zug','2025-04-28 12:01:31.383024'),('23buftqefiudqp5h6czr2olm77co6u7f','.eJxVjEEOwiAQRe_C2pAplI516b5nIMMwSNVAUtqV8e7apAvd_vfefylP25r91mTxc1QXZdTpdwvEDyk7iHcqt6q5lnWZg94VfdCmpxrleT3cv4NMLX_rjh0kg4YZz2g7Gi2TBQkDgHBC4jggBsIewKU-jEGAk4hh69CSSer9AethOHw:1uqIfJ:ECya_6ULu4ueJwfeGBIKgmWkJbnSXMMltTqc6PMKymI','2025-09-07 21:54:17.573040'),('2dfjq1nbd7tvvgtovxxglb2vwrgiufve','.eJxVjEEOwiAQRe_C2pABpgFcuvcMZGCmUjU0Ke3KeHdt0oVu_3vvv1Siba1p67KkidVZOXX63TKVh7Qd8J3abdZlbusyZb0r-qBdX2eW5-Vw_w4q9fqti3fRGLRAbHBkHIoDwcCRLYkBGxCyjxgieQuYSXhwMJIt4jmQR_X-AMwQN5I:1u4MRh:uf-Zkz4DNNhVdbAW9ODysu8UfLUEXXUcvk7_oUNYZxA','2025-04-28 16:14:05.116850'),('3wzup7ekz648h5mcr639l0qysd379n7i','.eJxVjMsOwiAQRf-FtSEwyMul-34DGQaQqoGktCvjv2uTLnR7zzn3xQJuaw3byEuYE7swKdnpd4xIj9x2ku7Ybp1Tb-syR74r_KCDTz3l5_Vw_w4qjvqtnS5UUAKREhbRFwUWkjYSotQCqGgDmhza5C3Fs8mIyoN31rooRSzs_QEKMTgB:1umEs4:H0UQTM056bbmLexoyfpZa_W89WFPT7JMwDtQfTQWCsc','2025-08-27 17:02:40.269895'),('3xqwb3forj75riq1dn5s5xr3jizempif','.eJxVjMsOwiAQRf-FtSEwyMul-34DGQaQqoGktCvjv2uTLnR7zzn3xQJuaw3byEuYE7swKdnpd4xIj9x2ku7Ybp1Tb-syR74r_KCDTz3l5_Vw_w4qjvqtnS5UUAKREhbRFwUWkjYSotQCqGgDmhza5C3Fs8mIyoN31rooRSzs_QEKMTgB:1uQCuA:qm0bq9-IqnNen91aOWWhSmLPmy6ny0HtVMppWqdFne4','2025-06-27 22:29:46.003087'),('43zst6bq0ogpt24brjzj3g1pdwtunmnp','.eJxVjMsOwiAQRf-FtSHyGAou3fsNZIahUjWQlHZl_HfbpAvd3nPueYuI61Li2vMcJxYXoZQ4_Y6E6ZnrTviB9d5kanWZJ5K7Ig_a5a1xfl0P9y9QsJftbRSit0weIOnRBEegHWuNCm0AzYCWB0MmjFvTGVA8-KQ5EZ5t8kji8wUEqDh8:1v0lYq:uE4kXdZaMIvGAznS9V1cWv2VK1E09xW_Ucc9x7qXVA0','2025-10-06 18:46:52.901744'),('48n5ln4tyo3rxupals0cqjqpfo0aynxs','.eJxVjEEOwiAQRe_C2pAplI516b5nIMMwSNVAUtqV8e7apAvd_vfefylP25r91mTxc1QXZdTpdwvEDyk7iHcqt6q5lnWZg94VfdCmpxrleT3cv4NMLX_rjh0kg4YZz2g7Gi2TBQkDgHBC4jggBsIewKU-jEGAk4hh69CSSer9AethOHw:1u34iv:Ulu0W-5xRbDmP14mKIcdtLrs4wUfxz7dnFmsQmUxBpc','2025-04-25 03:06:33.061501'),('4upd283mvels5c6wbbtvv5t4zeezm53m','.eJxVjDsOwyAQBe9CHSFsWGBTpvcZEMsnOIlAMnYV5e6xJRdJ-2bmvZnz21rc1tPi5siuDNnldyMfnqkeID58vTceWl2Xmfih8JN2PrWYXrfT_Tsovpe91gaVQrJCA4RMI4EZMISUVRB-UMJQloCWVJJJAqhRA-WYI8q91BbY5wvWmjdt:1u4J0s:qRErUXtI0Intac1IOvg9OKXaIwyPsEyI9UhdizwQydM','2025-04-28 12:34:10.707005'),('5684487cr58hj8zywhfpv57s17sdtjvx','.eJxVjEEOwiAQRe_C2pAplI516b5nIMMwSNVAUtqV8e7apAvd_vfefylP25r91mTxc1QXZdTpdwvEDyk7iHcqt6q5lnWZg94VfdCmpxrleT3cv4NMLX_rjh0kg4YZz2g7Gi2TBQkDgHBC4jggBsIewKU-jEGAk4hh69CSSer9AethOHw:1tl4Ka:yZKBVJD3DxV1AA_c-RHTw4e40bEMjptK7mzuP_tuvms','2025-03-06 11:03:00.106142'),('5v4odtj2s466usg8hud0pt4uppo9z7v1','.eJxVjMsOwiAQRf-FtSFTxvJw6b7fQAYYpGogKe3K-O_apAvd3nPOfQlP21r81nnxcxIXgeL0uwWKD647SHeqtyZjq-syB7kr8qBdTi3x83q4fweFevnWyoFTQ9bOGavZgKIcIZHNo1M5RGBGByORVhbMcE5kGINhjRrAIIJ4fwDNgTcW:1v8JKz:E16tw_DAshMu-NYqoXLLKlqDurrgCaVbjTZUUH0glQM','2025-10-13 15:15:45.377768'),('602dvk9u3lpggbdvsq7ozcef658lw1vx','.eJxVjDsOwjAQBe_iGll48QdT0nOGaHe9xgFkS3FSIe5OIqWA9s3Me6sBl7kMS5dpGJO6KKMOvxshP6VuID2w3pvmVudpJL0peqdd31qS13V3_w4K9rLWaLw7czSZjuQdRSdg4ZRD8IYhM3tJYgUkRcuAjgN4MFZWGSJSJPX5Aui4OC8:1uDjqZ:UgRSj6HnUYqosBZY14WWpyZVzN2TEapPSXaPk_vc4mc','2025-05-24 13:02:31.546906'),('67d0dxmbyoqsrhmst3zqyz6ws2mt0p53','.eJxVjDsOwjAQBe_iGlnrv01JzxmitXeNA8iR8qkQd4dIKaB9M_NeYsBtbcO28DyMJM7CidPvlrE8uO-A7thvkyxTX-cxy12RB13kdSJ-Xg7376Dh0r61ql4bLmAqcokOIFRCZS1BKCZiMpBdTgHBO0hRaaWBks2sFEOm5MX7A9zNN1s:1tq0A6:5OMcPEbBhLbQxExkaspposfzGa-FrIp-m04w75Aihdc','2025-03-20 01:36:34.303615'),('6dgzdpu1dg1ppd592dufkerpw2cieob7','.eJxVjEEOwiAQRe_C2hBKgQGX7j0DGZhBqoYmpV0Z765NutDtf-_9l4i4rTVunZc4kTgLJ06_W8L84LYDumO7zTLPbV2mJHdFHrTL60z8vBzu30HFXr-1YgPah4SDzyYMSTtfPFAAqxlGLGSzBafCmBhVKdqyccaTK46JLWjx_gDWNTfM:1tkpxU:MqbB09hNE7czdfxFof9Kkuf02U_03oPzhTzRE8NM-CE','2025-03-05 19:42:12.263938'),('6f916q2rotn337tkzuul4s2er2x3ut81','.eJxVjEEOwiAQRe_C2pABpgFcuvcMZGCmUjU0Ke3KeHdt0oVu_3vvv1Siba1p67KkidVZOXX63TKVh7Qd8J3abdZlbusyZb0r-qBdX2eW5-Vw_w4q9fqti3fRGLRAbHBkHIoDwcCRLYkBGxCyjxgieQuYSXhwMJIt4jmQR_X-AMwQN5I:1ulQXd:jWaQgbRD-uXiJKkBsgpa50hPD-0MK4-vC8MuBLYdV6U','2025-08-25 11:18:13.678351'),('6ywiww1wg8p73af1cr0eui8c21sajiz9','.eJxVjMsOwiAQRf-FtSFTxvJw6b7fQAYYpGogKe3K-O_apAvd3nPOfQlP21r81nnxcxIXgeL0uwWKD647SHeqtyZjq-syB7kr8qBdTi3x83q4fweFevnWyoFTQ9bOGavZgKIcIZHNo1M5RGBGByORVhbMcE5kGINhjRrAIIJ4fwDNgTcW:1v3bZX:WRel9VHP0wJ5FSc2skUiS5M_dt-hIrxpmIRYnD2uL40','2025-09-30 15:43:19.029544'),('70cw3pb1lyr3kszge0dgd238m7g3x9yo','.eJxVjDsOwjAQBe_iGll48QdT0nOGaHe9xgFkS3FSIe5OIqWA9s3Me6sBl7kMS5dpGJO6KKMOvxshP6VuID2w3pvmVudpJL0peqdd31qS13V3_w4K9rLWaLw7czSZjuQdRSdg4ZRD8IYhM3tJYgUkRcuAjgN4MFZWGSJSJPX5Aui4OC8:1uOhxo:nivRCYj3o29srGIuRRd9hdBYodPXXTVKO8V8olK6uio','2025-06-23 19:15:20.619773'),('733aqm0c5lrvbq5ea0igykkjpvag0vdn','.eJxVjMsOwiAQRf-FtSHyGAou3fsNZIahUjWQlHZl_HfbpAvd3nPueYuI61Li2vMcJxYXoZQ4_Y6E6ZnrTviB9d5kanWZJ5K7Ig_a5a1xfl0P9y9QsJftbRSit0weIOnRBEegHWuNCm0AzYCWB0MmjFvTGVA8-KQ5EZ5t8kji8wUEqDh8:1v0f5b:NNqmv0G47MT7N_mndl3hYHaCIY_SENNsDnfwhR8L21w','2025-09-22 12:52:15.075739'),('7bsp5d2i7dlw98ch32ntkbv3go98yoly','.eJxVjDsOwjAQBe_iGll48QdT0nOGaHe9xgFkS3FSIe5OIqWA9s3Me6sBl7kMS5dpGJO6KKMOvxshP6VuID2w3pvmVudpJL0peqdd31qS13V3_w4K9rLWaLw7czSZjuQdRSdg4ZRD8IYhM3tJYgUkRcuAjgN4MFZWGSJSJPX5Aui4OC8:1uJZWZ:Mu0_L33JGCTSi537cIFi0Da6_HjLrJw36RHBaEEQl_k','2025-06-09 15:13:59.189692'),('8qykbmtt68cpevov1xb60wp12lvodlik','.eJxVjEEOwiAQRe_C2pAplI516b5nIMMwSNVAUtqV8e7apAvd_vfefylP25r91mTxc1QXZdTpdwvEDyk7iHcqt6q5lnWZg94VfdCmpxrleT3cv4NMLX_rjh0kg4YZz2g7Gi2TBQkDgHBC4jggBsIewKU-jEGAk4hh69CSSer9AethOHw:1uPm4x:oPCpC4hEdtO7Pl_9qEWy1nYoLe9PJXKm40MYG8XFNRc','2025-06-26 17:51:07.483890'),('8r47vfh8rfdidadj0jx8p1d5mcpbmp62','.eJxVjEEOwiAQRe_C2pABpgFcuvcMZGCmUjU0Ke3KeHdt0oVu_3vvv1Siba1p67KkidVZOXX63TKVh7Qd8J3abdZlbusyZb0r-qBdX2eW5-Vw_w4q9fqti3fRGLRAbHBkHIoDwcCRLYkBGxCyjxgieQuYSXhwMJIt4jmQR_X-AMwQN5I:1ulQPY:xR-PO-cyWSj67myIDzzADnTHxjpOzk_-uqX_JbTKBFc','2025-08-25 11:09:52.300142'),('8t7mhc3p4mm3rsh5oozxtqmdj4ol4kgc','.eJxVjMsOwiAQRf-FtSFTxvJw6b7fQAYYpGogKe3K-O_apAvd3nPOfQlP21r81nnxcxIXgeL0uwWKD647SHeqtyZjq-syB7kr8qBdTi3x83q4fweFevnWyoFTQ9bOGavZgKIcIZHNo1M5RGBGByORVhbMcE5kGINhjRrAIIJ4fwDNgTcW:1v3ui0:V420wxreT9toSu91IGIZl-hBhgrv4CE4H2KVHl16j4A','2025-10-01 12:09:20.936990'),('8yep922xptoasj0bodjfxi8jeza5p23p','.eJxVjMsOwiAQRf-FtSFTxvJw6b7fQAYYpGogKe3K-O_apAvd3nPOfQlP21r81nnxcxIXgeL0uwWKD647SHeqtyZjq-syB7kr8qBdTi3x83q4fweFevnWyoFTQ9bOGavZgKIcIZHNo1M5RGBGByORVhbMcE5kGINhjRrAIIJ4fwDNgTcW:1v3dNn:TD20O_8flmh5rMiKwiCqws-a98arxN5bdkXIjb2djCk','2025-09-30 17:39:19.288275'),('9ips6xkdm985dar1e43t957dctgvt6ne','.eJxVjDsOwjAQBe_iGll48QdT0nOGaHe9xgFkS3FSIe5OIqWA9s3Me6sBl7kMS5dpGJO6KKMOvxshP6VuID2w3pvmVudpJL0peqdd31qS13V3_w4K9rLWaLw7czSZjuQdRSdg4ZRD8IYhM3tJYgUkRcuAjgN4MFZWGSJSJPX5Aui4OC8:1uEVDq:d4tLm1hg-IF6m_TZk5aOdgtlH-earxqpqe1aRS0tXI4','2025-05-26 15:37:42.618884'),('9kq48nbphtt7l6j4r1lm4wfdqxkzpqnv','.eJxVjMsOwiAQRf-FtSHyGAou3fsNZIahUjWQlHZl_HfbpAvd3nPueYuI61Li2vMcJxYXoZQ4_Y6E6ZnrTviB9d5kanWZJ5K7Ig_a5a1xfl0P9y9QsJftbRSit0weIOnRBEegHWuNCm0AzYCWB0MmjFvTGVA8-KQ5EZ5t8kji8wUEqDh8:1v0kbu:7ErsABbODWWkI1Fctn_n36p6F7bjlzx2MYJU1bOlnOc','2025-09-22 18:45:58.376177'),('9w1jypwn0x44725rfuz8f20gekf0lp62','.eJxVjDsOwjAQBe_iGll48QdT0nOGaHe9xgFkS3FSIe5OIqWA9s3Me6sBl7kMS5dpGJO6KKMOvxshP6VuID2w3pvmVudpJL0peqdd31qS13V3_w4K9rLWaLw7czSZjuQdRSdg4ZRD8IYhM3tJYgUkRcuAjgN4MFZWGSJSJPX5Aui4OC8:1uMtiu:eRY7IyB51YwPP89GUll-cFBT7-JDnhh-8Xt1-5f-SWY','2025-06-18 19:24:28.304396'),('a0gxhawuddza47wlyel4qvvn3icwj1j9','.eJxVjMsOwiAQRf-FtSFTxvJw6b7fQAYYpGogKe3K-O_apAvd3nPOfQlP21r81nnxcxIXgeL0uwWKD647SHeqtyZjq-syB7kr8qBdTi3x83q4fweFevnWyoFTQ9bOGavZgKIcIZHNo1M5RGBGByORVhbMcE5kGINhjRrAIIJ4fwDNgTcW:1v3CgE:cA8Vbs07LN3_5BNjdFaL7bZEOsz4ujR-6wn5l-AuqBQ','2025-09-29 13:08:34.464187'),('a2pwxi5nad9f3g9zxbk19z1r7w4iblsg','.eJxVjDsOwyAQBe9CHSFsWGBTpvcZEMsnOIlAMnYV5e6xJRdJ-2bmvZnz21rc1tPi5siuDNnldyMfnqkeID58vTceWl2Xmfih8JN2PrWYXrfT_Tsovpe91gaVQrJCA4RMI4EZMISUVRB-UMJQloCWVJJJAqhRA-WYI8q91BbY5wvWmjdt:1tuIoi:xvOFzvjqpJ15p4SOXXhBbntacn28dBCnUwnIzsAMD40','2025-03-31 22:20:16.979186'),('a3auuhze1vq43rcusjap1y9t797jg2vt','.eJxVjEEOwiAQRe_C2pAplI516b5nIMMwSNVAUtqV8e7apAvd_vfefylP25r91mTxc1QXZdTpdwvEDyk7iHcqt6q5lnWZg94VfdCmpxrleT3cv4NMLX_rjh0kg4YZz2g7Gi2TBQkDgHBC4jggBsIewKU-jEGAk4hh69CSSer9AethOHw:1ubJT1:BYmSeNsVcLSfi3Dp_7q5I0RekxQoO6M9ZZMu-p9-0Ts','2025-07-28 13:43:39.651380'),('a692r7d5usjsqwh069qchajb2e8swfq3','.eJxVjDsOwjAQBe_iGll48QdT0nOGaHe9xgFkS3FSIe5OIqWA9s3Me6sBl7kMS5dpGJO6KKMOvxshP6VuID2w3pvmVudpJL0peqdd31qS13V3_w4K9rLWaLw7czSZjuQdRSdg4ZRD8IYhM3tJYgUkRcuAjgN4MFZWGSJSJPX5Aui4OC8:1uJj2t:j3ao0rxTZwArvUvffHZ9-bUM0GCBFIIlgrfpz3RxZ1Y','2025-06-10 01:23:59.720981'),('a7519eq7041n5uy4e2skpss7gec0gels','.eJxVjMsOwiAQRf-FtSHyGAou3fsNZIahUjWQlHZl_HfbpAvd3nPueYuI61Li2vMcJxYXoZQ4_Y6E6ZnrTviB9d5kanWZJ5K7Ig_a5a1xfl0P9y9QsJftbRSit0weIOnRBEegHWuNCm0AzYCWB0MmjFvTGVA8-KQ5EZ5t8kji8wUEqDh8:1v0l6B:WTWvvnzTBQjkJD_wz_EsPTs_3nk-PFZRKU6EGYdaTD4','2025-09-22 19:17:15.585726'),('ab2rfhrtzvvk8t132bt5kzf1q3y7dd53','.eJxVjEEOwiAQRe_C2pABpgFcuvcMZGCmUjU0Ke3KeHdt0oVu_3vvv1Siba1p67KkidVZOXX63TKVh7Qd8J3abdZlbusyZb0r-qBdX2eW5-Vw_w4q9fqti3fRGLRAbHBkHIoDwcCRLYkBGxCyjxgieQuYSXhwMJIt4jmQR_X-AMwQN5I:1uwjz9:5agPp7lD19HXkDHK7azKGAELhB5Xs4AQgAfrnBgmg88','2025-09-25 16:17:23.192477'),('avsxvqjd7c1q2au9bvoxk3f9gd0n3pzt','.eJxVjMsOwiAQRf-FtSFTxvJw6b7fQAYYpGogKe3K-O_apAvd3nPOfQlP21r81nnxcxIXgeL0uwWKD647SHeqtyZjq-syB7kr8qBdTi3x83q4fweFevnWyoFTQ9bOGavZgKIcIZHNo1M5RGBGByORVhbMcE5kGINhjRrAIIJ4fwDNgTcW:1v3eLa:GPA-djlL201hJdCuveY3IclkjuOJ9bri7ye3AJzPNXM','2025-09-30 18:41:06.597349'),('bhlpsw3xl2klvzyptoc92nmiflvp97m0','.eJxVjMsOwiAQRf-FtSHyGAou3fsNZIahUjWQlHZl_HfbpAvd3nPueYuI61Li2vMcJxYXoZQ4_Y6E6ZnrTviB9d5kanWZJ5K7Ig_a5a1xfl0P9y9QsJftbRSit0weIOnRBEegHWuNCm0AzYCWB0MmjFvTGVA8-KQ5EZ5t8kji8wUEqDh8:1v078C:fwFUhkz1uWtr163o08VcbCyu_Iaug_GT9i7CtOW6__M','2025-09-21 00:36:40.835622'),('bjy0tgoliiaw3fatcnymd673g5jjph8l','.eJxVjEEOwiAQRe_C2pABpgFcuvcMZGCmUjU0Ke3KeHdt0oVu_3vvv1Siba1p67KkidVZOXX63TKVh7Qd8J3abdZlbusyZb0r-qBdX2eW5-Vw_w4q9fqti3fRGLRAbHBkHIoDwcCRLYkBGxCyjxgieQuYSXhwMJIt4jmQR_X-AMwQN5I:1uwokk:unazw6znuzJf3LpUTm0BtYniCdAjD8L2xEjiDT_Q7Mw','2025-09-25 21:22:50.587729'),('bm6dend74ac1ytiuxze8b6a549f9uv4h','.eJxVjEEOwiAQRe_C2hBAYDou3XsGwgwgVUOT0q6Md7dNutDte-__twhxXWpYe57DmMRFaHH6ZRT5mdsu0iO2-yR5ass8ktwTedgub1PKr-vR_h3U2Ou2Piew5MCgQgSIzttYmLTT6JRxJRceeKNoSvFAdiDwmtgoTojeURafL858N78:1v6kd0:IyrNgPT5ZV21qIaHbsUI2ax_zXFrZkjTyDF8b1F7C-4','2025-10-09 07:59:54.937473'),('bqmzu87jvm601wqhhhnsx9px390hug15','.eJxVjMsOwiAQRf-FtSHyGAou3fsNZIahUjWQlHZl_HfbpAvd3nPueYuI61Li2vMcJxYXoZQ4_Y6E6ZnrTviB9d5kanWZJ5K7Ig_a5a1xfl0P9y9QsJftbRSit0weIOnRBEegHWuNCm0AzYCWB0MmjFvTGVA8-KQ5EZ5t8kji8wUEqDh8:1v0hAP:-Q-e2xZsUhpN5fjtcLwmo3EzQ_cq68uBy5ecMKvYHBs','2025-09-22 15:05:21.191814'),('bupn8hx9ur9uaw5bhcuw2gwbk0ubwd13','.eJxVjMsOwiAQRf-FtSFTxvJw6b7fQAYYpGogKe3K-O_apAvd3nPOfQlP21r81nnxcxIXgeL0uwWKD647SHeqtyZjq-syB7kr8qBdTi3x83q4fweFevnWyoFTQ9bOGavZgKIcIZHNo1M5RGBGByORVhbMcE5kGINhjRrAIIJ4fwDNgTcW:1v3ZFj:piebKadJXboEovHLVUgpct2pMV48K5xpzoegetAgy3I','2025-09-30 13:14:43.960839'),('contt98v8ymawub5gdn1tpshqs93c0id','.eJxVjMsOwiAQRf-FtSHyGAou3fsNZIahUjWQlHZl_HfbpAvd3nPueYuI61Li2vMcJxYXoZQ4_Y6E6ZnrTviB9d5kanWZJ5K7Ig_a5a1xfl0P9y9QsJftbRSit0weIOnRBEegHWuNCm0AzYCWB0MmjFvTGVA8-KQ5EZ5t8kji8wUEqDh8:1v0hEw:D8cNZbIzsTMErAxjr9FRxTJGcQld2fif49pfCOeacsY','2025-09-22 15:10:02.342416'),('d4ugmc9haa8icgvejrmxwk889i58vdtd','.eJxVjMsOwiAQRf-FtSFTxvJw6b7fQAYYpGogKe3K-O_apAvd3nPOfQlP21r81nnxcxIXgeL0uwWKD647SHeqtyZjq-syB7kr8qBdTi3x83q4fweFevnWyoFTQ9bOGavZgKIcIZHNo1M5RGBGByORVhbMcE5kGINhjRrAIIJ4fwDNgTcW:1v3ZEv:dWHFgNmhL6IgJ0UBtmI3CKmCV9yBhkFBRUzgdVQgLp0','2025-09-30 13:13:53.011113'),('d9gtzkoqh7958v7brqxfpdbdyizk65fx','.eJxVjEEOwiAQRe_C2pABpgFcuvcMZGCmUjU0Ke3KeHdt0oVu_3vvv1Siba1p67KkidVZOXX63TKVh7Qd8J3abdZlbusyZb0r-qBdX2eW5-Vw_w4q9fqti3fRGLRAbHBkHIoDwcCRLYkBGxCyjxgieQuYSXhwMJIt4jmQR_X-AMwQN5I:1uUiTC:OHAFcHGNKqXIqlIh-ytMh5F9RjRLdDHjUJyPDA_ZAUY','2025-07-10 09:00:34.552574'),('dy24inbgbikj77668jnycclihwkn36om','.eJxVjDsOwjAQBe_iGll48QdT0nOGaHe9xgFkS3FSIe5OIqWA9s3Me6sBl7kMS5dpGJO6KKMOvxshP6VuID2w3pvmVudpJL0peqdd31qS13V3_w4K9rLWaLw7czSZjuQdRSdg4ZRD8IYhM3tJYgUkRcuAjgN4MFZWGSJSJPX5Aui4OC8:1tre3n:040HiZK-cwhCG0t-TehoEWWIdKcj5ieRF_UZd6vxPCc','2025-03-24 14:24:51.102394'),('e6z0clc0gurwe7hwk42cii5l9l480rzi','.eJxVjMsOwiAQRf-FtSHyGAou3fsNZIahUjWQlHZl_HfbpAvd3nPueYuI61Li2vMcJxYXoZQ4_Y6E6ZnrTviB9d5kanWZJ5K7Ig_a5a1xfl0P9y9QsJftbRSit0weIOnRBEegHWuNCm0AzYCWB0MmjFvTGVA8-KQ5EZ5t8kji8wUEqDh8:1v2Biy:R5a3uZ8maYZf-mTUDdAgh-_QemIuzNmSeNaMrsL1nLA','2025-09-26 17:55:12.526926'),('e7ca8114odgblm118e6tplei82r95173','.eJxVjMsOwiAQRf-FtSHyGAou3fsNZIahUjWQlHZl_HfbpAvd3nPueYuI61Li2vMcJxYXoZQ4_Y6E6ZnrTviB9d5kanWZJ5K7Ig_a5a1xfl0P9y9QsJftbRSit0weIOnRBEegHWuNCm0AzYCWB0MmjFvTGVA8-KQ5EZ5t8kji8wUEqDh8:1v6L2P:9SNSAxox34vj0XWA20qdfFXVtBBrAGKsPtvzfc-PUzI','2025-10-08 04:40:25.751792'),('egygxu750qm92jafp71mtkvhm9v2yhep','.eJxVjDsOwjAQBe_iGll48QdT0nOGaHe9xgFkS3FSIe5OIqWA9s3Me6sBl7kMS5dpGJO6KKMOvxshP6VuID2w3pvmVudpJL0peqdd31qS13V3_w4K9rLWaLw7czSZjuQdRSdg4ZRD8IYhM3tJYgUkRcuAjgN4MFZWGSJSJPX5Aui4OC8:1uI5rN:yHivR7hHMF6o9kBf8ZGQ6js85Pi7thB3EiwBLSi3hZs','2025-06-05 13:21:21.815183'),('el7xqlw84wq4a8kki16dor02ui6hbbbh','.eJxVjEEOwiAQRe_C2pABpgFcuvcMZGCmUjU0Ke3KeHdt0oVu_3vvv1Siba1p67KkidVZOXX63TKVh7Qd8J3abdZlbusyZb0r-qBdX2eW5-Vw_w4q9fqti3fRGLRAbHBkHIoDwcCRLYkBGxCyjxgieQuYSXhwMJIt4jmQR_X-AMwQN5I:1tk0c2:oJRC06h1CLGfFilrOq_9j6KpNyD1WUTUOTVWXc4vLdA','2025-03-03 12:52:38.504358'),('eplzxkaldvcahykezs4bdycupqpl2ya0','.eJxVjMsOwiAQRf-FtSHyGAou3fsNZIahUjWQlHZl_HfbpAvd3nPueYuI61Li2vMcJxYXoZQ4_Y6E6ZnrTviB9d5kanWZJ5K7Ig_a5a1xfl0P9y9QsJftbRSit0weIOnRBEegHWuNCm0AzYCWB0MmjFvTGVA8-KQ5EZ5t8kji8wUEqDh8:1v8Huz:v7PJu2wvQ0dVewtm2SkJlJ7z1cJGg_msPNBpFL969Mw','2025-10-13 13:44:49.641062'),('fai7542eqhkt29ey2wvvhrk9hvb5si9o','.eJxVjEEOwiAQRe_C2pAplI516b5nIMMwSNVAUtqV8e7apAvd_vfefylP25r91mTxc1QXZdTpdwvEDyk7iHcqt6q5lnWZg94VfdCmpxrleT3cv4NMLX_rjh0kg4YZz2g7Gi2TBQkDgHBC4jggBsIewKU-jEGAk4hh69CSSer9AethOHw:1tia8L:E_EYu97SApJ5PG3IgBCdmiV-HpmppdwNxenl-EnJr7A','2025-02-27 14:24:05.399360'),('fp958t43m92dm2k5mm59kciyxizvhdox','.eJxVjEEOwiAQRe_C2pAplI516b5nIMMwSNVAUtqV8e7apAvd_vfefylP25r91mTxc1QXZdTpdwvEDyk7iHcqt6q5lnWZg94VfdCmpxrleT3cv4NMLX_rjh0kg4YZz2g7Gi2TBQkDgHBC4jggBsIewKU-jEGAk4hh69CSSer9AethOHw:1ubJT2:unwb5JkAehN3yHOoSpFl2qQANh-lzwmLT2E-kZiJu1A','2025-07-28 13:43:40.323799'),('fqxvzr9o3qsvqgorwhfd3bxqjaolrliq','.eJxVjMsOwiAQRf-FtSFTxvJw6b7fQAYYpGogKe3K-O_apAvd3nPOfQlP21r81nnxcxIXgeL0uwWKD647SHeqtyZjq-syB7kr8qBdTi3x83q4fweFevnWyoFTQ9bOGavZgKIcIZHNo1M5RGBGByORVhbMcE5kGINhjRrAIIJ4fwDNgTcW:1v3eLZ:RFiL6IHPEEGIdiLl6JfBEudnmqaYqelRSiaI0Q9mn-Y','2025-09-30 18:41:05.774481'),('g6mnci8l6cri4nv0scm1zx6xwgkohpgw','.eJxVjEEOwiAQRe_C2pAplI516b5nIMMwSNVAUtqV8e7apAvd_vfefylP25r91mTxc1QXZdTpdwvEDyk7iHcqt6q5lnWZg94VfdCmpxrleT3cv4NMLX_rjh0kg4YZz2g7Gi2TBQkDgHBC4jggBsIewKU-jEGAk4hh69CSSer9AethOHw:1tryQX:9NqRoH2sVZNXjwIWFQBCaY1fCVq_hw7lAcmCRR085lM','2025-03-25 12:09:41.627183'),('g974d4nwr3g5ur3d2keulue6sb82g054','.eJxVjEEOwiAQRe_C2pAplI516b5nIMMwSNVAUtqV8e7apAvd_vfefylP25r91mTxc1QXZdTpdwvEDyk7iHcqt6q5lnWZg94VfdCmpxrleT3cv4NMLX_rjh0kg4YZz2g7Gi2TBQkDgHBC4jggBsIewKU-jEGAk4hh69CSSer9AethOHw:1ufKvb:uK-NkbaPDxbe_bk91NDP9-2P2AOYaLTqgjRCfoXg5YM','2025-08-08 16:05:47.789088'),('g9hgfn5xf0crug5cspfliz2u41ow8x4l','.eJxVjDsOwjAQBe_iGll48QdT0nOGaHe9xgFkS3FSIe5OIqWA9s3Me6sBl7kMS5dpGJO6KKMOvxshP6VuID2w3pvmVudpJL0peqdd31qS13V3_w4K9rLWaLw7czSZjuQdRSdg4ZRD8IYhM3tJYgUkRcuAjgN4MFZWGSJSJPX5Aui4OC8:1uFH09:bPOLYIUidhMN5kALs2PA3pzad0_B0Gic0cTmNFDPSNg','2025-05-28 18:38:45.991268'),('ggya38xdtxtdkatd6xa54l3h91h8j9cj','.eJxVjDsOwjAQBe_iGll48QdT0nOGaHe9xgFkS3FSIe5OIqWA9s3Me6sBl7kMS5dpGJO6KKMOvxshP6VuID2w3pvmVudpJL0peqdd31qS13V3_w4K9rLWaLw7czSZjuQdRSdg4ZRD8IYhM3tJYgUkRcuAjgN4MFZWGSJSJPX5Aui4OC8:1uMTxF:J-Vvd5wKpddHQDsFhNNRrzkFxj3qVPSmUQIT_mjA1K8','2025-06-17 15:53:33.754569'),('gk3hcdceeprignv8q0xk8erylftnrfun','.eJxVjEEOwiAQRe_C2pABpgFcuvcMZGCmUjU0Ke3KeHdt0oVu_3vvv1Siba1p67KkidVZOXX63TKVh7Qd8J3abdZlbusyZb0r-qBdX2eW5-Vw_w4q9fqti3fRGLRAbHBkHIoDwcCRLYkBGxCyjxgieQuYSXhwMJIt4jmQR_X-AMwQN5I:1uI5nG:h8E2guyeIrr8okX87_6ohcWOV0Etsx3AXyvBDgxSAMs','2025-06-05 13:17:06.592321'),('h4vz68qg0bjuryn26vik8ww3xwbzr80l','.eJxVjMsOwiAQRf-FtSFTxvJw6b7fQAYYpGogKe3K-O_apAvd3nPOfQlP21r81nnxcxIXgeL0uwWKD647SHeqtyZjq-syB7kr8qBdTi3x83q4fweFevnWyoFTQ9bOGavZgKIcIZHNo1M5RGBGByORVhbMcE5kGINhjRrAIIJ4fwDNgTcW:1v3w3t:o_muRMvTiwdM1oG6p-aveDjpqCauD9hS_h_E_NG5E3s','2025-10-01 13:36:01.747414'),('h75e9tax5zf35amfijl8pqvsg0i1cel0','.eJxVjDsOwjAQBe_iGll48QdT0nOGaHe9xgFkS3FSIe5OIqWA9s3Me6sBl7kMS5dpGJO6KKMOvxshP6VuID2w3pvmVudpJL0peqdd31qS13V3_w4K9rLWaLw7czSZjuQdRSdg4ZRD8IYhM3tJYgUkRcuAjgN4MFZWGSJSJPX5Aui4OC8:1tk5es:zvja7Ed-Azybc5mzPR0tXgbMHbNMyaeBfESfMQMCS8c','2025-03-03 18:15:54.594029'),('h8b6ulmd8p6p2jjmb3e9255rnkj9lekt','.eJxVjDsOwjAQBe_iGlnrv01JzxmitXeNA8iR8qkQd4dIKaB9M_NeYsBtbcO28DyMJM7CidPvlrE8uO-A7thvkyxTX-cxy12RB13kdSJ-Xg7376Dh0r61ql4bLmAqcokOIFRCZS1BKCZiMpBdTgHBO0hRaaWBks2sFEOm5MX7A9zNN1s:1tq0A8:dM7gtDOEigx-8vEVR_2ZcC8LguWd2wgVWnnHBT2wse8','2025-03-20 01:36:36.724760'),('hlqfegrwqgc6ltuw8q6a22ukjq6rchdu','.eJxVjMsOwiAQRf-FtSHyGAou3fsNZIahUjWQlHZl_HfbpAvd3nPueYuI61Li2vMcJxYXoZQ4_Y6E6ZnrTviB9d5kanWZJ5K7Ig_a5a1xfl0P9y9QsJftbRSit0weIOnRBEegHWuNCm0AzYCWB0MmjFvTGVA8-KQ5EZ5t8kji8wUEqDh8:1v0irF:FsFXxRdUfl8YZLf2J9FL9mPSxlwpISULYFqLf9YUGfk','2025-09-22 16:53:41.531008'),('hthbwp02qinv424ydc9knjde458iiah4','.eJxVjEEOwiAQRe_C2pABpgFcuvcMZGCmUjU0Ke3KeHdt0oVu_3vvv1Siba1p67KkidVZOXX63TKVh7Qd8J3abdZlbusyZb0r-qBdX2eW5-Vw_w4q9fqti3fRGLRAbHBkHIoDwcCRLYkBGxCyjxgieQuYSXhwMJIt4jmQR_X-AMwQN5I:1uCjId:4MZSzl-HSfF9wubKp2U9OVCsc5bZ2cRfOyR8605a074','2025-05-21 18:15:19.521833'),('ir30me4clmfxwimqfnu94cw2l6rv5s97','.eJxVjMsOwiAQRf-FtSFTxvJw6b7fQAYYpGogKe3K-O_apAvd3nPOfQlP21r81nnxcxIXgeL0uwWKD647SHeqtyZjq-syB7kr8qBdTi3x83q4fweFevnWyoFTQ9bOGavZgKIcIZHNo1M5RGBGByORVhbMcE5kGINhjRrAIIJ4fwDNgTcW:1v3dNn:TD20O_8flmh5rMiKwiCqws-a98arxN5bdkXIjb2djCk','2025-09-30 17:39:19.807422'),('is30m5y1rv3t2zk6jwgy46p01a9x4uh2','.eJxVjMsOwiAQRf-FtSFTxvJw6b7fQAYYpGogKe3K-O_apAvd3nPOfQlP21r81nnxcxIXgeL0uwWKD647SHeqtyZjq-syB7kr8qBdTi3x83q4fweFevnWyoFTQ9bOGavZgKIcIZHNo1M5RGBGByORVhbMcE5kGINhjRrAIIJ4fwDNgTcW:1v3eKt:NeBEZIOra1UkHqEkbV5lHDp0mVTGNB7Rqyjjpb0QiVk','2025-09-30 18:40:23.076575'),('j7zphmcihk4qv2qghw4huha4qqcluueq','.eJxVjEEOwiAQRe_C2hBKgQGX7j0DGZhBqoYmpV0Z765NutDtf-_9l4i4rTVunZc4kTgLJ06_W8L84LYDumO7zTLPbV2mJHdFHrTL60z8vBzu30HFXr-1YgPah4SDzyYMSTtfPFAAqxlGLGSzBafCmBhVKdqyccaTK46JLWjx_gDWNTfM:1tkQvh:t7DkBrfLbEFFYwT_9W0HmsnTWChuohLGYlXbn6Kglt4','2025-03-04 16:58:41.351624'),('jnuspxvfazgs7ej9y38rrdzu4kib93ux','.eJxVjEEOwiAQRe_C2hBAYDou3XsGwgwgVUOT0q6Md7dNutDte-__twhxXWpYe57DmMRFaHH6ZRT5mdsu0iO2-yR5ass8ktwTedgub1PKr-vR_h3U2Ou2Piew5MCgQgSIzttYmLTT6JRxJRceeKNoSvFAdiDwmtgoTojeURafL858N78:1v6sZv:-sJOV5SnRyeAYHKMKQXwpkbyR55AvJf1t6jswoepdGM','2025-10-09 16:29:15.095972'),('kcw0aw0b0v3nwpc7cqpx11503pmucrhr','.eJxVjEEOwiAQRe_C2hBAYDou3XsGwgwgVUOT0q6Md7dNutDte-__twhxXWpYe57DmMRFaHH6ZRT5mdsu0iO2-yR5ass8ktwTedgub1PKr-vR_h3U2Ou2Piew5MCgQgSIzttYmLTT6JRxJRceeKNoSvFAdiDwmtgoTojeURafL858N78:1v3bb2:o7KJpkrudlGLFNm7PRvW6HZOZwMna8F83rECNu_jamw','2025-09-30 15:44:52.617506'),('kkfzsgh06qnmnci97y2ek8psv7nm1fyy','.eJxVjMsOwiAQRf-FtSHyGAou3fsNZIahUjWQlHZl_HfbpAvd3nPueYuI61Li2vMcJxYXoZQ4_Y6E6ZnrTviB9d5kanWZJ5K7Ig_a5a1xfl0P9y9QsJftbRSit0weIOnRBEegHWuNCm0AzYCWB0MmjFvTGVA8-KQ5EZ5t8kji8wUEqDh8:1v6Xa5:LLXGU7p05giGpKJ6CVgs2iY_crmSX5qQdSCvCKJ1iMg','2025-10-08 18:04:01.556337'),('kypou4c5oyvmoib5hubtkbjb9yti4zsb','.eJxVjDsOwjAQBe_iGll48QdT0nOGaHe9xgFkS3FSIe5OIqWA9s3Me6sBl7kMS5dpGJO6KKMOvxshP6VuID2w3pvmVudpJL0peqdd31qS13V3_w4K9rLWaLw7czSZjuQdRSdg4ZRD8IYhM3tJYgUkRcuAjgN4MFZWGSJSJPX5Aui4OC8:1uMSyd:z7vvfLgqs7-2aLkIQ9ycdKLRs1N4lQlLBeDrKzRKLTU','2025-06-17 14:50:55.807789'),('lpxtlp95t78gevjrzeqm3gewidsfbzh1','.eJxVjEEOwiAQRe_C2pABpgFcuvcMZGCmUjU0Ke3KeHdt0oVu_3vvv1Siba1p67KkidVZOXX63TKVh7Qd8J3abdZlbusyZb0r-qBdX2eW5-Vw_w4q9fqti3fRGLRAbHBkHIoDwcCRLYkBGxCyjxgieQuYSXhwMJIt4jmQR_X-AMwQN5I:1ugqGI:Q2iXC1bSpMLGEoNrwFxi-M65jUfTmu8DlnA0cZcVgn0','2025-08-12 19:45:22.703795'),('ms1ub2pfkokkntysn6u0mxbjd34n0r5x','.eJxVjDsOwjAQBe_iGll48QdT0nOGaHe9xgFkS3FSIe5OIqWA9s3Me6sBl7kMS5dpGJO6KKMOvxshP6VuID2w3pvmVudpJL0peqdd31qS13V3_w4K9rLWaLw7czSZjuQdRSdg4ZRD8IYhM3tJYgUkRcuAjgN4MFZWGSJSJPX5Aui4OC8:1uI5xC:tsrhhVZ32Iq_-g1UjIKfZD_ya6ISYzQRaQgxSOuG6oA','2025-06-05 13:27:22.356766'),('mu8z21ymtyo0ykbzsm7ibjff5jyn06aa','.eJxVjEEOwiAQRe_C2pABpgFcuvcMZGCmUjU0Ke3KeHdt0oVu_3vvv1Siba1p67KkidVZOXX63TKVh7Qd8J3abdZlbusyZb0r-qBdX2eW5-Vw_w4q9fqti3fRGLRAbHBkHIoDwcCRLYkBGxCyjxgieQuYSXhwMJIt4jmQR_X-AMwQN5I:1uCet8:h6tKJFtpw_nDsgiFKgdFUnRUTTjeWQbA3SyZBowj-Go','2025-05-21 13:32:42.661795'),('mvin249u0ugpyltzg72hk8ypi3385gtq','.eJxVjDsOwjAQBe_iGll48QdT0nOGaHe9xgFkS3FSIe5OIqWA9s3Me6sBl7kMS5dpGJO6KKMOvxshP6VuID2w3pvmVudpJL0peqdd31qS13V3_w4K9rLWaLw7czSZjuQdRSdg4ZRD8IYhM3tJYgUkRcuAjgN4MFZWGSJSJPX5Aui4OC8:1twhnx:mlnyCyCAfKkauAEUrtLTTX1fla5R9j1RabWt15OVMuQ','2025-04-07 13:25:25.257436'),('mxuezdhn97zj054doneax14typ5lnssr','.eJxVjMsOwiAQRf-FtSHyGAou3fsNZIahUjWQlHZl_HfbpAvd3nPueYuI61Li2vMcJxYXoZQ4_Y6E6ZnrTviB9d5kanWZJ5K7Ig_a5a1xfl0P9y9QsJftbRSit0weIOnRBEegHWuNCm0AzYCWB0MmjFvTGVA8-KQ5EZ5t8kji8wUEqDh8:1v1nHn:EpFkvJpTEo7wcKKUAw8XKUcRd7JHYYiFYYPjiqwS_mc','2025-09-25 15:49:31.808704'),('n3g0fdh1j0otyvsvjrkeilgz5elr6iq4','.eJxVjEEOwiAQRe_C2pABpgFcuvcMZGCmUjU0Ke3KeHdt0oVu_3vvv1Siba1p67KkidVZOXX63TKVh7Qd8J3abdZlbusyZb0r-qBdX2eW5-Vw_w4q9fqti3fRGLRAbHBkHIoDwcCRLYkBGxCyjxgieQuYSXhwMJIt4jmQR_X-AMwQN5I:1uKGUL:l5IkR5gWKHaZzZ2RSPZTW1p3r_6ClO_AUv0vb3EB9N8','2025-06-11 13:06:33.170904'),('ni6qf9lldhwg96jg3obu5rmken8rhrdr','.eJxVjDsOwyAQBe9CHSFsWGBTpvcZEMsnOIlAMnYV5e6xJRdJ-2bmvZnz21rc1tPi5siuDNnldyMfnqkeID58vTceWl2Xmfih8JN2PrWYXrfT_Tsovpe91gaVQrJCA4RMI4EZMISUVRB-UMJQloCWVJJJAqhRA-WYI8q91BbY5wvWmjdt:1tyA9Q:I-KGPgVWdGP3MLOwKUe7-TOSTWEz7tQ9MHuqPHrEXf8','2025-04-11 13:53:36.120878'),('oifed8moojk5sz95p7yicog9aljesm3e','.eJxVjEEOwiAQRe_C2pABpgFcuvcMZGCmUjU0Ke3KeHdt0oVu_3vvv1Siba1p67KkidVZOXX63TKVh7Qd8J3abdZlbusyZb0r-qBdX2eW5-Vw_w4q9fqti3fRGLRAbHBkHIoDwcCRLYkBGxCyjxgieQuYSXhwMJIt4jmQR_X-AMwQN5I:1u2qlp:fHmIDJ3r7dnYE8tU3-Nb7-7hXcTfx3hkcYdKzmbk6_k','2025-04-24 12:12:37.852348'),('p2j38uje43qekwh06gd12p9mku5p2vu2','.eJxVjDsOwjAQBe_iGll48QdT0nOGaHe9xgFkS3FSIe5OIqWA9s3Me6sBl7kMS5dpGJO6KKMOvxshP6VuID2w3pvmVudpJL0peqdd31qS13V3_w4K9rLWaLw7czSZjuQdRSdg4ZRD8IYhM3tJYgUkRcuAjgN4MFZWGSJSJPX5Aui4OC8:1u9SDL:lIKrUxcYorR6ADcYCyNyQznlsUEjzfUBRt9JVEswngM','2025-05-12 17:24:19.706219'),('p7pqqyl274v0pclhi1ud059c4jjkt0pf','.eJxVjDsOwyAQBe9CHSFsWGBTpvcZEMsnOIlAMnYV5e6xJRdJ-2bmvZnz21rc1tPi5siuDNnldyMfnqkeID58vTceWl2Xmfih8JN2PrWYXrfT_Tsovpe91gaVQrJCA4RMI4EZMISUVRB-UMJQloCWVJJJAqhRA-WYI8q91BbY5wvWmjdt:1tx60Z:T51s5FmR2gWLycoDhh0y5AhUgFQ1x5-IJXPRgWzWpuY','2025-04-08 15:16:03.389552'),('pdhc8puk1focx4yeg8xwaxaiq5q6k2sl','.eJxVjMsOwiAQRf-FtSHyGAou3fsNZIahUjWQlHZl_HfbpAvd3nPueYuI61Li2vMcJxYXoZQ4_Y6E6ZnrTviB9d5kanWZJ5K7Ig_a5a1xfl0P9y9QsJftbRSit0weIOnRBEegHWuNCm0AzYCWB0MmjFvTGVA8-KQ5EZ5t8kji8wUEqDh8:1v8Gnw:K62flPAjPUuz0o7vgTvRbOLrlx1Kw6gzZXScRGjot0g','2025-10-13 12:33:28.910598'),('pdpya3zx7bm90rlhe394252pmpo7kapz','.eJxVjDsOwjAQBe_iGll48QdT0nOGaHe9xgFkS3FSIe5OIqWA9s3Me6sBl7kMS5dpGJO6KKMOvxshP6VuID2w3pvmVudpJL0peqdd31qS13V3_w4K9rLWaLw7czSZjuQdRSdg4ZRD8IYhM3tJYgUkRcuAjgN4MFZWGSJSJPX5Aui4OC8:1uJY9l:26AvoAN8b6v_99mi_laqi8Y89OhmUswgs_iAZU3TfRc','2025-06-09 13:46:21.627062'),('pdrs1frn36mc4wp34adikoa191cztlo2','.eJxVjEEOwiAQRe_C2hAYCi0u3XsGAjODVA0kpV0Z765NutDtf-_9lwhxW0vYOi9hJnEW2ojT75giPrjuhO6x3prEVtdlTnJX5EG7vDbi5-Vw_w5K7OVbTzpbpxxl671HAHI2ZzCWeAAHNkOiaWBEYyKPoDgpcqiiM6DzmBDF-wMCSzhi:1v0eK4:jK-3JQv4ATzmIxyU0qHZFGpDziwx0bAHaJeMRnLpork','2025-09-22 12:03:08.338371'),('pylwabgvhnaa2laphhk04y4ipqtwnczh','.eJxVjDsOwjAQBe_iGll48QdT0nOGaHe9xgFkS3FSIe5OIqWA9s3Me6sBl7kMS5dpGJO6KKMOvxshP6VuID2w3pvmVudpJL0peqdd31qS13V3_w4K9rLWaLw7czSZjuQdRSdg4ZRD8IYhM3tJYgUkRcuAjgN4MFZWGSJSJPX5Aui4OC8:1uCM0d:_H05Yoa5q462Lfa4E0puWCfQ9p5UlAWy8wsIiLekLGg','2025-05-20 17:23:11.525579'),('q01x46h7yhnuttw9uu7y5gqft74yr014','.eJxVjMsOwiAQRf-FtSEwyMul-34DGQaQqoGktCvjv2uTLnR7zzn3xQJuaw3byEuYE7swKdnpd4xIj9x2ku7Ybp1Tb-syR74r_KCDTz3l5_Vw_w4qjvqtnS5UUAKREhbRFwUWkjYSotQCqGgDmhza5C3Fs8mIyoN31rooRSzs_QEKMTgB:1ugpN4:MBN5C_nAxDj2xExwARZaJGeVlIQZ5qM-jddqqT6vMn0','2025-08-12 18:48:18.834956'),('q1k5dw1y4jhurv218yh8hxzykgb8rqbv','.eJxVjDsOwyAQBe9CHSFsWGBTpvcZEMsnOIlAMnYV5e6xJRdJ-2bmvZnz21rc1tPi5siuDNnldyMfnqkeID58vTceWl2Xmfih8JN2PrWYXrfT_Tsovpe91gaVQrJCA4RMI4EZMISUVRB-UMJQloCWVJJJAqhRA-WYI8q91BbY5wvWmjdt:1tyBag:3K1URqfhT9OEDpOQ-HwhRzSOpIGQnryl_kMLFPfnulg','2025-04-11 15:25:50.164295'),('qjd18j5ade2a66s26b6qujqi3fdd54n9','.eJxVjEEOwiAQRe_C2pABpgFcuvcMZGCmUjU0Ke3KeHdt0oVu_3vvv1Siba1p67KkidVZOXX63TKVh7Qd8J3abdZlbusyZb0r-qBdX2eW5-Vw_w4q9fqti3fRGLRAbHBkHIoDwcCRLYkBGxCyjxgieQuYSXhwMJIt4jmQR_X-AMwQN5I:1uMR0w:yotGxypjEaRmlyJZzherP2WEhN0Ee4KqnTbBUETWULg','2025-06-17 12:45:10.812741'),('qul8ojysm3z3he6mzvdz9zm1ain9kw4a','.eJxVjDsOwjAQBe_iGlkr_01Jzxks766DA8iW4qRC3B0ipYD2zcx7iZS3taZtlCXNLM5CidPvhpkepe2A77nduqTe1mVGuSvyoENeO5fn5XD_Dmoe9Vt7FwE9eG9KBh2spmiCnsiBUyaUgNkicQyABtiwmxgdkXcKlPURlHh_AMKzNx0:1v1mFj:1cXGkRP5TpamF3FT30DknKrDtmWeY1WPQcl_5Ud2Ocg','2025-09-25 14:43:19.067816'),('rorz4eg2kwz24y2oi9rslabbirg8np2x','.eJxVjMsOwiAQRf-FtSEwyMul-34DGQaQqoGktCvjv2uTLnR7zzn3xQJuaw3byEuYE7swKdnpd4xIj9x2ku7Ybp1Tb-syR74r_KCDTz3l5_Vw_w4qjvqtnS5UUAKREhbRFwUWkjYSotQCqGgDmhza5C3Fs8mIyoN31rooRSzs_QEKMTgB:1uokQt:EIgNFEkg8paEN97KUQnRxI1WRdXAoDQm5zZcgIyHhA8','2025-09-03 15:08:59.937950'),('s0g5gznm7krrztl7x5nwdhogsw986htj','.eJxVjMsOwiAQRf-FtSHyGAou3fsNZIahUjWQlHZl_HfbpAvd3nPueYuI61Li2vMcJxYXoZQ4_Y6E6ZnrTviB9d5kanWZJ5K7Ig_a5a1xfl0P9y9QsJftbRSit0weIOnRBEegHWuNCm0AzYCWB0MmjFvTGVA8-KQ5EZ5t8kji8wUEqDh8:1v0p6u:W-wr59CGOXued3ywWdSYhZYRRXe0DBNASTqzTTeoBpg','2025-09-22 23:34:16.772231'),('s2gvfmqi2gy56egsg4bcm3vx2am4lc9l','.eJxVjMsOwiAQRf-FtSHyGAou3fsNZIahUjWQlHZl_HfbpAvd3nPueYuI61Li2vMcJxYXoZQ4_Y6E6ZnrTviB9d5kanWZJ5K7Ig_a5a1xfl0P9y9QsJftbRSit0weIOnRBEegHWuNCm0AzYCWB0MmjFvTGVA8-KQ5EZ5t8kji8wUEqDh8:1v0fEp:kgF1tCwAT3MKXlocWohqp5x17RSxFqGrJ70X5hluPJQ','2025-09-22 13:01:47.839545'),('s71310gars1bmfvgc935xiktr48g0q04','.eJxVjEEOwiAQRe_C2pABpgFcuvcMZGCmUjU0Ke3KeHdt0oVu_3vvv1Siba1p67KkidVZOXX63TKVh7Qd8J3abdZlbusyZb0r-qBdX2eW5-Vw_w4q9fqti3fRGLRAbHBkHIoDwcCRLYkBGxCyjxgieQuYSXhwMJIt4jmQR_X-AMwQN5I:1uwk5k:eLLKzugRqIxmebXzW0t1Y-46KqkpD7ePt25lVDQqS8g','2025-09-25 16:24:12.855321'),('sbw6uyghib2kw9268e8u9b1lf5jouhzf','.eJxVjMsOwiAQRf-FtSEwyMul-34DGQaQqoGktCvjv2uTLnR7zzn3xQJuaw3byEuYE7swKdnpd4xIj9x2ku7Ybp1Tb-syR74r_KCDTz3l5_Vw_w4qjvqtnS5UUAKREhbRFwUWkjYSotQCqGgDmhza5C3Fs8mIyoN31rooRSzs_QEKMTgB:1unIq7:YuHekbltvtGu_KNo2YlMqWemeomJ8lXjZWMdkF1WHzE','2025-08-30 15:29:03.046114'),('sllovs8c9sy9zyd1js5l4pt749ghvq17','.eJxVjMsOwiAQRf-FtSHyGAou3fsNZIahUjWQlHZl_HfbpAvd3nPueYuI61Li2vMcJxYXoZQ4_Y6E6ZnrTviB9d5kanWZJ5K7Ig_a5a1xfl0P9y9QsJftbRSit0weIOnRBEegHWuNCm0AzYCWB0MmjFvTGVA8-KQ5EZ5t8kji8wUEqDh8:1v32Gi:Tl31fc8F97CuRIjFKjGOI7QN7LGWkZ09OJ0LB_Afjuk','2025-09-29 02:01:32.087024'),('svojqj2f25gp1ekbcq7cp26ah1sik0u6','.eJxVjMsOwiAQRf-FtSHyGAou3fsNZIahUjWQlHZl_HfbpAvd3nPueYuI61Li2vMcJxYXoZQ4_Y6E6ZnrTviB9d5kanWZJ5K7Ig_a5a1xfl0P9y9QsJftbRSit0weIOnRBEegHWuNCm0AzYCWB0MmjFvTGVA8-KQ5EZ5t8kji8wUEqDh8:1v4JIV:AWh4SzlIMOiix5rdsWs8MtN3KC6JSbNMw7JG6t3sc2g','2025-10-02 14:24:39.470528'),('swvu37j7q476re2nf1d9i65nz0n5p5va','.eJxVjDsOwyAQBe9CHSFsWGBTpvcZEMsnOIlAMnYV5e6xJRdJ-2bmvZnz21rc1tPi5siuDNnldyMfnqkeID58vTceWl2Xmfih8JN2PrWYXrfT_Tsovpe91gaVQrJCA4RMI4EZMISUVRB-UMJQloCWVJJJAqhRA-WYI8q91BbY5wvWmjdt:1u4K33:ASWwVC7TU2MtFhNVzIyvonrBaPbwT1RjRtgiPWDxfAU','2025-04-28 13:40:29.355284'),('t4qgxt3i4kf1g1vjhxon6xmvdnpxm653','.eJxVjMsOwiAQRf-FtSHyGAou3fsNZIahUjWQlHZl_HfbpAvd3nPueYuI61Li2vMcJxYXoZQ4_Y6E6ZnrTviB9d5kanWZJ5K7Ig_a5a1xfl0P9y9QsJftbRSit0weIOnRBEegHWuNCm0AzYCWB0MmjFvTGVA8-KQ5EZ5t8kji8wUEqDh8:1v6rUP:LfPRFK7-XpN4TnyRMv7NGOPjcWiZPqRNCMl2eoQsgh4','2025-10-09 15:19:29.054263'),('tb9jjwqr04lbhajczr1my8fi1ds185nr','.eJxVjMsOwiAQRf-FtSHyGAou3fsNZIahUjWQlHZl_HfbpAvd3nPueYuI61Li2vMcJxYXoZQ4_Y6E6ZnrTviB9d5kanWZJ5K7Ig_a5a1xfl0P9y9QsJftbRSit0weIOnRBEegHWuNCm0AzYCWB0MmjFvTGVA8-KQ5EZ5t8kji8wUEqDh8:1uzew1:TC4_4In_WPAyvA6LMBhOv_EgPIgMSY9ef-HsMJYdYcw','2025-10-03 17:30:13.958027'),('tbg32yzfs42x4d0sk31w83da81lqr64z','.eJxVjDsOwjAQBe_iGll48QdT0nOGaHe9xgFkS3FSIe5OIqWA9s3Me6sBl7kMS5dpGJO6KKMOvxshP6VuID2w3pvmVudpJL0peqdd31qS13V3_w4K9rLWaLw7czSZjuQdRSdg4ZRD8IYhM3tJYgUkRcuAjgN4MFZWGSJSJPX5Aui4OC8:1uCJzz:zZ6S19dKMDtZ0hYPwNFXXeLOCOLApB5St1--inu9644','2025-05-20 15:14:23.154325'),('tbtn42ey3k6ea7cfa59z2wbhwfagsdtc','.eJxVjMsOwiAQRf-FtSFTxvJw6b7fQAYYpGogKe3K-O_apAvd3nPOfQlP21r81nnxcxIXgeL0uwWKD647SHeqtyZjq-syB7kr8qBdTi3x83q4fweFevnWyoFTQ9bOGavZgKIcIZHNo1M5RGBGByORVhbMcE5kGINhjRrAIIJ4fwDNgTcW:1v3CgU:e3vJRPDlnQ0Iy7xnx_wrtAFoWsK2nXGbMbPWOdgWIHs','2025-09-29 13:08:50.125071'),('tbtpibzq3o5jxqoj2hch0t4wi1ckvc9t','.eJxVjMsOwiAQRf-FtSFTxvJw6b7fQAYYpGogKe3K-O_apAvd3nPOfQlP21r81nnxcxIXgeL0uwWKD647SHeqtyZjq-syB7kr8qBdTi3x83q4fweFevnWyoFTQ9bOGavZgKIcIZHNo1M5RGBGByORVhbMcE5kGINhjRrAIIJ4fwDNgTcW:1v8LMq:6MHRRMWYXGvoVo9jGkkNnlaS9fCtnns67hbZwSc3D2I','2025-10-13 17:25:48.886737'),('th148sccxqa71t7o2savtevv79h9jdht','.eJxVjEEOwiAQRe_C2hBAYDou3XsGwgwgVUOT0q6Md7dNutDte-__twhxXWpYe57DmMRFaHH6ZRT5mdsu0iO2-yR5ass8ktwTedgub1PKr-vR_h3U2Ou2Piew5MCgQgSIzttYmLTT6JRxJRceeKNoSvFAdiDwmtgoTojeURafL858N78:1v3CYJ:OYIoge1np6cyVFGZhdOIx_L3CP_OUd7np7-C8fH0Jcw','2025-09-29 13:00:23.526227'),('thhtvky5hn2f6nnl77xwdq0by2uujtiy','.eJxVjEEOwiAQRe_C2pCBoVBcuvcMzTADtmpoUtqV8e7apAvd_vfef6mBtnUctpaXYRJ1VgbU6XdMxI9cdyJ3qrdZ81zXZUp6V_RBm77Okp-Xw_07GKmN3xohiQ3Zd31MfVcwFM8OoHMxArITCsAGrScWJosZUihJAvTZIBvr1fsD9BI3wQ:1uCcMO:Wd19WWJMiDUoq2-ivT045TM6TZdTDkZNwMhenZhxaD4','2025-05-21 10:50:44.786650'),('tju7ixmx5t0r5h39napj8j6w728h6egs','.eJxVjDsOwyAQBe9CHSFsWGBTpvcZEMsnOIlAMnYV5e6xJRdJ-2bmvZnz21rc1tPi5siuDNnldyMfnqkeID58vTceWl2Xmfih8JN2PrWYXrfT_Tsovpe91gaVQrJCA4RMI4EZMISUVRB-UMJQloCWVJJJAqhRA-WYI8q91BbY5wvWmjdt:1uXI0r:gYza0KlBXgBGsrNGRHhozBXmeNHR2W6Tr-sEPmgrOyI','2025-07-17 11:21:57.599328'),('tjz6ap5udu724t508wf3xbvycocjm7s4','.eJxVjMsOwiAQRf-FtSFTxvJw6b7fQAYYpGogKe3K-O_apAvd3nPOfQlP21r81nnxcxIXgeL0uwWKD647SHeqtyZjq-syB7kr8qBdTi3x83q4fweFevnWyoFTQ9bOGavZgKIcIZHNo1M5RGBGByORVhbMcE5kGINhjRrAIIJ4fwDNgTcW:1v8IxF:gShm5viqtWHbGSRH3aEEblSMjatCwoqEuopHNpe93UY','2025-10-13 14:51:13.398023'),('ua9l3rm7daa5c36qoqxq9hbq65moetum','.eJxVjDsOwjAQBe_iGll48QdT0nOGaHe9xgFkS3FSIe5OIqWA9s3Me6sBl7kMS5dpGJO6KKMOvxshP6VuID2w3pvmVudpJL0peqdd31qS13V3_w4K9rLWaLw7czSZjuQdRSdg4ZRD8IYhM3tJYgUkRcuAjgN4MFZWGSJSJPX5Aui4OC8:1tuaUr:yVfnIs2iz8Cu56ol3gzMGOG5k1uSgaPCNP59qpxQj00','2025-04-01 17:12:57.958377'),('uc5aop427xnf9d23fyhizm28x7v4rpwg','.eJxVjDsOwjAQBe_iGll48QdT0nOGaHe9xgFkS3FSIe5OIqWA9s3Me6sBl7kMS5dpGJO6KKMOvxshP6VuID2w3pvmVudpJL0peqdd31qS13V3_w4K9rLWaLw7czSZjuQdRSdg4ZRD8IYhM3tJYgUkRcuAjgN4MFZWGSJSJPX5Aui4OC8:1uMt9U:XDJHe0Z1n43x7bU3sgq4iRB5LrFDYBQciH2a5_SDoAI','2025-06-18 18:47:52.226341'),('ujn3kd07rd1xrfwl0bxvb01yu8llpqnt','.eJxVjDsOwjAQBe_iGll48QdT0nOGaHe9xgFkS3FSIe5OIqWA9s3Me6sBl7kMS5dpGJO6KKMOvxshP6VuID2w3pvmVudpJL0peqdd31qS13V3_w4K9rLWaLw7czSZjuQdRSdg4ZRD8IYhM3tJYgUkRcuAjgN4MFZWGSJSJPX5Aui4OC8:1ugpP3:nS8wkecXiQ-f76JH-g_ktBJHbh9ZBws_k_61XyHIQfM','2025-08-12 18:50:21.624732'),('ul89tbk5ynncbv3eio6p84s645e8qgj5','.eJxVjMsOwiAQRf-FtSHyGAou3fsNZIahUjWQlHZl_HfbpAvd3nPueYuI61Li2vMcJxYXoZQ4_Y6E6ZnrTviB9d5kanWZJ5K7Ig_a5a1xfl0P9y9QsJftbRSit0weIOnRBEegHWuNCm0AzYCWB0MmjFvTGVA8-KQ5EZ5t8kji8wUEqDh8:1v3CT1:5gbq_naLD4GfmwTvElO2820u-9QLbZmvyXGphR77tFQ','2025-09-29 12:54:55.238585'),('ulj8ize07o4jdyy2tdyztwfq5ul56wev','.eJxVjMsOwiAQRf-FtSHyGAou3fsNZIahUjWQlHZl_HfbpAvd3nPueYuI61Li2vMcJxYXoZQ4_Y6E6ZnrTviB9d5kanWZJ5K7Ig_a5a1xfl0P9y9QsJftbRSit0weIOnRBEegHWuNCm0AzYCWB0MmjFvTGVA8-KQ5EZ5t8kji8wUEqDh8:1v6Z2l:iuvBQYg-alsmsjKMfLSU7rVFRAVUZei-kVdtcpU1DZk','2025-10-08 19:37:43.879369'),('vbzj7q0zmuhpn2u8pzcq8rpv5t1y624m','.eJxVjDsOwjAQBe_iGlnrv01JzxmitXeNA8iR8qkQd4dIKaB9M_NeYsBtbcO28DyMJM7CidPvlrE8uO-A7thvkyxTX-cxy12RB13kdSJ-Xg7376Dh0r61ql4bLmAqcokOIFRCZS1BKCZiMpBdTgHBO0hRaaWBks2sFEOm5MX7A9zNN1s:1tkQbc:UK2xUajAmIadzRzwro_u2GcxLvvd_UN1yOUIS0wkvsU','2025-03-04 16:37:56.299735'),('vevjj69d06ts4f4bz3sylajshqcepem4','.eJxVjMsOwiAQRf-FtSHyGAou3fsNZIahUjWQlHZl_HfbpAvd3nPueYuI61Li2vMcJxYXoZQ4_Y6E6ZnrTviB9d5kanWZJ5K7Ig_a5a1xfl0P9y9QsJftbRSit0weIOnRBEegHWuNCm0AzYCWB0MmjFvTGVA8-KQ5EZ5t8kji8wUEqDh8:1v0JOA:0eT-DNXAGv7pWuR4YNaWoahNx2tLCIaQl42d7AOjuFg','2025-09-21 13:41:58.905058'),('vfyv0nfmwmjt3fvjjg23a54e425sx8ua','.eJxVjEEOwiAQRe_C2hBKgQGX7j0DGZhBqoYmpV0Z765NutDtf-_9l4i4rTVunZc4kTgLJ06_W8L84LYDumO7zTLPbV2mJHdFHrTL60z8vBzu30HFXr-1YgPah4SDzyYMSTtfPFAAqxlGLGSzBafCmBhVKdqyccaTK46JLWjx_gDWNTfM:1tryuo:tbwweJ-clHd9xSgwehoauVmQ0IScD0M48FJ0g9wkUt8','2025-03-25 12:40:58.867299'),('vqb65lqu634wrkr83y3lvq60tzr3p19v','.eJxVjDsOwjAQBe_iGll48QdT0nOGaHe9xgFkS3FSIe5OIqWA9s3Me6sBl7kMS5dpGJO6KKMOvxshP6VuID2w3pvmVudpJL0peqdd31qS13V3_w4K9rLWaLw7czSZjuQdRSdg4ZRD8IYhM3tJYgUkRcuAjgN4MFZWGSJSJPX5Aui4OC8:1ubKem:WF3Wyfl7sHqh4NzB9DawAbEJQZy1wrDQgnbDGukCfSk','2025-07-28 14:59:52.659351'),('vurrx2oj15y6iqr7ncopbmdqxbp3bxyl','.eJxVjMsOwiAQRf-FtSHyGAou3fsNZIahUjWQlHZl_HfbpAvd3nPueYuI61Li2vMcJxYXoZQ4_Y6E6ZnrTviB9d5kanWZJ5K7Ig_a5a1xfl0P9y9QsJftbRSit0weIOnRBEegHWuNCm0AzYCWB0MmjFvTGVA8-KQ5EZ5t8kji8wUEqDh8:1v8J88:o7cWNUq8K5eX2y9JLFTyhPYwn5a9HbNRyB2K4wdJuvU','2025-10-13 15:02:28.479484'),('vzr8590kqeuha6lpsowhahn0wzqxgfa8','.eJxVjEEOwiAQRe_C2pABpgFcuvcMZGCmUjU0Ke3KeHdt0oVu_3vvv1Siba1p67KkidVZOXX63TKVh7Qd8J3abdZlbusyZb0r-qBdX2eW5-Vw_w4q9fqti3fRGLRAbHBkHIoDwcCRLYkBGxCyjxgieQuYSXhwMJIt4jmQR_X-AMwQN5I:1uI4XO:OKTKDQKTPoP2p2rk3QpvTfcojDYriYhNk-AVtagvSLI','2025-06-05 11:56:38.137908'),('wkjmltxxm2o9h9k1lzel45mhsy3layfx','.eJxVjEEOwiAQRe_C2pABpgFcuvcMZGCmUjU0Ke3KeHdt0oVu_3vvv1Siba1p67KkidVZOXX63TKVh7Qd8J3abdZlbusyZb0r-qBdX2eW5-Vw_w4q9fqti3fRGLRAbHBkHIoDwcCRLYkBGxCyjxgieQuYSXhwMJIt4jmQR_X-AMwQN5I:1u2wVB:3tXPMFyHgRlZ2PfHlKX5hElbHtKb50gV3HacGG9qA7Y','2025-04-24 18:19:49.194493'),('wo9jz9pqmabh73l03aictqr2i1gc5hxb','.eJxVjDsOwjAQBe_iGll48QdT0nOGaHe9xgFkS3FSIe5OIqWA9s3Me6sBl7kMS5dpGJO6KKMOvxshP6VuID2w3pvmVudpJL0peqdd31qS13V3_w4K9rLWaLw7czSZjuQdRSdg4ZRD8IYhM3tJYgUkRcuAjgN4MFZWGSJSJPX5Aui4OC8:1uFvCr:-fOHpCYL3VqCGV_lVODnBLRtlBnqlVGb8dKWLh0k-7o','2025-05-30 13:34:33.013008'),('xcj5zvvb1ut0zvfw3epgwnvw5wv6rzo4','.eJxVjDsOwjAQBe_iGlnrv01JzxmitXeNA8iR8qkQd4dIKaB9M_NeYsBtbcO28DyMJM7CidPvlrE8uO-A7thvkyxTX-cxy12RB13kdSJ-Xg7376Dh0r61ql4bLmAqcokOIFRCZS1BKCZiMpBdTgHBO0hRaaWBks2sFEOm5MX7A9zNN1s:1tkvE5:sD0uiEM8s6AgUN8Ts7q9Rl1vr-JlmNxgpAEuqTO26hQ','2025-03-06 01:19:41.725069'),('xq8tzkkxne51g17kapbvqjxiocmrti1b','.eJxVjMsOwiAQRf-FtSHyGAou3fsNZIahUjWQlHZl_HfbpAvd3nPueYuI61Li2vMcJxYXoZQ4_Y6E6ZnrTviB9d5kanWZJ5K7Ig_a5a1xfl0P9y9QsJftbRSit0weIOnRBEegHWuNCm0AzYCWB0MmjFvTGVA8-KQ5EZ5t8kji8wUEqDh8:1v3beb:D7pzc1QlS8LW1aDRddoZBvd3ZxecikjFq2jAfvxRzeY','2025-09-30 15:48:33.313764'),('yiwybk4dqqm24cfxxge2hru6k06q7p39','.eJxVjDsOwjAQBe_iGll48QdT0nOGaHe9xgFkS3FSIe5OIqWA9s3Me6sBl7kMS5dpGJO6KKMOvxshP6VuID2w3pvmVudpJL0peqdd31qS13V3_w4K9rLWaLw7czSZjuQdRSdg4ZRD8IYhM3tJYgUkRcuAjgN4MFZWGSJSJPX5Aui4OC8:1tur7o:bMCGdRM0R3vGwGjvvlp0cMAhUVogNoa1CsPOOKBtMik','2025-04-02 10:58:16.208837'),('ytgclr1yb2l46jnzhlaw88npxfj7xcki','.eJxVjDsOwjAQBe_iGll48QdT0nOGaHe9xgFkS3FSIe5OIqWA9s3Me6sBl7kMS5dpGJO6KKMOvxshP6VuID2w3pvmVudpJL0peqdd31qS13V3_w4K9rLWaLw7czSZjuQdRSdg4ZRD8IYhM3tJYgUkRcuAjgN4MFZWGSJSJPX5Aui4OC8:1u2YMG:ckYLdGtWjpp0vgTm9sSe-Btk4IdmYMUbQSRQzo2pbNs','2025-04-23 16:33:00.975558'),('yvk80djoxl9ha63v2e6xh5j53w7se7vb','.eJxVjMsOwiAQRf-FtSHyGAou3fsNZIahUjWQlHZl_HfbpAvd3nPueYuI61Li2vMcJxYXoZQ4_Y6E6ZnrTviB9d5kanWZJ5K7Ig_a5a1xfl0P9y9QsJftbRSit0weIOnRBEegHWuNCm0AzYCWB0MmjFvTGVA8-KQ5EZ5t8kji8wUEqDh8:1v0otc:d1trTItY9gzw1gIZgAewp5UJpAtKHM0yB8gsr9RZMSQ','2025-09-22 23:20:32.849316'),('znceip99vf0l73ubhq1rilwe3prnxogl','.eJxVjMsOwiAQRf-FtSHyGAou3fsNZIahUjWQlHZl_HfbpAvd3nPueYuI61Li2vMcJxYXoZQ4_Y6E6ZnrTviB9d5kanWZJ5K7Ig_a5a1xfl0P9y9QsJftbRSit0weIOnRBEegHWuNCm0AzYCWB0MmjFvTGVA8-KQ5EZ5t8kji8wUEqDh8:1v6Xc0:7aOAMpWVKw05BlsYi08kB4FMTG06jZ9A69G3qyAPMck','2025-10-08 18:06:00.263064'),('zppnjibtmoxng6qwqtuoxh36pfmiybwd','.eJxVjEEOwiAQRe_C2pAplI516b5nIMMwSNVAUtqV8e7apAvd_vfefylP25r91mTxc1QXZdTpdwvEDyk7iHcqt6q5lnWZg94VfdCmpxrleT3cv4NMLX_rjh0kg4YZz2g7Gi2TBQkDgHBC4jggBsIewKU-jEGAk4hh69CSSer9AethOHw:1thqTN:lR_H0ZQWUOd0iMit4mLxDPhGJhu3xAotBB09AR6kyUo','2025-02-25 13:38:45.859810'),('zsg0ioh279qgdnymh57d9u8zqve3w2vg','.eJxVjDsOwjAQBe_iGll48QdT0nOGaHe9xgFkS3FSIe5OIqWA9s3Me6sBl7kMS5dpGJO6KKMOvxshP6VuID2w3pvmVudpJL0peqdd31qS13V3_w4K9rLWaLw7czSZjuQdRSdg4ZRD8IYhM3tJYgUkRcuAjgN4MFZWGSJSJPX5Aui4OC8:1treKm:oTBYtG52lLRON8lVDUE-dexdoStIvGoaoEw4OR_otb4','2025-03-24 14:42:24.355865'),('zt5jl0kcwwjx05rz2lmoeidbg3mb23br','.eJxVjMsOwiAQRf-FtSHyGAou3fsNZIahUjWQlHZl_HfbpAvd3nPueYuI61Li2vMcJxYXoZQ4_Y6E6ZnrTviB9d5kanWZJ5K7Ig_a5a1xfl0P9y9QsJftbRSit0weIOnRBEegHWuNCm0AzYCWB0MmjFvTGVA8-KQ5EZ5t8kji8wUEqDh8:1v0l7E:DepGZM4nIOc5N0izS77ypVj1egVhCxaf8Wj6OD_-KPU','2025-09-22 19:18:20.220795');
/*!40000 ALTER TABLE `django_session` ENABLE KEYS */;
UNLOCK TABLES;

--
-- Table structure for table `equipamentos_equipamento`
--

DROP TABLE IF EXISTS `equipamentos_equipamento`;
/*!40101 SET @saved_cs_client     = @@character_set_client */;
/*!50503 SET character_set_client = utf8mb4 */;
CREATE TABLE `equipamentos_equipamento` (
  `id` bigint NOT NULL AUTO_INCREMENT,
  `nome` varchar(50) NOT NULL,
  `n_serie` varchar(50) NOT NULL,
  `data_calibracao` date NOT NULL,
  `prazo_calibracao` int NOT NULL,
  `proxima_calibracao` date DEFAULT NULL,
  `certificado` varchar(100) DEFAULT NULL,
  `inquilino_id` bigint NOT NULL,
  `luximetro` tinyint(1) NOT NULL,
  `data_criacao` date NOT NULL,
  `data_modificacao` date NOT NULL,
  `user_criador_id` int DEFAULT NULL,
  `user_modificador_id` int DEFAULT NULL,
  PRIMARY KEY (`id`),
  KEY `equipamentos_equipam_inquilino_id_b56e39f3_fk_contas_in` (`inquilino_id`),
  KEY `equipamentos_equipam_user_criador_id_b4b92922_fk_auth_user` (`user_criador_id`),
  KEY `equipamentos_equipam_user_modificador_id_d291bcc9_fk_auth_user` (`user_modificador_id`),
  CONSTRAINT `equipamentos_equipam_inquilino_id_b56e39f3_fk_contas_in` FOREIGN KEY (`inquilino_id`) REFERENCES `contas_inquilino` (`id`),
  CONSTRAINT `equipamentos_equipam_user_criador_id_b4b92922_fk_auth_user` FOREIGN KEY (`user_criador_id`) REFERENCES `auth_user` (`id`),
  CONSTRAINT `equipamentos_equipam_user_modificador_id_d291bcc9_fk_auth_user` FOREIGN KEY (`user_modificador_id`) REFERENCES `auth_user` (`id`)
) ENGINE=InnoDB AUTO_INCREMENT=3 DEFAULT CHARSET=utf8mb3;
/*!40101 SET character_set_client = @saved_cs_client */;

--
-- Dumping data for table `equipamentos_equipamento`
--

LOCK TABLES `equipamentos_equipamento` WRITE;
/*!40000 ALTER TABLE `equipamentos_equipamento` DISABLE KEYS */;
INSERT INTO `equipamentos_equipamento` VALUES (1,'MEDIDOR DE LUZ VISÍVEL - LUXÍMETRO','H12A-L02616','2025-05-14',12,'2026-05-14','certificados/MEDIDOR_DE_LUZ_VISÍVEL_-_LUXÍMETRO.pdf',1,1,'2025-05-14','2025-07-15',NULL,3),(2,'LUXÍMETRO HT620L','H12C-K029622','2024-09-27',12,'2025-09-27','certificados/LUXÍMETRO_HT620L.pdf',1,1,'2025-05-14','2025-07-15',NULL,1);
/*!40000 ALTER TABLE `equipamentos_equipamento` ENABLE KEYS */;
UNLOCK TABLES;

--
-- Table structure for table `financeiro_assinatura`
--

DROP TABLE IF EXISTS `financeiro_assinatura`;
/*!40101 SET @saved_cs_client     = @@character_set_client */;
/*!50503 SET character_set_client = utf8mb4 */;
CREATE TABLE `financeiro_assinatura` (
  `id` bigint NOT NULL AUTO_INCREMENT,
  `data_inicio` date NOT NULL,
  `data_fim` date DEFAULT NULL,
  `status` varchar(30) NOT NULL,
  `id_cobranca` varchar(50) DEFAULT NULL,
  `invoice_url` varchar(500) DEFAULT NULL,
  `data_criacao` datetime(6) NOT NULL,
  `data_modificacao` datetime(6) NOT NULL,
  `inquilino_id` bigint NOT NULL,
  `user_criador_id` int DEFAULT NULL,
  `user_modificador_id` int DEFAULT NULL,
  `plano_id` bigint NOT NULL,
  PRIMARY KEY (`id`),
  KEY `financeiro_assinatur_inquilino_id_4e68dc1d_fk_contas_in` (`inquilino_id`),
  KEY `financeiro_assinatura_user_criador_id_0e4add9a_fk_auth_user_id` (`user_criador_id`),
  KEY `financeiro_assinatur_user_modificador_id_c3798173_fk_auth_user` (`user_modificador_id`),
  KEY `financeiro_assinatura_plano_id_840e9ae0_fk_financeiro_plano_id` (`plano_id`),
  CONSTRAINT `financeiro_assinatur_inquilino_id_4e68dc1d_fk_contas_in` FOREIGN KEY (`inquilino_id`) REFERENCES `contas_inquilino` (`id`),
  CONSTRAINT `financeiro_assinatur_user_modificador_id_c3798173_fk_auth_user` FOREIGN KEY (`user_modificador_id`) REFERENCES `auth_user` (`id`),
  CONSTRAINT `financeiro_assinatura_plano_id_840e9ae0_fk_financeiro_plano_id` FOREIGN KEY (`plano_id`) REFERENCES `financeiro_plano` (`id`),
  CONSTRAINT `financeiro_assinatura_user_criador_id_0e4add9a_fk_auth_user_id` FOREIGN KEY (`user_criador_id`) REFERENCES `auth_user` (`id`)
) ENGINE=InnoDB AUTO_INCREMENT=2 DEFAULT CHARSET=utf8mb4 COLLATE=utf8mb4_0900_ai_ci;
/*!40101 SET character_set_client = @saved_cs_client */;

--
-- Dumping data for table `financeiro_assinatura`
--

LOCK TABLES `financeiro_assinatura` WRITE;
/*!40000 ALTER TABLE `financeiro_assinatura` DISABLE KEYS */;
INSERT INTO `financeiro_assinatura` VALUES (1,'2025-10-09','2035-10-09','ativa',NULL,NULL,'2025-10-09 07:01:19.094513','2025-10-09 07:01:19.094539',1,NULL,NULL,1);
/*!40000 ALTER TABLE `financeiro_assinatura` ENABLE KEYS */;
UNLOCK TABLES;

--
-- Table structure for table `financeiro_beneficio`
--

DROP TABLE IF EXISTS `financeiro_beneficio`;
/*!40101 SET @saved_cs_client     = @@character_set_client */;
/*!50503 SET character_set_client = utf8mb4 */;
CREATE TABLE `financeiro_beneficio` (
  `id` bigint NOT NULL AUTO_INCREMENT,
  `descricao` varchar(150) NOT NULL,
  `produto_id` bigint NOT NULL,
  PRIMARY KEY (`id`),
  KEY `financeiro_beneficio_produto_id_a41d05a7_fk_financeir` (`produto_id`),
  CONSTRAINT `financeiro_beneficio_produto_id_a41d05a7_fk_financeir` FOREIGN KEY (`produto_id`) REFERENCES `financeiro_produto` (`id`)
) ENGINE=InnoDB DEFAULT CHARSET=utf8mb4 COLLATE=utf8mb4_0900_ai_ci;
/*!40101 SET character_set_client = @saved_cs_client */;

--
-- Dumping data for table `financeiro_beneficio`
--

LOCK TABLES `financeiro_beneficio` WRITE;
/*!40000 ALTER TABLE `financeiro_beneficio` DISABLE KEYS */;
/*!40000 ALTER TABLE `financeiro_beneficio` ENABLE KEYS */;
UNLOCK TABLES;

--
-- Table structure for table `financeiro_plano`
--

DROP TABLE IF EXISTS `financeiro_plano`;
/*!40101 SET @saved_cs_client     = @@character_set_client */;
/*!50503 SET character_set_client = utf8mb4 */;
CREATE TABLE `financeiro_plano` (
  `id` bigint NOT NULL AUTO_INCREMENT,
  `nome` varchar(255) NOT NULL,
  `valor` double NOT NULL,
  `imagem` varchar(100) DEFAULT NULL,
  `limite_avaliacoes` int DEFAULT NULL,
  `limite_situacoes_risco` int DEFAULT NULL,
  `limite_downloads_luminancia` int DEFAULT NULL,
  `limite_downloads_aep` int DEFAULT NULL,
  `produto_id` bigint NOT NULL,
  `limite_usuarios` int DEFAULT NULL,
  PRIMARY KEY (`id`),
  KEY `financeiro_plano_produto_id_4d1f2687_fk_financeiro_produto_id` (`produto_id`),
  CONSTRAINT `financeiro_plano_produto_id_4d1f2687_fk_financeiro_produto_id` FOREIGN KEY (`produto_id`) REFERENCES `financeiro_produto` (`id`)
) ENGINE=InnoDB AUTO_INCREMENT=3 DEFAULT CHARSET=utf8mb4 COLLATE=utf8mb4_0900_ai_ci;
/*!40101 SET character_set_client = @saved_cs_client */;

--
-- Dumping data for table `financeiro_plano`
--

LOCK TABLES `financeiro_plano` WRITE;
/*!40000 ALTER TABLE `financeiro_plano` DISABLE KEYS */;
INSERT INTO `financeiro_plano` VALUES (1,'Premium',5000,'',10000,10000,10000,10000,1,10000),(2,'Premium',50000,'',10000,10000,10000,10000,2,10000);
/*!40000 ALTER TABLE `financeiro_plano` ENABLE KEYS */;
UNLOCK TABLES;

--
-- Table structure for table `financeiro_produto`
--

DROP TABLE IF EXISTS `financeiro_produto`;
/*!40101 SET @saved_cs_client     = @@character_set_client */;
/*!50503 SET character_set_client = utf8mb4 */;
CREATE TABLE `financeiro_produto` (
  `id` bigint NOT NULL AUTO_INCREMENT,
  `nome` varchar(100) NOT NULL,
  `descricao` longtext NOT NULL,
  `codigo` varchar(100) NOT NULL,
  `preco_inicial` double NOT NULL,
  `imagem` varchar(100) DEFAULT NULL,
  PRIMARY KEY (`id`),
  UNIQUE KEY `codigo` (`codigo`)
) ENGINE=InnoDB AUTO_INCREMENT=3 DEFAULT CHARSET=utf8mb4 COLLATE=utf8mb4_0900_ai_ci;
/*!40101 SET character_set_client = @saved_cs_client */;

--
-- Dumping data for table `financeiro_produto`
--

LOCK TABLES `financeiro_produto` WRITE;
/*!40000 ALTER TABLE `financeiro_produto` DISABLE KEYS */;
INSERT INTO `financeiro_produto` VALUES (1,'Relatórios De Luminância','Gere Relatórios de Luminância automaticamente com apenas 1 click.','LUMINANCIA',79.9,'produtos/luminancia.jpg'),(2,'Avaliação Ergonômica Preliminar','Gere Avaliações Ergonômicas Preliminares Automaticamente com apenas 1 click.','AEP',79.9,'produtos/aep.jpg');
/*!40000 ALTER TABLE `financeiro_produto` ENABLE KEYS */;
UNLOCK TABLES;

--
-- Table structure for table `financeiro_usomensal`
--

DROP TABLE IF EXISTS `financeiro_usomensal`;
/*!40101 SET @saved_cs_client     = @@character_set_client */;
/*!50503 SET character_set_client = utf8mb4 */;
CREATE TABLE `financeiro_usomensal` (
  `id` bigint NOT NULL AUTO_INCREMENT,
  `mes` date NOT NULL,
  `n_avaliacoes` int NOT NULL,
  `n_situacoes_risco` int NOT NULL,
  `n_downloads_aep` int NOT NULL,
  `n_downloads_rel_luminancia` int NOT NULL,
  `inquilino_id` bigint NOT NULL,
  PRIMARY KEY (`id`),
  UNIQUE KEY `financeiro_usomensal_inquilino_id_mes_4721db01_uniq` (`inquilino_id`,`mes`),
  CONSTRAINT `financeiro_usomensal_inquilino_id_ac3242bb_fk_contas_in` FOREIGN KEY (`inquilino_id`) REFERENCES `contas_inquilino` (`id`)
) ENGINE=InnoDB AUTO_INCREMENT=2 DEFAULT CHARSET=utf8mb4 COLLATE=utf8mb4_0900_ai_ci;
/*!40101 SET character_set_client = @saved_cs_client */;

--
-- Dumping data for table `financeiro_usomensal`
--

LOCK TABLES `financeiro_usomensal` WRITE;
/*!40000 ALTER TABLE `financeiro_usomensal` DISABLE KEYS */;
INSERT INTO `financeiro_usomensal` VALUES (1,'2025-10-01',5,0,0,0,1);
/*!40000 ALTER TABLE `financeiro_usomensal` ENABLE KEYS */;
UNLOCK TABLES;

--
-- Table structure for table `planos_modulo`
--

DROP TABLE IF EXISTS `planos_modulo`;
/*!40101 SET @saved_cs_client     = @@character_set_client */;
/*!50503 SET character_set_client = utf8mb4 */;
CREATE TABLE `planos_modulo` (
  `id` bigint NOT NULL AUTO_INCREMENT,
  `nome` varchar(50) NOT NULL,
  `descricao` longtext,
  PRIMARY KEY (`id`)
) ENGINE=InnoDB DEFAULT CHARSET=utf8mb3;
/*!40101 SET character_set_client = @saved_cs_client */;

--
-- Dumping data for table `planos_modulo`
--

LOCK TABLES `planos_modulo` WRITE;
/*!40000 ALTER TABLE `planos_modulo` DISABLE KEYS */;
/*!40000 ALTER TABLE `planos_modulo` ENABLE KEYS */;
UNLOCK TABLES;

--
-- Table structure for table `planos_plano`
--

DROP TABLE IF EXISTS `planos_plano`;
/*!40101 SET @saved_cs_client     = @@character_set_client */;
/*!50503 SET character_set_client = utf8mb4 */;
CREATE TABLE `planos_plano` (
  `id` bigint NOT NULL AUTO_INCREMENT,
  `nome` varchar(150) NOT NULL,
  `valor` double NOT NULL,
  `limite_downloads` int unsigned NOT NULL,
  PRIMARY KEY (`id`),
  CONSTRAINT `planos_plano_chk_1` CHECK ((`limite_downloads` >= 0))
) ENGINE=InnoDB DEFAULT CHARSET=utf8mb3;
/*!40101 SET character_set_client = @saved_cs_client */;

--
-- Dumping data for table `planos_plano`
--

LOCK TABLES `planos_plano` WRITE;
/*!40000 ALTER TABLE `planos_plano` DISABLE KEYS */;
/*!40000 ALTER TABLE `planos_plano` ENABLE KEYS */;
UNLOCK TABLES;

--
-- Table structure for table `planos_plano_modulo`
--

DROP TABLE IF EXISTS `planos_plano_modulo`;
/*!40101 SET @saved_cs_client     = @@character_set_client */;
/*!50503 SET character_set_client = utf8mb4 */;
CREATE TABLE `planos_plano_modulo` (
  `id` bigint NOT NULL AUTO_INCREMENT,
  `plano_id` bigint NOT NULL,
  `modulo_id` bigint NOT NULL,
  PRIMARY KEY (`id`),
  UNIQUE KEY `planos_plano_modulo_plano_id_modulo_id_8cceada8_uniq` (`plano_id`,`modulo_id`),
  KEY `planos_plano_modulo_modulo_id_6ae1e5a0_fk_planos_modulo_id` (`modulo_id`),
  CONSTRAINT `planos_plano_modulo_modulo_id_6ae1e5a0_fk_planos_modulo_id` FOREIGN KEY (`modulo_id`) REFERENCES `planos_modulo` (`id`),
  CONSTRAINT `planos_plano_modulo_plano_id_43e8f052_fk_planos_plano_id` FOREIGN KEY (`plano_id`) REFERENCES `planos_plano` (`id`)
) ENGINE=InnoDB DEFAULT CHARSET=utf8mb3;
/*!40101 SET character_set_client = @saved_cs_client */;

--
-- Dumping data for table `planos_plano_modulo`
--

LOCK TABLES `planos_plano_modulo` WRITE;
/*!40000 ALTER TABLE `planos_plano_modulo` DISABLE KEYS */;
/*!40000 ALTER TABLE `planos_plano_modulo` ENABLE KEYS */;
UNLOCK TABLES;

--
-- Table structure for table `produtos_produto`
--

DROP TABLE IF EXISTS `produtos_produto`;
/*!40101 SET @saved_cs_client     = @@character_set_client */;
/*!50503 SET character_set_client = utf8mb4 */;
CREATE TABLE `produtos_produto` (
  `id` bigint NOT NULL AUTO_INCREMENT,
  `nome` varchar(100) NOT NULL,
  `descricao` longtext NOT NULL,
  `imagem` varchar(100) DEFAULT NULL,
  `codigo` int DEFAULT NULL,
  PRIMARY KEY (`id`)
) ENGINE=InnoDB AUTO_INCREMENT=4 DEFAULT CHARSET=utf8mb4 COLLATE=utf8mb4_0900_ai_ci;
/*!40101 SET character_set_client = @saved_cs_client */;

--
-- Dumping data for table `produtos_produto`
--

LOCK TABLES `produtos_produto` WRITE;
/*!40000 ALTER TABLE `produtos_produto` DISABLE KEYS */;
INSERT INTO `produtos_produto` VALUES (1,'Gestão de Ordens de Serviço','ERP especializado para empresas de SST que centraliza e otimiza a gestão completa dos seus serviços.','produtos/add_task_100dp_1A4372_FILL0_wght400_GRAD0_opsz48.png',100),(2,'Avaliação Ergonômica Preliminar (AEP)','Gere suas Avaliações Ergonômicas Preliminares (AEPs) de forma automática.','produtos/self_improvement_100dp_1A4372_FILL0_wght400_GRAD0_opsz48.png',200),(3,'Relatórios de Luminância (NHO-11)','Gere seus Relatórios de Luminância em conformidade com a NHO-11 de forma automática.','produtos/wb_incandescent_100dp_1A4372_FILL0_wght400_GRAD0_opsz48.png',300);
/*!40000 ALTER TABLE `produtos_produto` ENABLE KEYS */;
UNLOCK TABLES;
/*!40103 SET TIME_ZONE=@OLD_TIME_ZONE */;

/*!40101 SET SQL_MODE=@OLD_SQL_MODE */;
/*!40014 SET FOREIGN_KEY_CHECKS=@OLD_FOREIGN_KEY_CHECKS */;
/*!40014 SET UNIQUE_CHECKS=@OLD_UNIQUE_CHECKS */;
/*!40101 SET CHARACTER_SET_CLIENT=@OLD_CHARACTER_SET_CLIENT */;
/*!40101 SET CHARACTER_SET_RESULTS=@OLD_CHARACTER_SET_RESULTS */;
/*!40101 SET COLLATION_CONNECTION=@OLD_COLLATION_CONNECTION */;
/*!40111 SET SQL_NOTES=@OLD_SQL_NOTES */;

-- Dump completed on 2025-10-13 16:28:56
